0	0	75
0	1	7
0	1	10
0	1	15
0	1	27
0	1	33
0	1	34
0	1	43
0	1	75
0	1	45
0	1	59
0	1	60
0	2	31
0	2	53
0	2	56
0	3	15
0	3	17
0	3	28
0	3	31
0	4	6
0	4	7
0	4	15
0	4	17
0	4	38
0	4	75
0	4	53
0	5	9
0	5	45
0	6	81
0	6	45
0	7	1
0	7	6
0	7	17
0	7	19
0	7	33
0	7	34
0	7	38
0	7	46
0	7	59
0	8	54
0	9	1
0	9	2
0	9	6
0	9	7
0	9	8
0	9	10
0	9	15
0	9	17
0	9	65
0	9	33
0	9	34
0	9	75
0	9	45
0	9	46
0	9	51
0	9	54
0	9	59
0	10	15
0	10	21
0	10	25
0	10	33
0	10	75
0	10	49
0	10	51
0	11	17
0	11	31
0	11	33
0	12	33
0	13	15
0	14	53
0	15	2
0	15	17
0	15	65
0	15	19
0	15	170
0	15	38
0	15	43
0	15	75
0	15	48
0	15	143
0	16	44
0	16	75
0	17	7
0	17	15
0	17	31
0	17	33
0	18	54
0	19	15
0	19	37
0	19	59
0	20	52
0	21	1
0	21	8
0	21	10
0	21	15
0	21	65
0	21	29
0	21	34
0	21	43
0	21	44
0	21	75
0	21	48
0	21	54
0	21	59
0	22	15
0	23	10
0	24	65
0	25	10
0	26	7
0	27	0
0	27	1
0	27	6
0	27	7
0	27	10
0	27	15
0	27	17
0	27	33
0	27	34
0	27	75
0	27	46
0	27	52
0	27	59
0	28	0
0	28	75
0	29	10
0	29	15
0	29	16
0	29	19
0	29	21
0	29	31
0	30	6
0	30	10
0	30	75
0	31	7
0	31	15
0	31	75
0	31	76
0	31	52
0	32	0
0	33	9
0	33	21
0	33	50
0	33	52
0	34	10
0	34	25
0	34	27
0	34	33
0	34	110
0	35	15
0	36	53
0	37	3
0	37	8
0	37	15
0	37	17
0	38	7
0	38	59
0	39	4
0	40	10
0	40	33
0	41	10
0	41	33
0	41	34
0	41	53
0	42	15
0	42	33
0	43	15
0	43	21
0	43	27
0	43	56
0	44	65
0	45	3
0	45	6
0	45	7
0	45	10
0	45	15
0	45	25
0	45	33
0	45	38
0	45	59
0	46	10
0	46	33
0	46	34
0	47	1
0	47	15
0	47	65
0	47	33
0	47	34
0	48	15
0	48	65
0	48	53
0	49	10
0	50	1
0	50	2
0	50	6
0	50	7
0	50	15
0	50	17
0	50	65
0	50	19
0	50	33
0	50	56
0	51	10
0	51	65
0	51	33
0	52	28
0	52	42
0	52	55
0	53	14
0	54	7
0	54	15
0	54	65
0	54	21
0	55	10
0	56	4
0	56	15
0	56	33
0	56	34
0	56	76
0	56	51
0	57	15
0	58	21
0	59	81
0	59	1
0	59	7
0	59	10
0	59	12
0	59	166
0	59	15
0	59	17
0	59	21
0	59	114
0	59	26
0	59	27
0	59	28
0	59	29
0	59	33
0	59	34
0	59	96
0	59	50
0	59	52
0	59	67
0	60	0
0	60	8
0	60	10
0	60	15
0	60	25
0	60	33
0	60	75
0	60	61
0	60	69
0	61	60
1	62	3
1	0	75
1	63	17
1	1	81
1	1	3
1	1	7
1	1	10
1	1	15
1	1	33
1	1	34
1	1	96
1	1	75
1	1	56
1	2	15
1	2	31
1	2	38
1	3	8
1	3	10
1	3	21
1	3	104
1	3	56
1	4	3
1	4	7
1	4	15
1	4	17
1	4	65
1	4	38
1	4	75
1	4	76
1	4	53
1	5	9
1	5	45
1	6	10
1	7	3
1	7	6
1	7	10
1	7	17
1	7	65
1	7	28
1	7	33
1	7	34
1	7	46
1	7	54
1	7	59
1	9	0
1	9	4
1	9	6
1	9	7
1	9	8
1	9	10
1	9	15
1	9	17
1	9	18
1	9	65
1	9	33
1	9	34
1	9	75
1	9	45
1	9	46
1	9	48
1	9	76
1	9	53
1	9	54
1	9	59
1	9	60
1	10	21
1	10	25
1	10	33
1	10	75
1	11	3
1	11	15
1	11	60
1	12	33
1	13	15
1	14	15
1	15	3
1	15	9
1	15	82
1	15	17
1	15	65
1	15	21
1	15	27
1	15	37
1	15	38
1	15	156
1	15	43
1	15	77
1	15	54
1	16	44
1	64	116
1	64	56
1	17	29
1	17	33
1	17	38
1	17	51
1	18	127
1	65	43
1	19	3
1	19	15
1	19	21
1	19	182
1	19	31
1	19	50
1	21	1
1	21	7
1	21	8
1	21	27
1	21	28
1	21	29
1	21	104
1	21	37
1	21	74
1	21	44
1	21	77
1	21	59
1	25	10
1	25	21
1	66	53
1	27	0
1	27	1
1	27	6
1	27	7
1	27	10
1	27	15
1	27	17
1	27	65
1	27	25
1	27	28
1	27	33
1	27	34
1	27	75
1	27	46
1	27	52
1	28	0
1	28	25
1	28	75
1	29	15
1	29	16
1	29	65
1	29	19
1	29	21
1	29	31
1	29	50
1	29	54
1	30	10
1	30	75
1	31	15
1	31	17
1	31	24
1	31	43
1	31	50
1	33	9
1	33	10
1	33	21
1	33	32
1	33	75
1	33	59
1	34	7
1	37	3
1	37	15
1	37	17
1	37	19
1	37	48
1	37	53
1	38	59
1	39	4
1	39	105
1	40	10
1	40	33
1	41	10
1	41	33
1	41	53
1	42	33
1	43	3
1	43	21
1	43	25
1	43	27
1	43	77
1	44	8
1	44	65
1	45	6
1	45	7
1	45	9
1	45	65
1	45	33
1	45	38
1	45	59
1	46	10
1	46	33
1	47	15
1	47	33
1	47	34
1	47	54
1	48	65
1	49	10
1	50	6
1	50	7
1	50	10
1	50	15
1	50	17
1	50	65
1	50	19
1	50	33
1	50	56
1	51	10
1	51	65
1	51	33
1	51	53
1	51	60
1	52	10
1	52	42
1	53	14
1	54	15
1	54	65
1	54	51
1	55	31
1	56	4
1	56	65
1	56	33
1	56	34
1	56	75
1	56	49
1	56	76
1	56	51
1	56	53
1	59	1
1	59	3
1	59	7
1	59	9
1	59	10
1	59	12
1	59	15
1	59	139
1	59	17
1	59	21
1	59	29
1	59	104
1	59	33
1	59	34
1	59	38
1	59	43
1	59	45
1	59	46
1	59	52
1	59	54
1	59	55
1	59	67
1	59	60
1	67	114
1	68	10
1	60	15
1	60	33
1	60	59
1	60	61
1	61	60
1	69	60
2	0	75
2	63	22
2	63	51
2	1	0
2	1	3
2	1	10
2	1	15
2	1	21
2	1	28
2	1	33
2	1	34
2	1	75
2	1	46
2	1	76
2	1	56
2	1	60
2	2	15
2	2	31
2	3	102
2	3	11
2	3	19
2	3	31
2	3	34
2	3	75
2	3	56
2	4	7
2	4	21
2	4	38
2	4	75
2	4	76
2	4	105
2	5	9
2	5	45
2	6	10
2	7	3
2	7	10
2	7	18
2	7	28
2	7	33
2	7	34
2	7	38
2	7	45
2	7	46
2	7	59
2	8	105
2	9	0
2	9	4
2	9	6
2	9	7
2	9	8
2	9	10
2	9	15
2	9	154
2	9	17
2	9	18
2	9	65
2	9	33
2	9	72
2	9	34
2	9	38
2	9	75
2	9	45
2	9	46
2	9	48
2	9	76
2	9	105
2	9	98
2	9	54
2	9	59
2	9	60
2	10	25
2	11	81
2	11	3
2	11	9
2	11	15
2	11	31
2	11	60
2	12	33
2	13	15
2	70	105
2	14	3
2	14	15
2	14	53
2	15	3
2	15	8
2	15	16
2	15	17
2	15	21
2	15	38
2	15	43
2	15	75
2	15	46
2	15	54
2	17	3
2	17	7
2	17	10
2	17	15
2	17	27
2	17	33
2	17	50
2	17	51
2	18	127
2	65	43
2	19	3
2	19	7
2	19	15
2	19	31
2	19	50
2	19	59
2	21	7
2	21	8
2	21	102
2	21	29
2	21	104
2	21	33
2	21	34
2	21	43
2	21	44
2	21	77
2	21	55
2	22	4
2	22	76
2	71	44
2	24	45
2	25	21
2	27	6
2	27	7
2	27	15
2	27	17
2	27	65
2	27	19
2	27	28
2	27	33
2	27	34
2	27	43
2	27	46
2	27	105
2	28	75
2	29	15
2	29	16
2	29	65
2	29	19
2	29	21
2	29	31
2	29	54
2	29	60
2	30	75
2	30	54
2	31	81
2	31	17
2	31	24
2	33	10
2	33	21
2	33	75
2	33	55
2	72	10
2	72	51
2	34	10
2	34	21
2	34	27
2	34	75
2	73	3
2	37	3
2	37	17
2	37	48
2	37	53
2	38	10
2	38	34
2	38	45
2	38	59
2	39	105
2	74	21
2	40	10
2	40	33
2	41	8
2	41	10
2	41	33
2	41	72
2	41	51
2	41	53
2	41	59
2	42	27
2	42	33
2	43	21
2	43	27
2	43	54
2	44	65
2	75	0
2	45	6
2	45	7
2	45	9
2	45	15
2	45	65
2	45	28
2	45	31
2	45	33
2	45	59
2	46	10
2	46	33
2	47	15
2	47	65
2	47	33
2	47	34
2	47	46
2	48	59
2	49	10
2	50	1
2	50	6
2	50	7
2	50	10
2	50	15
2	50	17
2	50	65
2	50	19
2	50	76
2	50	56
2	76	4
2	51	10
2	51	33
2	51	53
2	77	54
2	52	42
2	78	31
2	54	15
2	54	65
2	54	31
2	79	15
2	56	4
2	56	8
2	56	10
2	56	15
2	56	21
2	56	84
2	56	33
2	56	34
2	56	75
2	56	105
2	59	1
2	59	3
2	59	6
2	59	7
2	59	9
2	59	10
2	59	12
2	59	15
2	59	17
2	59	21
2	59	117
2	59	25
2	59	29
2	59	104
2	59	31
2	59	33
2	59	34
2	59	38
2	59	97
2	59	45
2	59	77
2	59	55
2	59	142
2	59	67
2	59	60
2	68	10
2	60	15
2	60	33
3	80	31
3	0	75
3	0	61
3	81	1
3	81	15
3	81	65
3	81	33
3	63	22
3	63	30
3	1	0
3	1	7
3	1	10
3	1	15
3	1	19
3	1	28
3	1	33
3	1	34
3	1	96
3	1	75
3	1	46
3	1	76
3	1	56
3	1	59
3	2	15
3	2	38
3	2	75
3	3	14
3	3	15
3	3	19
3	3	48
3	3	56
3	3	59
3	4	7
3	4	17
3	4	21
3	4	75
3	4	76
3	4	105
3	4	98
3	5	9
3	5	45
3	6	10
3	7	3
3	7	10
3	7	21
3	7	33
3	7	34
3	7	38
3	7	45
3	7	46
3	7	50
3	7	59
3	8	7
3	8	15
3	9	0
3	9	1
3	9	4
3	9	6
3	9	7
3	9	8
3	9	10
3	9	15
3	9	17
3	9	65
3	9	30
3	9	33
3	9	34
3	9	38
3	9	125
3	9	75
3	9	45
3	9	46
3	9	48
3	9	76
3	9	51
3	9	105
3	9	54
3	9	56
3	9	59
3	9	60
3	10	15
3	11	3
3	11	31
3	11	60
3	12	33
3	13	15
3	14	15
3	15	3
3	15	7
3	15	8
3	15	17
3	15	19
3	15	20
3	15	21
3	15	170
3	15	33
3	15	38
3	15	121
3	15	43
3	15	54
3	16	15
3	82	17
3	83	75
3	17	6
3	17	7
3	17	10
3	17	15
3	17	28
3	17	31
3	17	33
3	17	50
3	17	51
3	17	56
3	18	127
3	65	29
3	65	43
3	19	3
3	19	162
3	19	15
3	19	17
3	19	31
3	19	37
3	19	50
3	21	29
3	21	43
3	21	75
3	21	48
3	21	55
3	21	56
3	21	59
3	21	67
3	21	60
3	22	4
3	25	10
3	84	31
3	66	15
3	66	53
3	27	4
3	27	6
3	27	7
3	27	10
3	27	15
3	27	17
3	27	65
3	27	28
3	27	33
3	27	34
3	27	43
3	27	46
3	27	105
3	28	75
3	29	3
3	29	15
3	29	16
3	29	65
3	29	19
3	29	21
3	29	31
3	29	75
3	29	105
3	29	54
3	30	75
3	30	54
3	31	6
3	31	10
3	31	24
3	31	84
3	31	67
3	33	75
3	72	10
3	72	51
3	34	10
3	34	25
3	37	15
3	37	17
3	37	48
3	37	53
3	38	3
3	38	7
3	38	10
3	38	45
3	38	51
3	38	59
3	39	4
3	39	105
3	40	10
3	40	28
3	40	33
3	40	75
3	41	10
3	41	33
3	41	137
3	41	49
3	41	51
3	41	53
3	41	127
3	42	10
3	42	25
3	42	33
3	43	3
3	43	15
3	43	19
3	43	21
3	43	48
3	43	56
3	44	65
3	75	25
3	75	52
3	45	4
3	45	6
3	45	7
3	45	10
3	45	65
3	45	28
3	45	33
3	45	75
3	45	76
3	45	105
3	46	7
3	46	8
3	46	10
3	46	25
3	46	33
3	46	34
3	46	59
3	47	15
3	47	65
3	47	33
3	47	34
3	47	46
3	48	15
3	48	51
3	48	53
3	49	10
3	50	1
3	50	6
3	50	7
3	50	10
3	50	15
3	50	17
3	50	65
3	50	48
3	76	4
3	76	7
3	51	10
3	51	33
3	51	75
3	51	53
3	51	127
3	52	10
3	52	27
3	52	28
3	52	33
3	52	42
3	53	8
3	53	10
3	53	15
3	54	15
3	54	65
3	54	31
3	55	75
3	55	52
3	56	4
3	56	8
3	56	10
3	56	15
3	56	65
3	56	33
3	56	34
3	56	74
3	56	75
3	56	50
3	56	76
3	56	51
3	56	105
3	58	15
3	58	75
3	58	53
3	59	0
3	59	1
3	59	3
3	59	109
3	59	6
3	59	7
3	59	10
3	59	166
3	59	15
3	59	17
3	59	19
3	59	21
3	59	114
3	59	25
3	59	28
3	59	29
3	59	104
3	59	31
3	59	33
3	59	34
3	59	38
3	59	45
3	59	46
3	59	52
3	59	54
3	59	56
3	59	67
3	68	10
3	60	4
3	60	7
3	60	33
3	60	105
3	60	61
3	61	0
3	61	7
3	61	15
3	61	90
3	61	60
4	80	31
4	0	75
4	81	6
4	81	7
4	81	10
4	81	15
4	81	17
4	81	65
4	81	28
4	81	33
4	81	34
4	81	59
4	81	60
4	63	7
4	63	105
4	1	0
4	1	9
4	1	10
4	1	15
4	1	17
4	1	19
4	1	21
4	1	25
4	1	28
4	1	33
4	1	34
4	1	75
4	1	46
4	1	56
4	2	21
4	3	7
4	3	9
4	3	14
4	3	19
4	3	51
4	3	77
4	3	67
4	3	60
4	4	0
4	4	7
4	4	10
4	4	65
4	4	21
4	4	75
4	4	45
4	4	76
4	4	105
4	4	56
4	5	9
4	5	45
4	6	9
4	6	10
4	7	10
4	7	21
4	7	28
4	7	33
4	7	34
4	7	38
4	7	46
4	7	59
4	8	7
4	8	77
4	8	105
4	8	56
4	8	59
4	9	0
4	9	1
4	9	4
4	9	6
4	9	7
4	9	10
4	9	15
4	9	17
4	9	65
4	9	28
4	9	30
4	9	33
4	9	34
4	9	38
4	9	75
4	9	45
4	9	46
4	9	48
4	9	105
4	9	54
4	9	56
4	9	59
4	9	60
4	10	75
4	10	51
4	85	7
4	11	3
4	11	31
4	11	60
4	86	31
4	86	60
4	12	33
4	13	15
4	14	53
4	15	3
4	15	7
4	15	9
4	15	65
4	15	19
4	15	21
4	15	170
4	15	31
4	15	38
4	15	43
4	15	105
4	15	54
4	83	75
4	17	129
4	17	4
4	17	6
4	17	7
4	17	10
4	17	15
4	17	65
4	17	21
4	17	28
4	17	31
4	17	33
4	17	34
4	17	38
4	17	45
4	17	50
4	17	76
4	18	65
4	18	127
4	65	7
4	65	15
4	65	29
4	65	51
4	19	3
4	19	15
4	19	17
4	19	31
4	19	59
4	21	7
4	21	16
4	21	19
4	21	25
4	21	29
4	21	104
4	21	37
4	21	40
4	21	43
4	21	44
4	21	75
4	21	54
4	21	59
4	21	61
4	22	4
4	22	56
4	71	6
4	23	28
4	24	21
4	24	105
4	25	10
4	27	3
4	27	4
4	27	6
4	27	7
4	27	8
4	27	10
4	27	15
4	27	17
4	27	65
4	27	28
4	27	33
4	27	34
4	27	38
4	27	46
4	27	76
4	27	105
4	27	59
4	28	75
4	28	59
4	29	21
4	29	51
4	29	105
4	30	10
4	30	75
4	30	54
4	31	6
4	31	10
4	31	82
4	31	19
4	31	24
4	33	42
4	33	75
4	72	10
4	72	21
4	34	10
4	34	25
4	37	15
4	37	17
4	37	48
4	37	53
4	38	3
4	38	7
4	38	10
4	38	17
4	38	19
4	38	33
4	38	45
4	38	48
4	38	59
4	39	4
4	39	105
4	40	10
4	41	8
4	41	10
4	41	33
4	41	72
4	41	34
4	41	51
4	41	53
4	41	59
4	41	127
4	42	10
4	42	28
4	42	33
4	42	34
4	43	3
4	43	19
4	43	21
4	43	29
4	43	56
4	44	65
4	44	21
4	44	77
4	75	105
4	45	4
4	45	6
4	45	7
4	45	10
4	45	65
4	45	28
4	45	104
4	45	33
4	45	34
4	45	38
4	45	75
4	45	105
4	45	59
4	46	10
4	46	33
4	46	34
4	46	59
4	47	4
4	47	10
4	47	15
4	47	65
4	47	33
4	47	34
4	47	46
4	47	59
4	48	7
4	48	10
4	48	33
4	48	53
4	49	10
4	50	1
4	50	6
4	50	7
4	50	15
4	50	17
4	50	65
4	50	53
4	50	56
4	76	4
4	76	105
4	76	53
4	51	8
4	51	10
4	51	65
4	51	33
4	51	34
4	51	35
4	51	97
4	51	53
4	51	56
4	52	27
4	52	28
4	52	42
4	53	10
4	53	15
4	54	10
4	54	15
4	54	65
4	55	10
4	56	4
4	56	10
4	56	15
4	56	65
4	56	19
4	56	71
4	56	28
4	56	33
4	56	34
4	56	75
4	56	76
4	56	105
4	57	2
4	59	1
4	59	3
4	59	109
4	59	6
4	59	174
4	59	7
4	59	8
4	59	9
4	59	10
4	59	12
4	59	15
4	59	65
4	59	21
4	59	25
4	59	28
4	59	29
4	59	170
4	59	31
4	59	33
4	59	34
4	59	38
4	59	121
4	59	43
4	59	97
4	59	45
4	59	46
4	59	77
4	59	52
4	59	54
4	59	55
4	59	142
4	59	67
4	67	9
4	67	183
4	68	10
4	60	10
4	60	21
4	60	33
4	60	105
4	60	61
4	61	19
4	61	21
4	61	77
4	61	60
4	61	69
5	0	75
5	81	1
5	81	6
5	81	7
5	81	15
5	81	17
5	81	65
5	81	28
5	81	33
5	81	34
5	81	60
5	63	8
5	63	30
5	1	3
5	1	7
5	1	9
5	1	10
5	1	15
5	1	17
5	1	65
5	1	19
5	1	28
5	1	33
5	1	34
5	1	43
5	1	75
5	1	45
5	1	46
5	1	56
5	1	68
5	2	21
5	2	59
5	3	7
5	3	8
5	3	14
5	3	15
5	3	83
5	3	24
5	3	73
5	3	43
5	4	0
5	4	7
5	4	10
5	4	17
5	4	21
5	4	28
5	4	33
5	4	75
5	4	45
5	4	76
5	4	105
5	4	56
5	4	60
5	5	45
5	6	7
5	6	28
5	6	60
5	7	1
5	7	3
5	7	10
5	7	21
5	7	33
5	7	34
5	7	133
5	7	46
5	7	59
5	8	7
5	8	105
5	9	0
5	9	4
5	9	6
5	9	7
5	9	10
5	9	15
5	9	17
5	9	65
5	9	21
5	9	25
5	9	28
5	9	30
5	9	33
5	9	34
5	9	38
5	9	75
5	9	45
5	9	46
5	9	76
5	9	54
5	9	56
5	9	59
5	9	60
5	10	28
5	10	75
5	10	51
5	11	3
5	11	60
5	11	61
5	86	31
5	12	33
5	13	15
5	14	3
5	14	43
5	15	2
5	15	3
5	15	6
5	15	7
5	15	8
5	15	12
5	15	21
5	15	170
5	15	31
5	15	38
5	15	43
5	15	44
5	15	50
5	15	51
5	15	54
5	64	45
5	83	75
5	17	4
5	17	6
5	17	7
5	17	10
5	17	15
5	17	28
5	17	32
5	17	33
5	17	34
5	17	38
5	17	42
5	17	50
5	17	76
5	17	77
5	18	65
5	65	15
5	19	3
5	19	15
5	19	16
5	19	17
5	19	21
5	19	31
5	19	44
5	19	50
5	19	56
5	21	81
5	21	16
5	21	19
5	21	24
5	21	28
5	21	29
5	21	43
5	21	59
5	21	60
5	22	4
5	22	8
5	22	76
5	23	28
5	23	75
5	24	105
5	25	10
5	84	2
5	66	16
5	27	4
5	27	6
5	27	7
5	27	10
5	27	15
5	27	17
5	27	65
5	27	28
5	27	33
5	27	34
5	27	38
5	27	46
5	27	76
5	27	105
5	27	54
5	27	59
5	28	7
5	28	33
5	28	75
5	29	19
5	29	21
5	29	75
5	29	105
5	30	6
5	30	10
5	30	75
5	31	6
5	31	10
5	31	15
5	31	19
5	31	24
5	31	43
5	32	4
5	32	17
5	33	75
5	72	51
5	87	15
5	37	4
5	37	15
5	37	17
5	38	8
5	38	17
5	38	19
5	38	33
5	38	45
5	38	59
5	39	4
5	39	24
5	39	105
5	41	10
5	41	34
5	41	51
5	42	10
5	42	33
5	43	21
5	43	50
5	44	21
5	88	75
5	45	6
5	45	7
5	45	9
5	45	10
5	45	15
5	45	65
5	45	28
5	45	33
5	45	34
5	46	10
5	46	33
5	46	34
5	47	15
5	47	33
5	47	34
5	47	46
5	48	14
5	48	15
5	49	10
5	50	6
5	50	7
5	50	15
5	50	17
5	50	65
5	50	19
5	50	56
5	89	75
5	76	4
5	76	10
5	76	15
5	76	33
5	76	105
5	51	4
5	51	8
5	51	10
5	51	65
5	51	33
5	51	75
5	51	105
5	77	184
5	77	185
5	52	27
5	52	28
5	52	42
5	52	96
5	53	15
5	53	19
5	53	66
5	53	48
5	53	76
5	53	52
5	54	17
5	54	65
5	54	42
5	54	76
5	56	0
5	56	4
5	56	8
5	56	10
5	56	15
5	56	17
5	56	65
5	56	22
5	56	28
5	56	33
5	56	34
5	56	75
5	56	76
5	56	105
5	90	10
5	58	75
5	59	1
5	59	3
5	59	109
5	59	164
5	59	6
5	59	7
5	59	8
5	59	9
5	59	10
5	59	12
5	59	15
5	59	16
5	59	19
5	59	21
5	59	25
5	59	183
5	59	27
5	59	29
5	59	33
5	59	34
5	59	110
5	59	38
5	59	43
5	59	45
5	59	67
5	59	60
5	68	10
5	60	81
5	60	1
5	60	10
5	60	15
5	60	17
5	60	25
5	60	28
5	60	31
5	60	33
5	60	43
5	60	46
5	60	90
5	60	61
5	60	69
5	61	7
5	61	10
5	61	21
5	61	60
5	69	15
6	0	75
6	0	46
6	81	1
6	81	6
6	81	7
6	81	15
6	81	64
6	81	17
6	81	65
6	81	21
6	81	28
6	81	33
6	81	34
6	81	54
6	81	99
6	63	4
6	63	8
6	63	24
6	63	43
6	91	7
6	1	0
6	1	7
6	1	10
6	1	15
6	1	19
6	1	28
6	1	33
6	1	34
6	1	43
6	1	75
6	1	46
6	1	56
6	1	59
6	3	7
6	3	10
6	3	19
6	3	21
6	3	24
6	3	43
6	3	48
6	3	59
6	4	1
6	4	3
6	4	7
6	4	10
6	4	15
6	4	65
6	4	21
6	4	45
6	4	76
6	4	105
6	4	56
6	4	59
6	4	99
6	5	45
6	6	7
6	6	9
6	92	99
6	7	1
6	7	10
6	7	15
6	7	28
6	7	31
6	7	33
6	7	34
6	7	75
6	7	45
6	7	46
6	7	50
6	7	59
6	8	7
6	8	15
6	8	31
6	9	0
6	9	1
6	9	4
6	9	6
6	9	7
6	9	10
6	9	15
6	9	17
6	9	65
6	9	28
6	9	30
6	9	33
6	9	34
6	9	95
6	9	75
6	9	45
6	9	46
6	9	173
6	9	76
6	9	105
6	9	186
6	9	54
6	9	56
6	9	59
6	9	99
6	10	8
6	10	70
6	10	24
6	10	25
6	10	84
6	10	28
6	10	33
6	10	144
6	10	34
6	10	187
6	10	74
6	10	42
6	10	44
6	10	97
6	10	48
6	10	98
6	10	56
6	10	59
6	11	3
6	11	61
6	86	15
6	12	33
6	13	15
6	14	43
6	15	2
6	15	3
6	15	6
6	15	7
6	15	17
6	15	19
6	15	21
6	15	27
6	15	31
6	15	38
6	15	43
6	15	48
6	15	54
6	15	56
6	15	67
6	16	22
6	82	38
6	83	132
6	17	81
6	17	4
6	17	7
6	17	14
6	17	32
6	17	33
6	17	38
6	17	51
6	17	56
6	17	67
6	65	29
6	19	3
6	19	8
6	19	16
6	19	17
6	19	21
6	19	31
6	19	33
6	19	133
6	19	43
6	19	50
6	19	56
6	21	80
6	21	1
6	21	4
6	21	160
6	21	85
6	21	14
6	21	16
6	21	19
6	21	21
6	21	24
6	21	29
6	21	43
6	21	52
6	21	56
6	21	59
6	22	6
6	22	8
6	22	15
6	22	30
6	22	75
6	22	76
6	22	56
6	24	105
6	25	10
6	25	34
6	27	1
6	27	4
6	27	6
6	27	7
6	27	8
6	27	10
6	27	15
6	27	17
6	27	65
6	27	28
6	27	33
6	27	34
6	27	46
6	27	52
6	27	54
6	28	3
6	28	10
6	28	17
6	28	34
6	28	110
6	28	75
6	28	50
6	29	3
6	29	21
6	30	0
6	30	108
6	30	6
6	30	10
6	30	28
6	30	75
6	31	6
6	31	7
6	31	15
6	31	24
6	31	43
6	32	28
6	33	81
6	33	10
6	33	27
6	33	75
6	33	46
6	33	52
6	33	54
6	72	10
6	72	30
6	72	51
6	72	127
6	93	21
6	34	9
6	34	10
6	34	25
6	37	4
6	37	17
6	37	24
6	38	4
6	38	7
6	38	9
6	38	10
6	38	17
6	38	19
6	38	33
6	38	45
6	38	56
6	38	59
6	39	4
6	39	76
6	39	105
6	94	102
6	74	15
6	40	10
6	41	1
6	41	10
6	41	15
6	41	34
6	41	96
6	41	51
6	42	10
6	42	28
6	42	34
6	95	99
6	43	3
6	43	160
6	43	14
6	43	21
6	43	121
6	44	65
6	96	122
6	75	0
6	97	67
6	45	0
6	45	81
6	45	5
6	45	6
6	45	9
6	45	10
6	45	28
6	45	31
6	45	33
6	45	38
6	45	75
6	45	46
6	45	99
6	46	10
6	46	15
6	46	33
6	46	34
6	46	59
6	47	4
6	47	15
6	47	33
6	47	34
6	47	46
6	47	54
6	48	10
6	48	14
6	49	10
6	50	2
6	50	6
6	50	7
6	50	15
6	50	17
6	50	65
6	76	4
6	76	10
6	76	15
6	76	65
6	76	105
6	51	4
6	51	10
6	51	33
6	51	134
6	51	76
6	51	105
6	51	56
6	77	7
6	52	10
6	52	27
6	52	28
6	52	42
6	52	59
6	53	10
6	53	15
6	98	31
6	54	7
6	54	65
6	54	31
6	54	76
6	54	56
6	54	99
6	56	4
6	56	7
6	56	10
6	56	15
6	56	17
6	56	65
6	56	33
6	56	95
6	56	75
6	56	76
6	56	105
6	90	34
6	58	4
6	58	10
6	58	75
6	58	59
6	59	81
6	59	1
6	59	109
6	59	164
6	59	6
6	59	7
6	59	8
6	59	9
6	59	10
6	59	12
6	59	70
6	59	15
6	59	16
6	59	17
6	59	65
6	59	19
6	59	21
6	59	25
6	59	26
6	59	183
6	59	27
6	59	28
6	59	104
6	59	31
6	59	33
6	59	34
6	59	36
6	59	188
6	59	38
6	59	43
6	59	44
6	59	96
6	59	97
6	59	45
6	59	46
6	59	50
6	59	52
6	59	142
6	59	189
6	59	67
6	59	99
6	68	10
6	68	46
6	99	81
6	99	1
6	99	2
6	99	101
6	99	10
6	99	15
6	99	21
6	99	25
6	99	28
6	99	31
6	99	33
6	99	95
6	99	51
6	99	111
6	99	69
6	61	1
6	61	10
6	61	15
6	61	65
6	61	21
6	61	99
6	69	15
7	80	31
7	100	190
7	0	75
7	81	6
7	81	7
7	81	8
7	81	9
7	81	15
7	81	17
7	81	65
7	81	28
7	81	33
7	81	34
7	81	54
7	63	8
7	63	24
7	63	30
7	63	43
7	63	75
7	63	51
7	63	105
7	1	0
7	1	7
7	1	10
7	1	15
7	1	65
7	1	19
7	1	27
7	1	28
7	1	33
7	1	34
7	1	75
7	1	46
7	1	47
7	1	54
7	1	56
7	1	59
7	3	2
7	3	19
7	3	24
7	3	133
7	3	43
7	3	75
7	3	99
7	4	7
7	4	10
7	4	15
7	4	21
7	4	28
7	4	45
7	4	105
7	4	54
7	4	56
7	4	99
7	5	45
7	6	9
7	6	50
7	101	99
7	7	1
7	7	9
7	7	10
7	7	15
7	7	21
7	7	28
7	7	33
7	7	34
7	7	38
7	7	45
7	7	46
7	7	59
7	8	15
7	8	34
7	8	95
7	8	50
7	8	54
7	8	122
7	9	0
7	9	1
7	9	2
7	9	4
7	9	6
7	9	7
7	9	10
7	9	15
7	9	16
7	9	17
7	9	65
7	9	21
7	9	28
7	9	30
7	9	33
7	9	34
7	9	38
7	9	95
7	9	75
7	9	45
7	9	46
7	9	48
7	9	76
7	9	105
7	9	54
7	9	59
7	9	67
7	9	99
7	10	1
7	10	70
7	10	21
7	10	24
7	10	25
7	10	27
7	10	28
7	10	30
7	10	31
7	10	34
7	10	187
7	10	37
7	10	42
7	10	97
7	10	59
7	102	162
7	11	3
7	11	31
7	11	99
7	12	15
7	12	28
7	12	33
7	13	15
7	103	75
7	14	43
7	15	3
7	15	6
7	15	7
7	15	9
7	15	10
7	15	17
7	15	18
7	15	21
7	15	24
7	15	25
7	15	29
7	15	31
7	15	38
7	15	43
7	15	48
7	15	54
7	15	99
7	16	21
7	64	45
7	83	28
7	17	7
7	17	10
7	17	19
7	17	32
7	17	33
7	17	38
7	17	52
7	17	56
7	65	9
7	65	28
7	65	29
7	65	51
7	19	3
7	19	15
7	19	17
7	19	21
7	19	31
7	19	37
7	19	191
7	19	50
7	19	56
7	19	59
7	21	15
7	21	17
7	21	19
7	21	29
7	21	31
7	21	118
7	21	43
7	21	88
7	21	61
7	22	4
7	22	7
7	22	8
7	22	15
7	22	17
7	22	66
7	22	33
7	22	56
7	23	34
7	23	54
7	24	7
7	27	1
7	27	3
7	27	4
7	27	6
7	27	7
7	27	10
7	27	15
7	27	17
7	27	65
7	27	28
7	27	33
7	27	34
7	27	46
7	27	54
7	27	59
7	28	3
7	28	7
7	28	10
7	28	17
7	28	84
7	28	110
7	29	21
7	29	31
7	30	0
7	30	10
7	30	75
7	104	21
7	31	2
7	31	6
7	31	9
7	31	17
7	31	24
7	31	28
7	31	45
7	32	82
7	32	161
7	33	7
7	33	27
7	33	46
7	33	52
7	72	10
7	72	21
7	72	51
7	72	127
7	34	9
7	34	10
7	34	27
7	37	4
7	37	17
7	37	24
7	38	4
7	38	7
7	38	8
7	38	9
7	38	10
7	38	33
7	38	45
7	38	54
7	38	111
7	38	59
7	39	4
7	39	8
7	39	15
7	39	105
7	41	10
7	41	51
7	42	10
7	42	28
7	43	3
7	43	160
7	43	8
7	43	14
7	43	15
7	43	17
7	43	121
7	43	67
7	44	90
7	96	28
7	96	152
7	45	0
7	45	81
7	45	1
7	45	4
7	45	6
7	45	7
7	45	9
7	45	10
7	45	15
7	45	65
7	45	19
7	45	21
7	45	28
7	45	33
7	45	34
7	45	75
7	45	54
7	45	59
7	45	99
7	46	7
7	46	10
7	46	15
7	46	25
7	46	27
7	46	33
7	46	45
7	46	59
7	47	4
7	47	7
7	47	15
7	47	33
7	47	34
7	47	46
7	47	54
7	48	14
7	49	10
7	50	2
7	50	6
7	50	7
7	50	15
7	50	17
7	50	65
7	76	4
7	76	17
7	76	76
7	76	105
7	51	4
7	51	10
7	51	33
7	51	41
7	51	105
7	77	7
7	105	15
7	52	10
7	52	28
7	52	42
7	53	14
7	54	7
7	54	15
7	54	31
7	54	44
7	55	52
7	56	4
7	56	7
7	56	10
7	56	15
7	56	65
7	56	28
7	56	33
7	56	76
7	56	105
7	56	54
7	56	59
7	106	54
7	90	33
7	58	7
7	58	75
7	59	192
7	59	1
7	59	3
7	59	109
7	59	6
7	59	7
7	59	8
7	59	9
7	59	10
7	59	12
7	59	166
7	59	193
7	59	14
7	59	15
7	59	64
7	59	17
7	59	65
7	59	19
7	59	21
7	59	114
7	59	25
7	59	26
7	59	27
7	59	28
7	59	29
7	59	104
7	59	31
7	59	33
7	59	34
7	59	38
7	59	43
7	59	96
7	59	97
7	59	45
7	59	46
7	59	52
7	59	138
7	59	54
7	59	55
7	59	67
7	59	99
7	68	10
7	99	107
7	99	101
7	99	10
7	99	21
7	99	28
7	99	31
7	99	33
7	99	125
7	99	120
7	99	95
7	99	111
7	99	57
7	99	59
7	99	61
7	99	69
7	61	1
7	61	10
7	61	99
7	61	69
7	69	15
8	107	95
8	0	28
8	0	75
8	81	6
8	81	7
8	81	9
8	81	15
8	81	17
8	81	65
8	81	28
8	81	33
8	81	34
8	81	54
8	63	4
8	63	8
8	63	70
8	63	15
8	63	30
8	63	43
8	63	75
8	63	51
8	63	105
8	1	7
8	1	9
8	1	10
8	1	15
8	1	65
8	1	19
8	1	27
8	1	28
8	1	33
8	1	34
8	1	75
8	1	46
8	1	56
8	1	59
8	1	99
8	2	15
8	2	19
8	2	59
8	108	7
8	3	4
8	3	7
8	3	9
8	3	19
8	3	43
8	4	3
8	4	7
8	4	10
8	4	15
8	4	65
8	4	45
8	4	105
8	4	58
8	4	59
8	109	21
8	5	31
8	5	45
8	6	1
8	6	9
8	6	15
8	101	99
8	7	9
8	7	10
8	7	15
8	7	28
8	7	33
8	7	34
8	7	37
8	7	95
8	7	45
8	7	46
8	7	54
8	7	59
8	7	99
8	8	7
8	8	15
8	8	34
8	9	0
8	9	81
8	9	4
8	9	6
8	9	7
8	9	10
8	9	15
8	9	17
8	9	65
8	9	28
8	9	30
8	9	33
8	9	34
8	9	75
8	9	45
8	9	46
8	9	48
8	9	76
8	9	54
8	9	59
8	9	99
8	10	91
8	10	2
8	10	109
8	10	7
8	10	70
8	10	15
8	10	21
8	10	24
8	10	25
8	10	27
8	10	28
8	10	34
8	10	187
8	10	74
8	10	95
8	10	121
8	10	75
8	10	97
8	10	52
8	10	55
8	11	3
8	11	101
8	11	10
8	11	99
8	11	61
8	86	10
8	86	99
8	12	15
8	12	33
8	12	67
8	13	15
8	14	21
8	14	43
8	15	6
8	15	7
8	15	8
8	15	9
8	15	21
8	15	29
8	15	170
8	15	31
8	15	133
8	15	38
8	15	48
8	15	53
8	15	98
8	15	54
8	16	167
8	16	21
8	64	45
8	17	1
8	17	7
8	17	9
8	17	10
8	17	13
8	17	19
8	17	21
8	17	33
8	17	50
8	65	29
8	65	59
8	19	3
8	19	4
8	19	102
8	19	17
8	19	19
8	19	21
8	19	25
8	19	104
8	19	31
8	19	37
8	19	50
8	19	77
8	21	174
8	21	10
8	21	17
8	21	19
8	21	29
8	21	31
8	21	33
8	21	43
8	21	75
8	21	52
8	21	59
8	21	61
8	22	63
8	22	8
8	22	15
8	22	21
8	22	56
8	71	28
8	23	28
8	23	34
8	24	31
8	25	10
8	25	34
8	27	1
8	27	4
8	27	6
8	27	10
8	27	15
8	27	17
8	27	65
8	27	28
8	27	33
8	27	34
8	27	43
8	27	46
8	27	52
8	27	54
8	27	59
8	28	0
8	28	3
8	28	160
8	28	10
8	28	15
8	28	25
8	28	34
8	28	49
8	28	68
8	29	21
8	30	0
8	30	10
8	30	28
8	30	33
8	30	75
8	104	21
8	31	2
8	31	4
8	31	17
8	31	19
8	31	24
8	31	29
8	31	45
8	31	53
8	31	67
8	33	160
8	33	9
8	33	34
8	33	42
8	33	75
8	33	52
8	33	55
8	72	10
8	72	15
8	72	51
8	72	127
8	110	28
8	35	87
8	37	4
8	37	17
8	37	51
8	37	122
8	38	7
8	38	9
8	38	10
8	38	19
8	38	21
8	38	33
8	38	95
8	38	45
8	38	59
8	39	105
8	40	10
8	41	1
8	41	3
8	41	4
8	41	7
8	41	10
8	41	15
8	41	65
8	41	25
8	41	33
8	41	51
8	42	10
8	42	28
8	42	55
8	95	99
8	43	3
8	43	7
8	43	14
8	43	17
8	43	21
8	44	1
8	44	34
8	96	1
8	96	194
8	96	195
8	75	0
8	75	108
8	75	33
8	45	1
8	45	4
8	45	6
8	45	7
8	45	9
8	45	10
8	45	15
8	45	17
8	45	65
8	45	21
8	45	25
8	45	28
8	45	33
8	45	34
8	45	95
8	45	43
8	45	54
8	45	59
8	46	10
8	46	33
8	47	1
8	47	15
8	47	33
8	47	34
8	47	46
8	48	10
8	49	10
8	50	1
8	50	2
8	50	4
8	50	6
8	50	7
8	50	9
8	50	15
8	50	17
8	50	65
8	50	54
8	76	4
8	76	10
8	76	17
8	76	65
8	76	105
8	51	4
8	51	15
8	51	33
8	51	127
8	105	70
8	52	27
8	52	28
8	54	7
8	111	99
8	55	196
8	56	4
8	56	9
8	56	10
8	56	15
8	56	65
8	56	21
8	56	33
8	56	75
8	56	54
8	56	59
8	56	99
8	106	54
8	90	33
8	58	75
8	59	0
8	59	1
8	59	3
8	59	109
8	59	6
8	59	7
8	59	8
8	59	9
8	59	10
8	59	12
8	59	166
8	59	15
8	59	17
8	59	19
8	59	21
8	59	25
8	59	26
8	59	28
8	59	104
8	59	197
8	59	33
8	59	34
8	59	37
8	59	38
8	59	42
8	59	121
8	59	43
8	59	45
8	59	105
8	59	52
8	59	54
8	59	55
8	59	67
8	59	68
8	59	99
8	68	10
8	99	3
8	99	101
8	99	7
8	99	8
8	99	10
8	99	21
8	99	25
8	99	28
8	99	33
8	99	125
8	99	137
8	99	95
8	99	43
8	99	54
8	99	111
8	99	196
8	99	61
8	99	69
8	61	1
8	61	3
8	61	101
8	61	8
8	61	10
8	61	11
8	61	21
8	61	95
8	61	99
8	61	69
8	69	15
8	69	99
9	107	95
9	80	4
9	80	31
9	0	157
9	81	6
9	81	7
9	81	9
9	81	15
9	81	17
9	81	65
9	81	28
9	81	33
9	81	34
9	81	54
9	63	4
9	63	164
9	63	8
9	63	10
9	63	21
9	63	30
9	63	95
9	63	43
9	1	3
9	1	7
9	1	9
9	1	10
9	1	15
9	1	65
9	1	19
9	1	71
9	1	28
9	1	33
9	1	34
9	1	45
9	1	46
9	1	47
9	1	56
9	1	99
9	2	10
9	2	53
9	2	58
9	3	2
9	3	6
9	3	7
9	3	10
9	3	15
9	3	19
9	3	29
9	3	43
9	3	116
9	3	68
9	4	7
9	4	10
9	4	70
9	4	15
9	4	65
9	4	45
9	4	46
9	4	76
9	5	7
9	5	9
9	5	31
9	5	45
9	6	7
9	6	9
9	6	99
9	7	1
9	7	7
9	7	9
9	7	10
9	7	28
9	7	33
9	7	34
9	7	37
9	7	38
9	7	46
9	7	59
9	8	7
9	8	10
9	8	34
9	8	95
9	9	0
9	9	1
9	9	4
9	9	6
9	9	7
9	9	10
9	9	15
9	9	17
9	9	65
9	9	21
9	9	28
9	9	30
9	9	33
9	9	34
9	9	75
9	9	45
9	9	46
9	9	54
9	9	59
9	9	99
9	10	91
9	10	109
9	10	6
9	10	70
9	10	15
9	10	21
9	10	24
9	10	25
9	10	30
9	10	31
9	10	33
9	10	34
9	10	187
9	10	198
9	10	74
9	10	121
9	10	97
9	10	51
9	10	52
9	10	56
9	10	59
9	10	158
9	10	68
9	10	99
9	11	3
9	11	10
9	11	99
9	11	61
9	86	10
9	86	99
9	12	9
9	12	33
9	70	4
9	70	56
9	14	15
9	14	43
9	14	53
9	15	2
9	15	3
9	15	7
9	15	10
9	15	17
9	15	21
9	15	28
9	15	31
9	15	133
9	15	38
9	15	48
9	15	50
9	15	52
9	15	53
9	15	54
9	15	56
9	16	167
9	16	54
9	64	45
9	17	1
9	17	3
9	17	7
9	17	9
9	17	10
9	17	139
9	17	21
9	17	31
9	17	122
9	65	29
9	65	48
9	19	3
9	19	7
9	19	102
9	19	17
9	19	19
9	19	21
9	19	104
9	19	31
9	19	33
9	19	52
9	20	7
9	21	3
9	21	9
9	21	17
9	21	130
9	21	19
9	21	117
9	21	84
9	21	29
9	21	104
9	21	38
9	21	44
9	21	89
9	21	59
9	21	99
9	22	8
9	22	10
9	22	15
9	22	17
9	22	56
9	71	21
9	71	28
9	23	28
9	23	34
9	25	10
9	27	1
9	27	4
9	27	8
9	27	9
9	27	10
9	27	15
9	27	17
9	27	65
9	27	21
9	27	28
9	27	33
9	27	34
9	27	46
9	27	52
9	27	54
9	27	55
9	27	59
9	28	160
9	28	7
9	28	15
9	28	34
9	28	38
9	28	45
9	28	49
9	29	21
9	30	0
9	30	10
9	30	21
9	30	28
9	104	197
9	31	6
9	31	14
9	31	15
9	31	17
9	31	24
9	31	84
9	31	53
9	31	56
9	33	7
9	33	9
9	33	10
9	33	21
9	33	27
9	33	34
9	33	68
9	72	10
9	72	51
9	72	127
9	93	3
9	93	90
9	34	9
9	34	10
9	110	10
9	37	4
9	37	15
9	37	17
9	37	19
9	38	3
9	38	6
9	38	7
9	38	9
9	38	10
9	38	114
9	38	25
9	38	33
9	38	34
9	38	45
9	38	59
9	39	4
9	39	24
9	39	105
9	40	10
9	41	10
9	41	33
9	41	34
9	41	51
9	41	59
9	42	10
9	42	28
9	42	52
9	95	9
9	95	33
9	95	99
9	112	95
9	43	3
9	43	6
9	43	9
9	43	21
9	43	29
9	44	17
9	96	9
9	96	194
9	88	25
9	88	90
9	45	1
9	45	4
9	45	7
9	45	8
9	45	9
9	45	10
9	45	15
9	45	17
9	45	65
9	45	25
9	45	31
9	45	33
9	45	34
9	45	43
9	45	54
9	45	59
9	46	10
9	46	33
9	47	1
9	47	8
9	47	10
9	47	15
9	47	21
9	47	168
9	47	28
9	47	33
9	47	34
9	47	46
9	47	49
9	47	54
9	48	15
9	49	10
9	50	2
9	50	4
9	50	6
9	50	15
9	50	17
9	50	65
9	50	54
9	76	4
9	76	7
9	76	8
9	76	10
9	76	17
9	76	65
9	76	45
9	51	4
9	51	65
9	51	33
9	77	7
9	52	10
9	52	27
9	52	28
9	52	55
9	98	15
9	54	3
9	54	7
9	54	9
9	54	31
9	56	62
9	56	3
9	56	4
9	56	10
9	56	17
9	56	65
9	56	33
9	56	54
9	56	55
9	90	10
9	90	33
9	90	93
9	90	34
9	90	120
9	58	46
9	59	0
9	59	1
9	59	3
9	59	199
9	59	6
9	59	7
9	59	8
9	59	9
9	59	10
9	59	12
9	59	166
9	59	193
9	59	15
9	59	16
9	59	139
9	59	64
9	59	17
9	59	19
9	59	21
9	59	117
9	59	25
9	59	27
9	59	28
9	59	29
9	59	104
9	59	31
9	59	197
9	59	33
9	59	34
9	59	87
9	59	37
9	59	38
9	59	42
9	59	121
9	59	43
9	59	96
9	59	97
9	59	45
9	59	46
9	59	52
9	59	54
9	59	55
9	59	67
9	59	99
9	68	10
9	99	107
9	99	1
9	99	101
9	99	8
9	99	10
9	99	11
9	99	71
9	99	25
9	99	28
9	99	33
9	99	155
9	99	125
9	99	137
9	99	95
9	99	75
9	99	111
9	99	55
9	99	61
9	99	69
9	61	1
9	61	3
9	61	7
9	61	8
9	61	10
9	61	11
9	61	70
9	61	19
9	61	21
9	61	25
9	61	28
9	61	95
9	61	75
9	61	59
9	61	99
9	61	69
9	69	15
9	69	99
9	69	61
10	107	95
10	100	15
10	0	75
10	81	6
10	81	9
10	81	10
10	81	15
10	81	17
10	81	65
10	81	28
10	81	33
10	81	34
10	81	46
10	81	54
10	63	4
10	63	164
10	63	8
10	63	10
10	63	15
10	63	17
10	63	65
10	63	30
10	63	43
10	1	3
10	1	4
10	1	7
10	1	10
10	1	15
10	1	19
10	1	27
10	1	28
10	1	33
10	1	34
10	1	43
10	1	46
10	1	55
10	1	200
10	1	56
10	2	15
10	2	31
10	2	76
10	2	58
10	3	6
10	3	10
10	3	15
10	3	19
10	3	56
10	4	1
10	4	3
10	4	7
10	4	10
10	4	15
10	4	17
10	4	65
10	4	45
10	4	46
10	113	51
10	5	9
10	5	31
10	5	45
10	6	3
10	6	4
10	6	7
10	6	9
10	6	10
10	6	15
10	6	28
10	6	34
10	6	46
10	6	99
10	101	65
10	101	69
10	7	1
10	7	3
10	7	10
10	7	15
10	7	28
10	7	33
10	7	34
10	7	37
10	7	43
10	7	45
10	7	46
10	7	50
10	7	76
10	7	54
10	7	142
10	7	59
10	7	99
10	8	65
10	8	95
10	9	1
10	9	4
10	9	6
10	9	7
10	9	8
10	9	10
10	9	15
10	9	17
10	9	65
10	9	27
10	9	28
10	9	30
10	9	197
10	9	33
10	9	34
10	9	75
10	9	45
10	9	46
10	9	48
10	9	76
10	9	51
10	9	54
10	9	55
10	9	99
10	10	0
10	10	1
10	10	199
10	10	6
10	10	70
10	10	15
10	10	24
10	10	25
10	10	28
10	10	33
10	10	34
10	10	74
10	10	97
10	10	52
10	10	55
10	10	59
10	10	158
10	10	99
10	11	3
10	11	101
10	11	10
10	11	31
10	11	99
10	11	61
10	86	10
10	86	95
10	86	99
10	12	33
10	14	15
10	14	53
10	15	81
10	15	1
10	15	2
10	15	3
10	15	7
10	15	8
10	15	9
10	15	17
10	15	65
10	15	21
10	15	28
10	15	31
10	15	43
10	15	48
10	15	76
10	15	77
10	15	53
10	15	54
10	15	116
10	15	58
10	16	3
10	16	54
10	64	45
10	64	59
10	17	3
10	17	7
10	17	8
10	17	9
10	17	14
10	17	138
10	65	7
10	65	29
10	19	3
10	19	17
10	19	19
10	19	21
10	19	104
10	19	31
10	19	77
10	19	52
10	20	99
10	21	0
10	21	3
10	21	6
10	21	14
10	21	17
10	21	65
10	21	201
10	21	19
10	21	24
10	21	25
10	21	84
10	21	28
10	21	29
10	21	104
10	21	31
10	21	34
10	21	38
10	21	74
10	21	137
10	21	89
10	21	105
10	21	52
10	21	54
10	21	57
10	21	59
10	21	99
10	22	4
10	22	8
10	22	15
10	22	17
10	22	76
10	22	105
10	22	56
10	23	28
10	23	34
10	24	17
10	24	31
10	24	90
10	114	138
10	25	10
10	25	99
10	27	1
10	27	4
10	27	10
10	27	15
10	27	17
10	27	65
10	27	167
10	27	28
10	27	33
10	27	34
10	27	46
10	27	54
10	28	0
10	28	163
10	28	10
10	28	110
10	29	21
10	30	10
10	30	89
10	31	15
10	31	17
10	31	19
10	31	24
10	31	104
10	31	37
10	31	48
10	31	51
10	33	9
10	33	10
10	33	19
10	33	21
10	33	34
10	33	75
10	33	45
10	33	55
10	72	10
10	72	65
10	72	51
10	72	127
10	72	99
10	34	9
10	34	10
10	34	27
10	34	42
10	115	99
10	37	8
10	37	15
10	37	17
10	38	6
10	38	7
10	38	8
10	38	9
10	38	10
10	38	15
10	38	33
10	38	34
10	38	45
10	38	54
10	38	59
10	39	4
10	39	31
10	40	10
10	41	1
10	41	10
10	41	15
10	41	65
10	41	21
10	41	104
10	41	118
10	41	43
10	41	45
10	41	51
10	41	59
10	41	127
10	42	7
10	42	28
10	42	33
10	95	15
10	95	99
10	112	65
10	43	6
10	43	15
10	43	17
10	43	19
10	43	21
10	43	67
10	44	17
10	44	65
10	44	38
10	75	160
10	75	132
10	88	10
10	45	3
10	45	4
10	45	7
10	45	8
10	45	9
10	45	10
10	45	15
10	45	17
10	45	65
10	45	19
10	45	28
10	45	33
10	45	34
10	45	51
10	45	54
10	45	59
10	46	10
10	46	33
10	47	1
10	47	8
10	47	10
10	47	15
10	47	28
10	47	33
10	47	34
10	47	46
10	47	59
10	48	15
10	48	59
10	49	10
10	50	6
10	50	15
10	50	17
10	50	65
10	50	43
10	50	54
10	76	4
10	76	10
10	76	15
10	76	17
10	76	65
10	76	105
10	51	10
10	51	65
10	51	33
10	51	72
10	77	7
10	77	10
10	77	17
10	105	3
10	105	4
10	105	6
10	105	15
10	105	19
10	105	31
10	105	99
10	52	1
10	52	28
10	52	42
10	98	15
10	54	7
10	54	9
10	54	10
10	54	31
10	54	44
10	116	89
10	116	123
10	56	0
10	56	3
10	56	4
10	56	10
10	56	15
10	56	17
10	56	65
10	56	31
10	56	33
10	56	45
10	56	76
10	56	105
10	90	1
10	90	10
10	90	21
10	90	28
10	90	33
10	90	43
10	90	78
10	90	55
10	90	99
10	58	48
10	59	0
10	59	1
10	59	3
10	59	6
10	59	7
10	59	9
10	59	10
10	59	12
10	59	193
10	59	15
10	59	154
10	59	17
10	59	65
10	59	19
10	59	21
10	59	24
10	59	114
10	59	25
10	59	27
10	59	28
10	59	104
10	59	31
10	59	197
10	59	33
10	59	34
10	59	73
10	59	37
10	59	38
10	59	42
10	59	191
10	59	88
10	59	45
10	59	46
10	59	48
10	59	138
10	59	54
10	59	55
10	59	142
10	59	67
10	59	68
10	59	99
10	68	10
10	99	1
10	99	101
10	99	7
10	99	9
10	99	10
10	99	17
10	99	21
10	99	23
10	99	25
10	99	28
10	99	31
10	99	33
10	99	93
10	99	34
10	99	125
10	99	120
10	99	95
10	99	43
10	99	96
10	99	75
10	99	51
10	99	52
10	99	56
10	99	90
10	99	57
10	99	61
10	61	1
10	61	3
10	61	101
10	61	7
10	61	8
10	61	10
10	61	11
10	61	19
10	61	21
10	61	25
10	61	95
10	61	59
10	61	99
10	61	69
10	69	15
10	69	99
11	80	56
11	0	10
11	0	130
11	0	30
11	0	75
11	81	4
11	81	6
11	81	7
11	81	9
11	81	10
11	81	15
11	81	17
11	81	65
11	81	28
11	81	33
11	81	34
11	81	75
11	81	46
11	81	48
11	63	164
11	63	8
11	63	15
11	63	65
11	63	21
11	63	30
11	63	43
11	1	3
11	1	4
11	1	7
11	1	10
11	1	14
11	1	15
11	1	17
11	1	65
11	1	148
11	1	19
11	1	27
11	1	28
11	1	33
11	1	34
11	1	137
11	1	75
11	1	46
11	1	48
11	1	55
11	1	56
11	2	15
11	2	34
11	2	48
11	2	76
11	2	77
11	2	58
11	3	10
11	3	15
11	3	19
11	3	21
11	3	133
11	3	37
11	3	68
11	4	81
11	4	1
11	4	7
11	4	8
11	4	9
11	4	10
11	4	15
11	4	17
11	4	43
11	4	45
11	4	76
11	4	105
11	4	56
11	5	6
11	5	9
11	5	31
11	5	34
11	5	45
11	6	3
11	6	4
11	6	7
11	6	9
11	6	10
11	6	15
11	6	28
11	6	33
11	6	34
11	6	54
11	6	55
11	101	1
11	101	44
11	101	99
11	101	69
11	7	63
11	7	1
11	7	3
11	7	9
11	7	10
11	7	15
11	7	65
11	7	21
11	7	117
11	7	27
11	7	28
11	7	33
11	7	34
11	7	37
11	7	38
11	7	45
11	7	46
11	7	48
11	7	54
11	7	55
11	7	56
11	7	59
11	7	67
11	7	123
11	8	19
11	8	34
11	9	0
11	9	4
11	9	6
11	9	7
11	9	10
11	9	15
11	9	17
11	9	65
11	9	27
11	9	28
11	9	30
11	9	33
11	9	72
11	9	34
11	9	75
11	9	45
11	9	48
11	9	49
11	9	76
11	9	51
11	9	54
11	9	55
11	9	56
11	9	143
11	9	99
11	10	1
11	10	7
11	10	130
11	10	19
11	10	25
11	10	28
11	10	33
11	10	41
11	10	42
11	10	46
11	10	51
11	10	157
11	10	59
11	85	101
11	11	3
11	11	6
11	11	101
11	11	10
11	11	58
11	11	99
11	11	61
11	86	6
11	86	10
11	86	28
11	86	30
11	86	34
11	86	38
11	86	58
11	86	99
11	12	33
11	15	81
11	15	2
11	15	3
11	15	4
11	15	6
11	15	7
11	15	8
11	15	9
11	15	10
11	15	14
11	15	16
11	15	17
11	15	18
11	15	65
11	15	167
11	15	21
11	15	84
11	15	28
11	15	30
11	15	31
11	15	38
11	15	43
11	15	76
11	15	51
11	15	54
11	16	3
11	16	167
11	64	5
11	64	45
11	83	0
11	17	1
11	17	7
11	17	9
11	17	21
11	17	27
11	17	38
11	17	43
11	17	52
11	17	59
11	17	99
11	65	18
11	65	29
11	19	3
11	19	82
11	19	17
11	19	19
11	19	31
11	19	37
11	19	77
11	19	122
11	21	81
11	21	1
11	21	2
11	21	108
11	21	7
11	21	9
11	21	10
11	21	17
11	21	28
11	21	29
11	21	34
11	21	38
11	21	74
11	21	51
11	21	52
11	21	59
11	21	123
11	21	99
11	22	3
11	22	4
11	22	8
11	22	17
11	22	105
11	22	56
11	71	7
11	71	10
11	71	15
11	23	34
11	114	26
11	117	28
11	117	59
11	25	160
11	25	10
11	25	34
11	25	68
11	25	99
11	27	1
11	27	4
11	27	10
11	27	15
11	27	17
11	27	65
11	27	28
11	27	33
11	27	34
11	27	46
11	27	52
11	27	54
11	27	200
11	28	0
11	28	1
11	28	165
11	28	10
11	28	130
11	28	93
11	28	75
11	29	21
11	29	56
11	30	10
11	30	75
11	30	55
11	30	127
11	31	10
11	31	83
11	31	17
11	31	19
11	31	24
11	31	37
11	31	38
11	31	48
11	31	76
11	33	0
11	33	7
11	33	10
11	33	19
11	72	10
11	72	65
11	72	51
11	72	127
11	118	10
11	34	81
11	34	9
11	34	10
11	34	27
11	34	28
11	119	68
11	35	51
11	37	4
11	37	10
11	37	15
11	37	17
11	37	19
11	37	50
11	38	3
11	38	7
11	38	8
11	38	10
11	38	15
11	38	33
11	38	45
11	38	52
11	38	59
11	39	4
11	39	15
11	39	105
11	40	10
11	41	1
11	41	7
11	41	10
11	41	21
11	41	29
11	41	118
11	41	51
11	41	59
11	41	127
11	120	99
11	42	28
11	42	52
11	95	107
11	95	51
11	95	99
11	121	28
11	43	3
11	43	15
11	43	21
11	44	1
11	96	191
11	96	194
11	96	202
11	88	10
11	45	1
11	45	3
11	45	4
11	45	6
11	45	7
11	45	9
11	45	10
11	45	15
11	45	17
11	45	65
11	45	27
11	45	28
11	45	31
11	45	33
11	45	34
11	45	48
11	45	51
11	45	54
11	45	59
11	46	10
11	46	33
11	47	10
11	47	15
11	47	28
11	47	33
11	47	46
11	48	4
11	48	7
11	48	15
11	48	34
11	48	45
11	48	99
11	49	10
11	50	6
11	50	7
11	50	15
11	50	17
11	50	65
11	50	43
11	50	54
11	50	56
11	76	3
11	76	4
11	76	7
11	76	10
11	76	17
11	76	45
11	76	105
11	51	33
11	51	72
11	51	127
11	77	0
11	77	7
11	105	4
11	105	15
11	105	17
11	52	10
11	52	27
11	52	28
11	52	42
11	52	46
11	52	55
11	54	7
11	111	34
11	111	99
11	55	10
11	122	0
11	56	4
11	56	70
11	56	15
11	56	17
11	56	65
11	56	31
11	56	33
11	56	76
11	56	54
11	90	1
11	90	7
11	90	8
11	90	10
11	90	21
11	90	25
11	90	33
11	90	93
11	90	78
11	59	0
11	59	91
11	59	1
11	59	3
11	59	109
11	59	6
11	59	7
11	59	9
11	59	10
11	59	12
11	59	166
11	59	193
11	59	15
11	59	16
11	59	139
11	59	64
11	59	17
11	59	19
11	59	21
11	59	114
11	59	25
11	59	27
11	59	28
11	59	104
11	59	33
11	59	34
11	59	73
11	59	38
11	59	42
11	59	96
11	59	89
11	59	52
11	59	138
11	59	54
11	59	55
11	59	142
11	59	56
11	59	67
11	59	68
11	59	99
11	68	10
11	123	89
11	99	0
11	99	1
11	99	7
11	99	10
11	99	15
11	99	17
11	99	25
11	99	28
11	99	31
11	99	93
11	99	34
11	99	95
11	99	43
11	99	44
11	99	52
11	99	78
11	99	111
11	99	90
11	99	59
11	99	61
11	61	0
11	61	1
11	61	101
11	61	8
11	61	10
11	61	15
11	61	19
11	61	21
11	61	25
11	61	28
11	61	95
11	61	43
11	61	54
11	61	55
11	61	59
11	61	99
11	69	101
11	69	15
11	69	95
11	69	99
12	80	56
12	0	28
12	0	75
12	81	81
12	81	4
12	81	6
12	81	7
12	81	9
12	81	10
12	81	15
12	81	17
12	81	65
12	81	28
12	81	33
12	81	34
12	81	46
12	81	48
12	63	4
12	63	164
12	63	7
12	63	8
12	63	15
12	63	17
12	63	65
12	63	21
12	63	28
12	63	43
12	63	51
12	63	126
12	63	58
12	124	28
12	1	3
12	1	4
12	1	7
12	1	10
12	1	15
12	1	17
12	1	65
12	1	19
12	1	71
12	1	27
12	1	28
12	1	33
12	1	34
12	1	46
12	1	48
12	1	56
12	1	90
12	1	99
12	2	15
12	2	28
12	2	30
12	2	73
12	2	48
12	2	76
12	2	58
12	108	7
12	3	10
12	3	15
12	3	17
12	3	19
12	3	21
12	3	31
12	3	133
12	4	81
12	4	7
12	4	8
12	4	9
12	4	10
12	4	15
12	4	17
12	4	65
12	4	33
12	4	72
12	4	39
12	4	45
12	4	48
12	4	51
12	4	126
12	4	56
12	4	59
12	5	9
12	5	28
12	5	31
12	5	34
12	5	45
12	6	3
12	6	4
12	6	9
12	6	10
12	6	15
12	6	17
12	6	65
12	6	25
12	6	28
12	6	33
12	6	34
12	6	54
12	92	52
12	101	1
12	101	65
12	101	21
12	101	44
12	101	99
12	101	69
12	7	0
12	7	1
12	7	7
12	7	10
12	7	15
12	7	17
12	7	65
12	7	21
12	7	28
12	7	33
12	7	34
12	7	37
12	7	46
12	7	48
12	7	54
12	7	56
12	7	59
12	8	1
12	8	15
12	8	28
12	8	34
12	9	3
12	9	4
12	9	6
12	9	7
12	9	8
12	9	10
12	9	15
12	9	17
12	9	65
12	9	27
12	9	28
12	9	30
12	9	33
12	9	34
12	9	38
12	9	75
12	9	45
12	9	46
12	9	48
12	9	126
12	9	54
12	9	55
12	9	99
12	10	7
12	10	25
12	10	27
12	10	28
12	10	34
12	10	132
12	10	42
12	10	121
12	10	46
12	10	143
12	10	59
12	10	68
12	10	123
12	10	69
12	11	3
12	11	10
12	11	15
12	11	28
12	11	95
12	11	48
12	11	99
12	11	61
12	86	4
12	86	10
12	86	15
12	86	28
12	86	30
12	86	48
12	86	59
12	12	33
12	14	53
12	15	3
12	15	7
12	15	9
12	15	10
12	15	14
12	15	16
12	15	65
12	15	19
12	15	21
12	15	28
12	15	31
12	15	133
12	15	37
12	15	43
12	15	50
12	15	53
12	15	54
12	15	99
12	64	45
12	83	54
12	17	1
12	17	7
12	17	9
12	17	10
12	17	19
12	17	114
12	17	31
12	17	37
12	17	38
12	17	43
12	17	50
12	17	59
12	17	68
12	17	99
12	18	65
12	19	3
12	19	6
12	19	15
12	19	17
12	19	19
12	19	21
12	19	104
12	19	43
12	19	122
12	21	63
12	21	1
12	21	92
12	21	8
12	21	9
12	21	12
12	21	15
12	21	83
12	21	17
12	21	28
12	21	29
12	21	104
12	21	33
12	21	132
12	21	38
12	21	112
12	21	43
12	21	44
12	21	50
12	21	52
12	21	99
12	22	1
12	22	4
12	22	7
12	22	15
12	22	17
12	22	65
12	22	126
12	22	56
12	71	10
12	71	110
12	71	43
12	23	28
12	23	34
12	24	31
12	25	10
12	27	10
12	27	15
12	27	17
12	27	65
12	27	25
12	27	28
12	27	33
12	27	34
12	27	42
12	27	46
12	27	52
12	27	59
12	28	0
12	28	3
12	28	160
12	28	165
12	28	15
12	28	130
12	28	21
12	28	33
12	28	132
12	28	110
12	28	52
12	28	59
12	29	21
12	29	54
12	30	108
12	30	10
12	30	15
12	30	28
12	30	161
12	30	75
12	30	88
12	30	46
12	104	3
12	31	17
12	31	19
12	31	21
12	31	24
12	31	28
12	31	30
12	31	38
12	31	48
12	31	52
12	31	53
12	32	28
12	32	123
12	33	81
12	33	46
12	72	4
12	72	10
12	72	51
12	118	51
12	34	9
12	34	10
12	34	25
12	34	27
12	34	42
12	34	46
12	34	68
12	119	10
12	37	8
12	37	10
12	37	17
12	37	65
12	38	3
12	38	5
12	38	7
12	38	10
12	38	15
12	38	33
12	38	34
12	38	45
12	38	59
12	39	4
12	39	126
12	39	158
12	39	99
12	40	10
12	41	1
12	41	7
12	41	10
12	41	15
12	41	21
12	41	51
12	41	126
12	41	59
12	125	99
12	42	1
12	42	7
12	42	28
12	42	52
12	95	107
12	95	21
12	95	43
12	95	99
12	95	61
12	121	10
12	121	28
12	43	3
12	43	15
12	43	16
12	43	17
12	43	19
12	43	21
12	43	24
12	96	99
12	75	160
12	88	10
12	45	3
12	45	4
12	45	6
12	45	7
12	45	9
12	45	10
12	45	15
12	45	17
12	45	65
12	45	28
12	45	33
12	45	34
12	45	38
12	45	75
12	45	46
12	45	48
12	45	49
12	45	51
12	45	54
12	45	55
12	46	7
12	46	10
12	46	25
12	46	33
12	46	34
12	46	45
12	46	52
12	46	59
12	47	10
12	47	15
12	47	28
12	47	33
12	47	34
12	47	46
12	48	7
12	48	15
12	48	31
12	48	54
12	48	99
12	49	10
12	50	2
12	50	6
12	50	15
12	50	17
12	50	65
12	50	19
12	50	21
12	50	43
12	50	54
12	76	3
12	76	4
12	76	7
12	76	10
12	76	15
12	76	17
12	76	45
12	76	105
12	76	126
12	51	15
12	51	17
12	51	72
12	77	3
12	77	130
12	105	17
12	52	10
12	52	15
12	52	28
12	52	33
12	52	34
12	52	188
12	52	42
12	52	46
12	52	55
12	52	59
12	126	3
12	126	4
12	126	10
12	126	15
12	126	19
12	126	31
12	126	128
12	126	99
12	54	65
12	54	44
12	111	99
12	116	0
12	55	10
12	56	3
12	56	4
12	56	10
12	56	15
12	56	17
12	56	65
12	56	24
12	56	25
12	56	28
12	56	31
12	56	33
12	56	75
12	56	76
12	56	126
12	56	54
12	56	59
12	90	1
12	90	7
12	90	8
12	90	10
12	90	21
12	90	25
12	90	78
12	57	10
12	59	1
12	59	3
12	59	109
12	59	6
12	59	174
12	59	7
12	59	9
12	59	10
12	59	12
12	59	166
12	59	193
12	59	15
12	59	17
12	59	19
12	59	203
12	59	21
12	59	114
12	59	25
12	59	26
12	59	27
12	59	28
12	59	29
12	59	170
12	59	104
12	59	31
12	59	197
12	59	33
12	59	34
12	59	132
12	59	37
12	59	38
12	59	121
12	59	97
12	59	45
12	59	46
12	59	89
12	59	181
12	59	52
12	59	138
12	59	54
12	59	55
12	59	142
12	59	56
12	59	67
12	59	68
12	59	99
12	127	41
12	128	126
12	68	10
12	68	25
12	99	0
12	99	1
12	99	3
12	99	4
12	99	6
12	99	7
12	99	10
12	99	11
12	99	15
12	99	17
12	99	21
12	99	25
12	99	28
12	99	31
12	99	33
12	99	34
12	99	95
12	99	43
12	99	75
12	99	46
12	99	47
12	99	78
12	99	111
12	99	59
12	99	68
12	99	99
12	99	61
12	99	69
12	61	0
12	61	63
12	61	1
12	61	3
12	61	8
12	61	9
12	61	10
12	61	11
12	61	15
12	61	65
12	61	19
12	61	21
12	61	25
12	61	28
12	61	34
12	61	95
12	61	43
12	61	75
12	61	52
12	61	59
12	61	99
12	69	1
12	69	15
12	69	21
12	69	75
12	69	54
12	69	99
13	80	10
13	80	24
13	80	28
13	80	72
13	0	15
13	0	83
13	0	21
13	0	30
13	0	33
13	0	75
13	81	1
13	81	6
13	81	7
13	81	9
13	81	10
13	81	15
13	81	17
13	81	65
13	81	114
13	81	28
13	81	33
13	81	34
13	81	46
13	81	54
13	63	1
13	63	4
13	63	164
13	63	7
13	63	8
13	63	10
13	63	15
13	63	17
13	63	65
13	63	21
13	63	41
13	63	76
13	63	51
13	63	56
13	63	59
13	63	128
13	1	3
13	1	4
13	1	7
13	1	9
13	1	10
13	1	12
13	1	15
13	1	19
13	1	21
13	1	27
13	1	28
13	1	33
13	1	34
13	1	46
13	1	56
13	2	15
13	2	17
13	2	28
13	2	30
13	2	31
13	2	48
13	3	9
13	3	10
13	3	15
13	3	82
13	3	19
13	3	21
13	3	28
13	3	31
13	3	133
13	3	43
13	3	126
13	3	68
13	129	3
13	129	10
13	4	3
13	4	7
13	4	9
13	4	10
13	4	15
13	4	17
13	4	65
13	4	28
13	4	31
13	4	33
13	4	95
13	4	45
13	4	126
13	4	54
13	5	81
13	5	9
13	5	17
13	5	31
13	5	34
13	5	38
13	5	45
13	6	3
13	6	4
13	6	9
13	6	10
13	6	15
13	6	17
13	6	28
13	6	33
13	6	34
13	6	46
13	6	48
13	6	54
13	6	68
13	92	25
13	101	7
13	101	8
13	101	10
13	101	99
13	101	69
13	7	63
13	7	1
13	7	174
13	7	7
13	7	10
13	7	15
13	7	17
13	7	65
13	7	21
13	7	28
13	7	33
13	7	34
13	7	45
13	7	46
13	7	54
13	7	59
13	7	99
13	8	2
13	8	4
13	8	6
13	8	85
13	8	19
13	8	34
13	8	61
13	9	3
13	9	4
13	9	6
13	9	7
13	9	10
13	9	15
13	9	17
13	9	65
13	9	28
13	9	30
13	9	33
13	9	34
13	9	75
13	9	46
13	9	48
13	9	54
13	9	55
13	9	99
13	10	3
13	10	7
13	10	9
13	10	11
13	10	15
13	10	17
13	10	25
13	10	27
13	10	29
13	10	34
13	10	38
13	10	46
13	10	52
13	10	55
13	10	59
13	10	99
13	10	61
13	11	3
13	11	10
13	11	15
13	11	21
13	11	28
13	11	48
13	11	146
13	11	52
13	11	99
13	11	61
13	86	0
13	86	81
13	86	4
13	86	9
13	86	10
13	86	15
13	86	21
13	86	25
13	86	28
13	86	99
13	12	138
13	12	99
13	15	2
13	15	3
13	15	7
13	15	9
13	15	10
13	15	17
13	15	65
13	15	19
13	15	31
13	15	72
13	15	38
13	15	50
13	15	76
13	15	54
13	15	99
13	64	45
13	83	0
13	17	1
13	17	7
13	17	9
13	17	136
13	17	50
13	17	181
13	17	59
13	17	99
13	130	99
13	65	9
13	65	59
13	19	3
13	19	82
13	19	17
13	19	19
13	19	104
13	19	93
13	19	133
13	19	43
13	19	76
13	21	0
13	21	81
13	21	63
13	21	3
13	21	7
13	21	9
13	21	10
13	21	83
13	21	17
13	21	19
13	21	29
13	21	104
13	21	31
13	21	132
13	21	44
13	21	96
13	21	75
13	21	52
13	21	142
13	21	90
13	21	59
13	21	61
13	22	4
13	22	15
13	22	17
13	22	65
13	23	28
13	23	34
13	24	10
13	24	39
13	131	203
13	25	3
13	25	10
13	27	8
13	27	10
13	27	15
13	27	17
13	27	28
13	27	33
13	27	34
13	27	43
13	27	46
13	27	52
13	28	0
13	28	165
13	28	9
13	28	10
13	28	15
13	28	21
13	28	71
13	28	132
13	28	110
13	28	43
13	28	75
13	28	99
13	28	61
13	29	6
13	29	7
13	29	10
13	29	21
13	30	0
13	30	7
13	30	10
13	30	22
13	30	28
13	30	75
13	104	151
13	31	4
13	31	17
13	31	19
13	31	24
13	31	66
13	31	48
13	31	50
13	31	77
13	31	52
13	31	56
13	33	0
13	33	7
13	33	19
13	33	27
13	33	75
13	33	46
13	33	52
13	72	7
13	72	10
13	72	15
13	72	51
13	72	127
13	93	10
13	118	10
13	118	51
13	34	0
13	34	9
13	34	10
13	34	25
13	34	27
13	34	29
13	34	46
13	132	89
13	119	10
13	133	3
13	37	1
13	37	8
13	37	83
13	37	17
13	37	65
13	37	28
13	37	31
13	37	88
13	37	48
13	37	54
13	134	7
13	38	3
13	38	6
13	38	8
13	38	10
13	38	114
13	38	25
13	38	33
13	38	34
13	38	97
13	38	45
13	38	54
13	38	59
13	39	4
13	40	10
13	41	7
13	41	9
13	41	10
13	41	21
13	41	33
13	41	118
13	41	51
13	41	59
13	135	9
13	135	10
13	42	92
13	42	28
13	95	107
13	95	21
13	95	28
13	95	135
13	95	99
13	95	61
13	121	3
13	121	10
13	121	15
13	121	25
13	121	28
13	121	33
13	121	112
13	121	52
13	121	59
13	43	3
13	43	6
13	43	17
13	43	31
13	43	67
13	44	1
13	44	129
13	88	10
13	45	81
13	45	3
13	45	4
13	45	6
13	45	7
13	45	9
13	45	10
13	45	15
13	45	17
13	45	65
13	45	25
13	45	26
13	45	28
13	45	33
13	45	34
13	45	38
13	45	75
13	45	54
13	45	55
13	45	59
13	46	3
13	46	7
13	46	10
13	46	25
13	46	28
13	46	33
13	46	34
13	46	45
13	46	52
13	47	15
13	47	28
13	47	33
13	47	34
13	47	46
13	48	7
13	48	10
13	48	14
13	48	38
13	48	59
13	49	10
13	50	2
13	50	3
13	50	7
13	50	15
13	50	17
13	50	65
13	50	19
13	50	21
13	50	43
13	50	54
13	76	4
13	76	7
13	76	10
13	76	43
13	76	45
13	76	126
13	76	56
13	51	10
13	51	15
13	51	72
13	77	3
13	77	15
13	52	0
13	52	1
13	52	10
13	52	25
13	52	27
13	52	28
13	52	110
13	52	42
13	52	55
13	52	59
13	52	68
13	126	80
13	126	3
13	126	153
13	126	14
13	126	15
13	126	24
13	126	99
13	53	99
13	54	65
13	55	0
13	55	10
13	55	28
13	55	119
13	55	52
13	56	4
13	56	10
13	56	15
13	56	17
13	56	65
13	56	21
13	56	24
13	56	25
13	56	28
13	56	30
13	56	31
13	56	33
13	56	54
13	56	59
13	56	68
13	90	1
13	90	7
13	90	8
13	90	10
13	90	21
13	90	28
13	90	34
13	90	59
13	90	99
13	90	61
13	57	2
13	57	7
13	57	10
13	57	21
13	57	28
13	57	59
13	59	192
13	59	0
13	59	81
13	59	91
13	59	1
13	59	3
13	59	160
13	59	109
13	59	113
13	59	6
13	59	7
13	59	9
13	59	10
13	59	12
13	59	166
13	59	15
13	59	139
13	59	83
13	59	17
13	59	65
13	59	19
13	59	21
13	59	114
13	59	25
13	59	28
13	59	29
13	59	104
13	59	197
13	59	33
13	59	34
13	59	38
13	59	137
13	59	42
13	59	96
13	59	45
13	59	46
13	59	77
13	59	181
13	59	52
13	59	138
13	59	54
13	59	55
13	59	56
13	59	67
13	59	68
13	59	99
13	68	163
13	68	10
13	99	1
13	99	3
13	99	6
13	99	7
13	99	8
13	99	9
13	99	10
13	99	11
13	99	15
13	99	65
13	99	21
13	99	25
13	99	28
13	99	33
13	99	34
13	99	125
13	99	95
13	99	43
13	99	111
13	99	90
13	99	59
13	99	61
13	61	204
13	61	0
13	61	1
13	61	3
13	61	8
13	61	9
13	61	10
13	61	11
13	61	15
13	61	19
13	61	21
13	61	25
13	61	28
13	61	33
13	61	34
13	61	95
13	61	43
13	61	75
13	61	49
13	61	52
13	61	90
13	61	59
13	61	99
13	69	10
13	69	15
13	69	21
13	69	99
14	80	7
14	80	8
14	80	10
14	80	65
14	80	24
14	80	72
14	80	56
14	0	75
14	0	123
14	81	1
14	81	4
14	81	9
14	81	10
14	81	15
14	81	17
14	81	65
14	81	28
14	81	33
14	81	34
14	81	46
14	63	1
14	63	4
14	63	164
14	63	10
14	63	17
14	63	65
14	63	21
14	63	76
14	63	51
14	63	54
14	63	56
14	1	4
14	1	9
14	1	10
14	1	15
14	1	130
14	1	65
14	1	21
14	1	22
14	1	71
14	1	27
14	1	28
14	1	33
14	1	34
14	1	135
14	1	46
14	1	56
14	2	28
14	2	30
14	2	48
14	3	10
14	3	15
14	3	17
14	3	19
14	3	21
14	3	25
14	3	28
14	3	38
14	3	43
14	3	53
14	3	55
14	4	3
14	4	7
14	4	10
14	4	15
14	4	17
14	4	24
14	4	95
14	4	45
14	4	126
14	5	81
14	5	8
14	5	9
14	5	10
14	5	17
14	5	31
14	5	38
14	5	45
14	6	3
14	6	4
14	6	8
14	6	9
14	6	10
14	6	15
14	6	17
14	6	28
14	6	33
14	6	34
14	6	45
14	6	46
14	6	54
14	101	1
14	101	8
14	101	10
14	101	99
14	101	69
14	7	0
14	7	1
14	7	4
14	7	7
14	7	9
14	7	10
14	7	15
14	7	17
14	7	65
14	7	21
14	7	28
14	7	33
14	7	34
14	7	38
14	7	45
14	7	46
14	7	48
14	7	54
14	7	59
14	8	102
14	8	19
14	8	28
14	9	4
14	9	5
14	9	6
14	9	7
14	9	8
14	9	10
14	9	15
14	9	17
14	9	65
14	9	28
14	9	33
14	9	34
14	9	38
14	9	45
14	9	46
14	9	48
14	9	54
14	9	99
14	10	1
14	10	8
14	10	9
14	10	15
14	10	21
14	10	25
14	10	27
14	10	28
14	10	31
14	10	33
14	10	93
14	10	34
14	10	110
14	10	38
14	10	46
14	10	52
14	10	59
14	10	99
14	10	61
14	11	3
14	11	10
14	11	28
14	11	33
14	11	48
14	11	90
14	11	99
14	11	61
14	86	4
14	86	10
14	86	15
14	86	28
14	86	37
14	86	75
14	86	99
14	12	10
14	12	38
14	12	138
14	70	56
14	15	2
14	15	3
14	15	4
14	15	6
14	15	7
14	15	8
14	15	9
14	15	10
14	15	14
14	15	17
14	15	18
14	15	130
14	15	65
14	15	19
14	15	24
14	15	29
14	15	170
14	15	31
14	15	38
14	15	42
14	15	48
14	15	76
14	15	52
14	15	53
14	15	54
14	15	67
14	15	99
14	16	19
14	16	167
14	82	17
14	64	45
14	83	38
14	17	1
14	17	6
14	17	8
14	17	9
14	17	10
14	17	83
14	17	19
14	17	31
14	17	38
14	17	95
14	17	50
14	17	181
14	17	122
14	17	59
14	65	18
14	65	29
14	19	3
14	19	10
14	19	15
14	19	17
14	19	19
14	19	29
14	19	104
14	19	155
14	19	38
14	20	10
14	21	100
14	21	92
14	21	7
14	21	9
14	21	10
14	21	83
14	21	17
14	21	29
14	21	104
14	21	132
14	21	43
14	21	75
14	21	88
14	21	52
14	21	54
14	22	4
14	22	15
14	22	17
14	22	21
14	136	46
14	24	70
14	24	28
14	24	31
14	114	7
14	25	3
14	25	10
14	25	27
14	84	153
14	27	10
14	27	17
14	27	28
14	27	33
14	27	34
14	27	42
14	27	46
14	27	52
14	28	0
14	28	163
14	28	6
14	28	165
14	28	9
14	28	10
14	28	15
14	28	130
14	28	21
14	28	71
14	28	34
14	28	132
14	28	188
14	28	172
14	28	59
14	28	99
14	29	10
14	29	21
14	29	59
14	30	108
14	30	10
14	30	28
14	30	75
14	30	51
14	30	56
14	104	151
14	31	2
14	31	3
14	31	4
14	31	10
14	31	15
14	31	82
14	31	17
14	31	24
14	31	66
14	31	28
14	31	29
14	31	38
14	31	48
14	31	50
14	31	52
14	31	53
14	31	122
14	31	56
14	31	59
14	33	0
14	33	1
14	33	9
14	33	10
14	33	27
14	33	34
14	72	8
14	72	10
14	72	15
14	72	65
14	72	21
14	72	118
14	72	48
14	72	51
14	72	127
14	93	10
14	93	28
14	93	90
14	118	72
14	34	9
14	34	10
14	34	25
14	34	27
14	34	68
14	132	0
14	132	75
14	132	89
14	119	10
14	119	34
14	115	99
14	37	4
14	37	8
14	37	10
14	37	17
14	37	65
14	37	28
14	37	31
14	37	33
14	37	48
14	38	3
14	38	5
14	38	6
14	38	7
14	38	8
14	38	10
14	38	15
14	38	17
14	38	25
14	38	33
14	38	34
14	38	45
14	38	59
14	39	4
14	40	10
14	41	10
14	41	72
14	125	99
14	135	10
14	135	99
14	137	46
14	42	7
14	42	10
14	42	15
14	42	28
14	42	38
14	42	46
14	95	8
14	95	10
14	95	21
14	95	135
14	95	43
14	95	111
14	95	59
14	95	99
14	95	61
14	121	0
14	121	3
14	121	10
14	121	28
14	121	31
14	121	112
14	121	205
14	121	59
14	43	31
14	44	1
14	44	10
14	44	65
14	96	0
14	96	17
14	96	21
14	75	0
14	75	10
14	75	28
14	75	89
14	75	77
14	75	99
14	88	0
14	88	10
14	88	15
14	88	28
14	88	52
14	45	81
14	45	1
14	45	3
14	45	4
14	45	6
14	45	7
14	45	9
14	45	10
14	45	15
14	45	17
14	45	65
14	45	28
14	45	33
14	45	34
14	45	38
14	45	95
14	45	46
14	45	49
14	45	54
14	45	59
14	45	99
14	46	3
14	46	7
14	46	10
14	46	25
14	46	33
14	46	34
14	46	45
14	46	52
14	46	55
14	46	59
14	46	68
14	47	10
14	47	15
14	47	28
14	47	33
14	47	34
14	47	46
14	48	14
14	48	21
14	48	31
14	49	10
14	50	1
14	50	2
14	50	3
14	50	6
14	50	7
14	50	15
14	50	17
14	50	65
14	50	54
14	89	28
14	76	4
14	76	10
14	76	126
14	51	10
14	51	65
14	77	3
14	52	92
14	52	10
14	52	16
14	52	25
14	52	27
14	52	42
14	52	46
14	52	206
14	52	55
14	52	59
14	52	68
14	138	10
14	126	4
14	126	153
14	126	10
14	126	15
14	126	99
14	54	7
14	54	9
14	54	65
14	54	29
14	54	44
14	111	34
14	111	99
14	55	0
14	55	10
14	55	25
14	55	27
14	55	34
14	55	119
14	55	89
14	55	52
14	56	4
14	56	10
14	56	15
14	56	17
14	56	65
14	56	19
14	56	28
14	56	31
14	56	126
14	56	54
14	90	1
14	90	3
14	90	8
14	90	9
14	90	10
14	90	21
14	90	28
14	90	34
14	90	43
14	90	78
14	90	55
14	90	59
14	90	99
14	57	10
14	57	21
14	57	99
14	59	192
14	59	0
14	59	81
14	59	1
14	59	2
14	59	3
14	59	163
14	59	109
14	59	6
14	59	7
14	59	8
14	59	9
14	59	10
14	59	12
14	59	166
14	59	15
14	59	16
14	59	139
14	59	64
14	59	17
14	59	65
14	59	19
14	59	21
14	59	114
14	59	25
14	59	183
14	59	28
14	59	29
14	59	104
14	59	31
14	59	197
14	59	32
14	59	33
14	59	34
14	59	133
14	59	37
14	59	38
14	59	42
14	59	112
14	59	43
14	59	96
14	59	88
14	59	97
14	59	46
14	59	50
14	59	89
14	59	146
14	59	77
14	59	181
14	59	52
14	59	138
14	59	176
14	59	141
14	59	54
14	59	55
14	59	67
14	59	99
14	68	10
14	123	10
14	123	34
14	123	52
14	99	62
14	99	1
14	99	3
14	99	8
14	99	9
14	99	10
14	99	11
14	99	15
14	99	65
14	99	71
14	99	25
14	99	28
14	99	31
14	99	33
14	99	34
14	99	115
14	99	95
14	99	43
14	99	46
14	99	51
14	99	77
14	99	54
14	99	111
14	99	90
14	99	61
14	99	69
14	61	10
14	61	15
14	61	28
14	61	34
14	61	99
14	69	7
14	69	10
14	69	15
14	69	65
14	69	21
14	69	99
15	107	99
15	80	10
15	80	25
15	80	56
15	0	108
15	0	3
15	0	75
15	81	7
15	81	9
15	81	10
15	81	15
15	81	17
15	81	33
15	81	34
15	81	38
15	81	46
15	63	4
15	63	8
15	63	10
15	63	15
15	63	17
15	63	21
15	63	76
15	63	51
15	1	63
15	1	3
15	1	7
15	1	9
15	1	10
15	1	15
15	1	21
15	1	27
15	1	28
15	1	33
15	1	34
15	1	38
15	1	191
15	1	75
15	1	46
15	1	47
15	1	76
15	1	202
15	1	99
15	2	139
15	2	66
15	2	28
15	2	48
15	3	10
15	3	19
15	3	21
15	3	38
15	3	42
15	3	95
15	3	43
15	3	51
15	3	53
15	3	55
15	3	61
15	4	7
15	4	10
15	4	72
15	4	95
15	4	48
15	4	126
15	5	81
15	5	9
15	5	10
15	5	28
15	5	31
15	5	45
15	6	3
15	6	4
15	6	7
15	6	8
15	6	9
15	6	10
15	6	15
15	6	17
15	6	28
15	6	33
15	6	34
15	6	38
15	6	45
15	6	46
15	6	54
15	101	10
15	101	65
15	101	99
15	101	61
15	7	1
15	7	4
15	7	101
15	7	9
15	7	10
15	7	15
15	7	17
15	7	65
15	7	21
15	7	28
15	7	33
15	7	34
15	7	38
15	7	45
15	7	46
15	7	54
15	7	59
15	7	99
15	8	7
15	8	17
15	9	4
15	9	6
15	9	7
15	9	10
15	9	15
15	9	17
15	9	65
15	9	28
15	9	33
15	9	34
15	9	38
15	9	45
15	9	46
15	9	48
15	9	54
15	10	9
15	10	17
15	10	21
15	10	25
15	10	27
15	10	29
15	10	33
15	10	34
15	10	38
15	10	43
15	10	46
15	10	47
15	10	76
15	10	77
15	10	138
15	10	123
15	11	3
15	11	10
15	11	95
15	11	48
15	11	99
15	11	61
15	86	4
15	86	10
15	86	28
15	86	33
15	86	34
15	12	10
15	12	25
15	12	38
15	15	2
15	15	3
15	15	4
15	15	7
15	15	8
15	15	9
15	15	10
15	15	12
15	15	14
15	15	17
15	15	19
15	15	71
15	15	24
15	15	25
15	15	84
15	15	29
15	15	74
15	15	96
15	15	48
15	15	76
15	15	53
15	15	54
15	15	67
15	15	99
15	139	10
15	64	45
15	140	9
15	17	4
15	17	9
15	17	10
15	17	19
15	17	133
15	17	38
15	18	15
15	65	14
15	65	29
15	19	3
15	19	8
15	19	10
15	19	15
15	19	17
15	19	66
15	19	29
15	19	37
15	19	155
15	19	38
15	19	43
15	19	76
15	19	77
15	19	122
15	21	0
15	21	2
15	21	3
15	21	92
15	21	7
15	21	17
15	21	24
15	21	25
15	21	28
15	21	29
15	21	104
15	21	42
15	21	43
15	21	89
15	21	52
15	21	142
15	21	56
15	21	61
15	22	63
15	22	1
15	22	4
15	22	17
15	22	51
15	23	28
15	24	63
15	114	138
15	25	10
15	25	27
15	25	34
15	25	46
15	25	52
15	25	68
15	27	10
15	27	15
15	27	17
15	27	28
15	27	33
15	27	34
15	27	43
15	27	46
15	27	52
15	28	6
15	28	9
15	28	21
15	28	71
15	28	27
15	28	104
15	28	38
15	28	121
15	28	172
15	28	96
15	28	77
15	28	52
15	28	59
15	29	21
15	30	10
15	30	22
15	30	28
15	30	75
15	30	99
15	104	151
15	31	81
15	31	4
15	31	6
15	31	15
15	31	17
15	31	19
15	31	21
15	31	24
15	31	66
15	31	28
15	31	30
15	31	37
15	31	48
15	31	50
15	31	76
15	31	51
15	31	77
15	31	52
15	31	56
15	33	1
15	33	9
15	33	27
15	33	34
15	33	46
15	72	1
15	72	8
15	72	10
15	72	65
15	72	118
15	72	34
15	72	51
15	72	127
15	93	10
15	93	122
15	118	7
15	118	34
15	118	41
15	34	10
15	34	27
15	34	38
15	34	52
15	119	10
15	119	34
15	119	55
15	37	4
15	37	10
15	37	17
15	37	65
15	37	31
15	37	33
15	37	34
15	37	45
15	37	48
15	38	5
15	38	7
15	38	8
15	38	10
15	38	17
15	38	21
15	38	25
15	38	33
15	38	34
15	38	43
15	38	45
15	38	52
15	38	59
15	39	4
15	39	38
15	74	70
15	40	10
15	41	10
15	125	99
15	135	10
15	137	196
15	42	8
15	42	10
15	42	15
15	42	25
15	42	28
15	42	95
15	42	46
15	95	107
15	95	1
15	95	4
15	95	6
15	95	7
15	95	8
15	95	15
15	95	19
15	95	21
15	95	31
15	95	33
15	95	35
15	95	43
15	95	111
15	95	55
15	95	59
15	95	99
15	121	10
15	121	28
15	43	3
15	43	17
15	43	19
15	43	21
15	43	24
15	43	104
15	43	31
15	96	16
15	96	21
15	75	0
15	75	10
15	75	33
15	75	88
15	88	10
15	45	1
15	45	3
15	45	4
15	45	6
15	45	7
15	45	8
15	45	9
15	45	10
15	45	15
15	45	17
15	45	65
15	45	25
15	45	28
15	45	33
15	45	34
15	45	38
15	45	95
15	45	46
15	45	54
15	45	55
15	45	59
15	45	99
15	46	3
15	46	10
15	46	25
15	46	28
15	46	33
15	46	34
15	46	52
15	46	68
15	47	15
15	47	27
15	47	28
15	47	33
15	47	34
15	47	46
15	48	7
15	48	14
15	49	10
15	50	4
15	50	6
15	50	7
15	50	10
15	50	15
15	50	16
15	50	17
15	50	65
15	50	54
15	50	59
15	76	10
15	76	34
15	51	8
15	51	10
15	77	3
15	52	3
15	52	10
15	52	15
15	52	27
15	52	28
15	52	33
15	52	34
15	52	40
15	52	42
15	52	46
15	52	68
15	126	4
15	126	153
15	126	10
15	126	15
15	141	3
15	54	9
15	54	29
15	116	32
15	116	132
15	55	10
15	55	15
15	55	65
15	55	28
15	55	119
15	55	42
15	142	15
15	56	3
15	56	4
15	56	10
15	56	15
15	56	17
15	56	65
15	56	28
15	56	31
15	56	54
15	90	0
15	90	1
15	90	7
15	90	8
15	90	10
15	90	15
15	90	17
15	90	25
15	90	28
15	90	33
15	90	34
15	90	38
15	90	43
15	90	55
15	90	59
15	90	99
15	90	61
15	57	10
15	143	10
15	59	100
15	59	0
15	59	63
15	59	1
15	59	2
15	59	3
15	59	6
15	59	7
15	59	8
15	59	9
15	59	10
15	59	166
15	59	15
15	59	16
15	59	139
15	59	17
15	59	65
15	59	19
15	59	21
15	59	114
15	59	25
15	59	66
15	59	27
15	59	28
15	59	207
15	59	29
15	59	104
15	59	31
15	59	32
15	59	33
15	59	34
15	59	38
15	59	42
15	59	96
15	59	88
15	59	45
15	59	46
15	59	206
15	59	48
15	59	50
15	59	181
15	59	52
15	59	138
15	59	126
15	59	54
15	59	55
15	59	142
15	59	56
15	59	67
15	59	68
15	59	99
15	68	163
15	68	10
15	123	10
15	123	52
15	99	0
15	99	1
15	99	3
15	99	4
15	99	101
15	99	7
15	99	10
15	99	11
15	99	15
15	99	17
15	99	65
15	99	19
15	99	21
15	99	25
15	99	28
15	99	31
15	99	33
15	99	34
15	99	125
15	99	137
15	99	42
15	99	95
15	99	121
15	99	43
15	99	44
15	99	54
15	99	111
15	99	56
15	99	61
15	99	69
15	61	3
15	61	10
15	61	28
15	61	34
15	61	35
15	61	43
15	61	99
15	69	4
15	69	7
15	69	10
15	69	15
15	69	21
15	69	104
15	69	99
16	107	99
16	80	10
16	80	56
16	0	15
16	0	93
16	0	75
16	81	4
16	81	6
16	81	7
16	81	10
16	81	15
16	81	17
16	81	33
16	81	34
16	81	46
16	81	138
16	63	1
16	63	4
16	63	8
16	63	10
16	63	17
16	63	21
16	63	30
16	63	43
16	63	76
16	63	51
16	1	6
16	1	7
16	1	9
16	1	10
16	1	102
16	1	15
16	1	177
16	1	130
16	1	21
16	1	22
16	1	28
16	1	33
16	1	34
16	1	135
16	1	45
16	1	46
16	1	47
16	1	54
16	1	99
16	2	30
16	2	48
16	2	58
16	108	34
16	3	107
16	3	4
16	3	10
16	3	15
16	3	17
16	3	19
16	3	21
16	3	25
16	3	38
16	3	43
16	3	44
16	3	45
16	3	51
16	3	53
16	3	55
16	3	56
16	3	59
16	4	1
16	4	7
16	4	9
16	4	10
16	4	17
16	4	72
16	4	95
16	4	48
16	4	76
16	5	81
16	5	9
16	5	10
16	5	31
16	5	38
16	5	45
16	6	4
16	6	9
16	6	10
16	6	15
16	6	17
16	6	65
16	6	28
16	6	33
16	6	34
16	6	38
16	6	45
16	6	46
16	6	54
16	6	143
16	101	10
16	101	15
16	101	65
16	101	44
16	101	99
16	7	63
16	7	1
16	7	3
16	7	4
16	7	5
16	7	7
16	7	9
16	7	10
16	7	15
16	7	17
16	7	65
16	7	21
16	7	28
16	7	33
16	7	34
16	7	38
16	7	95
16	7	45
16	7	46
16	7	54
16	7	59
16	7	99
16	8	15
16	8	17
16	9	1
16	9	4
16	9	6
16	9	7
16	9	8
16	9	10
16	9	15
16	9	17
16	9	65
16	9	28
16	9	33
16	9	34
16	9	38
16	9	75
16	9	45
16	9	46
16	9	48
16	9	54
16	10	107
16	10	101
16	10	8
16	10	9
16	10	10
16	10	130
16	10	21
16	10	114
16	10	25
16	10	27
16	10	28
16	10	29
16	10	33
16	10	72
16	10	34
16	10	38
16	10	42
16	10	46
16	10	52
16	10	138
16	10	54
16	10	55
16	10	99
16	10	61
16	11	3
16	11	10
16	11	95
16	11	90
16	11	99
16	11	61
16	86	4
16	86	10
16	86	28
16	86	34
16	86	48
16	12	10
16	12	25
16	12	38
16	12	99
16	13	10
16	14	31
16	15	2
16	15	3
16	15	4
16	15	7
16	15	9
16	15	10
16	15	139
16	15	17
16	15	21
16	15	31
16	15	34
16	15	133
16	15	43
16	15	54
16	15	58
16	15	99
16	16	15
16	16	65
16	16	19
16	16	48
16	16	53
16	16	54
16	139	10
16	82	10
16	64	7
16	64	9
16	64	45
16	83	0
16	83	2
16	83	31
16	17	63
16	17	1
16	17	4
16	17	6
16	17	7
16	17	9
16	17	10
16	17	139
16	17	38
16	17	47
16	17	59
16	65	63
16	65	7
16	65	9
16	19	3
16	19	6
16	19	7
16	19	10
16	19	15
16	19	17
16	19	19
16	19	104
16	19	31
16	19	133
16	19	37
16	19	38
16	19	50
16	19	122
16	21	63
16	21	4
16	21	160
16	21	8
16	21	9
16	21	15
16	21	71
16	21	24
16	21	28
16	21	29
16	21	31
16	21	33
16	21	38
16	21	43
16	21	44
16	21	89
16	21	77
16	21	99
16	22	63
16	22	1
16	22	4
16	22	17
16	22	43
16	22	56
16	71	3
16	71	57
16	23	28
16	114	138
16	25	10
16	25	46
16	25	68
16	27	10
16	27	15
16	27	17
16	27	25
16	27	28
16	27	33
16	27	34
16	27	42
16	27	46
16	27	52
16	27	55
16	28	0
16	28	3
16	28	10
16	28	21
16	28	104
16	28	110
16	28	43
16	28	75
16	29	21
16	30	10
16	30	21
16	30	22
16	30	28
16	30	46
16	30	99
16	104	15
16	31	2
16	31	4
16	31	12
16	31	14
16	31	15
16	31	17
16	31	66
16	31	28
16	31	30
16	31	73
16	31	38
16	31	43
16	31	48
16	31	50
16	31	76
16	31	51
16	31	52
16	31	56
16	33	9
16	33	10
16	33	27
16	33	34
16	33	42
16	72	7
16	72	10
16	72	21
16	72	104
16	72	51
16	72	127
16	118	41
16	144	10
16	34	10
16	34	25
16	34	33
16	34	38
16	34	68
16	132	89
16	132	55
16	119	1
16	119	10
16	119	28
16	119	34
16	119	55
16	133	3
16	37	10
16	37	15
16	37	17
16	37	65
16	37	25
16	37	28
16	37	31
16	37	34
16	37	38
16	37	45
16	37	48
16	37	51
16	37	55
16	38	3
16	38	7
16	38	8
16	38	9
16	38	10
16	38	34
16	38	45
16	38	46
16	38	111
16	38	59
16	39	4
16	40	10
16	41	10
16	145	203
16	125	99
16	135	8
16	135	10
16	135	94
16	135	99
16	120	25
16	42	10
16	42	15
16	42	25
16	42	27
16	42	52
16	42	68
16	95	1
16	95	4
16	95	7
16	95	8
16	95	10
16	95	15
16	95	21
16	95	104
16	95	54
16	95	55
16	95	99
16	121	91
16	121	3
16	121	10
16	43	3
16	43	4
16	43	19
16	43	21
16	43	31
16	43	77
16	43	59
16	44	1
16	44	101
16	44	35
16	96	21
16	75	0
16	75	10
16	75	15
16	75	28
16	88	10
16	88	28
16	88	34
16	45	81
16	45	3
16	45	4
16	45	6
16	45	7
16	45	8
16	45	9
16	45	10
16	45	15
16	45	64
16	45	17
16	45	65
16	45	28
16	45	33
16	45	34
16	45	38
16	45	95
16	45	46
16	45	54
16	45	55
16	45	59
16	46	3
16	46	10
16	46	25
16	46	28
16	46	33
16	46	34
16	46	38
16	46	45
16	46	52
16	46	59
16	46	68
16	47	15
16	47	28
16	47	33
16	47	34
16	47	46
16	48	1
16	48	28
16	48	31
16	49	10
16	50	1
16	50	4
16	50	6
16	50	7
16	50	15
16	50	17
16	50	65
16	50	72
16	50	54
16	50	59
16	76	4
16	76	10
16	76	45
16	51	1
16	51	3
16	51	10
16	146	61
16	77	3
16	52	1
16	52	92
16	52	10
16	52	25
16	52	27
16	52	34
16	52	42
16	52	55
16	52	68
16	52	61
16	126	4
16	126	153
16	126	15
16	126	34
16	126	51
16	141	3
16	98	15
16	54	44
16	116	7
16	116	89
16	55	10
16	55	15
16	55	65
16	55	25
16	55	28
16	55	34
16	55	52
16	147	10
16	56	1
16	56	2
16	56	4
16	56	10
16	56	15
16	56	17
16	56	65
16	56	28
16	56	31
16	56	38
16	56	54
16	56	99
16	90	0
16	90	1
16	90	7
16	90	8
16	90	10
16	90	15
16	90	21
16	90	25
16	90	28
16	90	104
16	90	33
16	90	34
16	90	38
16	90	43
16	90	208
16	90	55
16	90	59
16	90	68
16	90	99
16	90	61
16	143	21
16	59	0
16	59	1
16	59	2
16	59	3
16	59	199
16	59	6
16	59	7
16	59	8
16	59	9
16	59	10
16	59	12
16	59	166
16	59	15
16	59	16
16	59	139
16	59	17
16	59	19
16	59	21
16	59	114
16	59	25
16	59	66
16	59	27
16	59	28
16	59	31
16	59	197
16	59	33
16	59	34
16	59	87
16	59	38
16	59	137
16	59	42
16	59	156
16	59	43
16	59	75
16	59	88
16	59	97
16	59	46
16	59	52
16	59	55
16	59	56
16	59	58
16	59	68
16	59	99
16	68	163
16	68	10
16	68	25
16	68	34
16	68	46
16	99	3
16	99	4
16	99	6
16	99	101
16	99	8
16	99	9
16	99	10
16	99	15
16	99	17
16	99	65
16	99	19
16	99	21
16	99	71
16	99	25
16	99	28
16	99	104
16	99	31
16	99	34
16	99	125
16	99	137
16	99	95
16	99	121
16	99	43
16	99	51
16	99	111
16	99	56
16	99	59
16	99	99
16	99	61
16	61	10
16	61	17
16	61	25
16	61	28
16	61	38
16	61	75
16	61	99
16	69	10
16	69	21
16	69	99
17	107	99
17	80	10
17	80	56
17	0	28
17	0	75
17	81	4
17	81	9
17	81	10
17	81	15
17	81	17
17	81	33
17	81	34
17	81	46
17	63	4
17	63	7
17	63	8
17	63	10
17	63	15
17	63	17
17	63	21
17	63	29
17	63	34
17	63	76
17	63	51
17	63	126
17	1	1
17	1	3
17	1	4
17	1	7
17	1	9
17	1	10
17	1	15
17	1	21
17	1	27
17	1	28
17	1	33
17	1	72
17	1	34
17	1	38
17	1	135
17	1	45
17	1	46
17	1	52
17	1	90
17	1	99
17	1	61
17	2	3
17	2	8
17	2	48
17	108	34
17	108	46
17	3	2
17	3	10
17	3	15
17	3	19
17	3	21
17	3	25
17	3	31
17	3	34
17	3	38
17	3	50
17	3	51
17	4	2
17	4	7
17	4	9
17	4	10
17	4	17
17	4	95
17	4	48
17	4	76
17	5	81
17	5	9
17	5	10
17	5	15
17	5	31
17	5	45
17	6	4
17	6	7
17	6	9
17	6	10
17	6	15
17	6	17
17	6	65
17	6	25
17	6	28
17	6	33
17	6	34
17	6	38
17	6	43
17	6	45
17	6	54
17	6	56
17	6	143
17	101	10
17	101	99
17	7	81
17	7	1
17	7	3
17	7	4
17	7	5
17	7	6
17	7	209
17	7	9
17	7	10
17	7	12
17	7	15
17	7	139
17	7	17
17	7	65
17	7	21
17	7	71
17	7	25
17	7	27
17	7	28
17	7	29
17	7	104
17	7	33
17	7	34
17	7	155
17	7	38
17	7	45
17	7	46
17	7	47
17	7	52
17	7	54
17	7	56
17	7	59
17	7	99
17	7	61
17	8	3
17	8	9
17	8	19
17	8	34
17	8	46
17	9	4
17	9	6
17	9	7
17	9	10
17	9	15
17	9	17
17	9	65
17	9	28
17	9	33
17	9	34
17	9	38
17	9	43
17	9	75
17	9	45
17	9	46
17	9	48
17	9	54
17	10	7
17	10	8
17	10	9
17	10	15
17	10	17
17	10	21
17	10	114
17	10	25
17	10	26
17	10	27
17	10	28
17	10	31
17	10	33
17	10	34
17	10	38
17	10	43
17	10	46
17	10	52
17	10	55
17	10	99
17	11	3
17	11	10
17	11	34
17	11	58
17	11	99
17	11	61
17	86	10
17	86	28
17	86	48
17	86	99
17	12	38
17	70	56
17	15	3
17	15	4
17	15	7
17	15	8
17	15	9
17	15	10
17	15	17
17	15	19
17	15	21
17	15	28
17	15	51
17	15	54
17	15	59
17	15	99
17	16	59
17	139	10
17	82	10
17	64	31
17	64	38
17	64	45
17	83	16
17	17	4
17	17	9
17	17	10
17	17	139
17	17	65
17	17	38
17	17	45
17	17	54
17	17	59
17	65	37
17	148	210
17	19	3
17	19	7
17	19	10
17	19	15
17	19	17
17	19	24
17	19	104
17	19	31
17	19	133
17	19	38
17	19	48
17	19	50
17	19	122
17	19	59
17	19	68
17	21	107
17	21	92
17	21	7
17	21	10
17	21	25
17	21	28
17	21	29
17	21	31
17	21	34
17	21	132
17	21	38
17	21	43
17	21	59
17	22	63
17	22	3
17	22	4
17	22	17
17	22	21
17	22	29
17	22	34
17	22	43
17	22	45
17	71	28
17	23	28
17	149	28
17	114	59
17	25	10
17	25	119
17	25	55
17	25	68
17	27	0
17	27	1
17	27	8
17	27	10
17	27	15
17	27	17
17	27	25
17	27	28
17	27	31
17	27	33
17	27	34
17	27	42
17	27	43
17	27	46
17	27	55
17	27	59
17	27	68
17	28	165
17	28	10
17	28	21
17	28	25
17	28	34
17	28	187
17	28	121
17	28	43
17	28	57
17	29	21
17	29	29
17	29	59
17	30	10
17	30	22
17	30	28
17	30	34
17	30	46
17	104	21
17	104	56
17	31	2
17	31	3
17	31	4
17	31	6
17	31	8
17	31	9
17	31	14
17	31	15
17	31	17
17	31	24
17	31	66
17	31	28
17	31	30
17	31	38
17	31	121
17	31	48
17	31	50
17	31	76
17	31	52
17	31	53
17	31	122
17	31	56
17	31	67
17	33	9
17	33	27
17	33	172
17	33	46
17	33	90
17	72	7
17	72	10
17	72	15
17	72	17
17	72	118
17	72	51
17	72	127
17	93	57
17	93	61
17	118	10
17	118	72
17	144	10
17	144	34
17	34	9
17	34	10
17	34	17
17	34	25
17	34	38
17	34	46
17	34	54
17	34	55
17	34	68
17	119	1
17	119	7
17	119	10
17	119	28
17	119	55
17	110	28
17	115	99
17	133	3
17	37	4
17	37	10
17	37	17
17	37	45
17	37	48
17	37	55
17	38	3
17	38	4
17	38	7
17	38	8
17	38	9
17	38	10
17	38	15
17	38	139
17	38	25
17	38	33
17	38	34
17	38	39
17	38	45
17	38	48
17	38	111
17	38	55
17	38	59
17	38	68
17	38	99
17	39	63
17	39	4
17	74	31
17	40	10
17	150	66
17	41	10
17	41	34
17	125	99
17	135	8
17	135	10
17	135	15
17	135	130
17	135	28
17	135	88
17	135	99
17	42	7
17	42	10
17	42	21
17	42	25
17	42	28
17	42	34
17	42	52
17	42	68
17	95	1
17	95	7
17	95	10
17	95	15
17	95	65
17	95	19
17	95	28
17	95	31
17	95	34
17	95	99
17	121	3
17	121	10
17	121	15
17	121	25
17	121	28
17	121	34
17	43	3
17	43	10
17	43	21
17	43	31
17	43	44
17	43	50
17	43	61
17	44	1
17	44	15
17	44	16
17	44	65
17	44	21
17	75	0
17	75	10
17	75	28
17	75	34
17	75	43
17	75	89
17	75	77
17	88	10
17	88	25
17	88	30
17	88	51
17	88	68
17	45	1
17	45	3
17	45	4
17	45	6
17	45	7
17	45	8
17	45	9
17	45	10
17	45	15
17	45	17
17	45	65
17	45	28
17	45	33
17	45	34
17	45	38
17	45	95
17	45	43
17	45	46
17	45	48
17	45	49
17	45	54
17	45	55
17	45	59
17	45	99
17	46	3
17	46	10
17	46	15
17	46	25
17	46	33
17	46	34
17	46	75
17	46	52
17	46	54
17	46	55
17	46	59
17	46	68
17	47	8
17	47	15
17	47	27
17	47	28
17	47	33
17	47	34
17	47	46
17	47	52
17	48	1
17	48	31
17	48	44
17	48	59
17	49	10
17	50	1
17	50	4
17	50	6
17	50	7
17	50	10
17	50	15
17	50	17
17	50	65
17	50	54
17	50	55
17	151	104
17	76	4
17	76	10
17	76	22
17	51	1
17	51	3
17	51	15
17	51	38
17	51	43
17	51	45
17	51	127
17	77	3
17	77	15
17	52	10
17	52	85
17	52	15
17	52	25
17	52	27
17	52	28
17	52	33
17	52	38
17	52	42
17	52	96
17	52	47
17	52	55
17	52	59
17	52	68
17	126	4
17	126	153
17	126	15
17	141	3
17	54	8
17	54	9
17	54	65
17	54	29
17	55	163
17	55	8
17	55	10
17	55	25
17	55	28
17	55	34
17	55	119
17	55	43
17	55	51
17	55	52
17	55	59
17	147	10
17	147	118
17	56	4
17	56	10
17	56	15
17	56	17
17	56	65
17	56	25
17	56	28
17	56	31
17	56	43
17	56	126
17	56	54
17	56	90
17	56	99
17	90	0
17	90	1
17	90	4
17	90	8
17	90	10
17	90	15
17	90	19
17	90	21
17	90	25
17	90	28
17	90	34
17	90	38
17	90	42
17	90	43
17	90	49
17	90	55
17	90	58
17	90	59
17	90	68
17	90	99
17	59	1
17	59	2
17	59	3
17	59	199
17	59	6
17	59	174
17	59	7
17	59	8
17	59	9
17	59	10
17	59	14
17	59	15
17	59	16
17	59	139
17	59	64
17	59	17
17	59	19
17	59	21
17	59	114
17	59	25
17	59	66
17	59	27
17	59	28
17	59	29
17	59	104
17	59	31
17	59	197
17	59	32
17	59	33
17	59	34
17	59	37
17	59	38
17	59	42
17	59	43
17	59	75
17	59	88
17	59	97
17	59	45
17	59	46
17	59	48
17	59	51
17	59	77
17	59	52
17	59	208
17	59	55
17	59	142
17	59	56
17	59	68
17	59	99
17	59	61
17	127	43
17	68	10
17	152	210
17	99	0
17	99	3
17	99	101
17	99	10
17	99	11
17	99	15
17	99	83
17	99	17
17	99	65
17	99	21
17	99	71
17	99	25
17	99	28
17	99	31
17	99	34
17	99	115
17	99	135
17	99	137
17	99	120
17	99	42
17	99	95
17	99	121
17	99	43
17	99	88
17	99	46
17	99	48
17	99	77
17	99	111
17	99	56
17	99	90
17	99	59
17	99	99
17	99	61
17	99	69
17	61	10
17	61	43
17	61	99
17	69	10
17	69	99
18	107	99
18	80	10
18	80	31
18	80	56
18	0	1
18	0	108
18	0	43
18	0	75
18	81	4
18	81	10
18	81	15
18	81	17
18	81	65
18	81	28
18	81	33
18	81	34
18	81	46
18	81	54
18	63	3
18	63	4
18	63	8
18	63	10
18	63	15
18	63	17
18	63	21
18	63	29
18	63	54
18	63	59
18	63	99
18	1	1
18	1	4
18	1	6
18	1	7
18	1	8
18	1	9
18	1	10
18	1	15
18	1	21
18	1	27
18	1	28
18	1	33
18	1	34
18	1	38
18	1	135
18	1	45
18	1	46
18	1	47
18	1	52
18	1	54
18	1	90
18	2	3
18	2	153
18	2	6
18	2	28
18	2	48
18	2	99
18	108	4
18	108	72
18	108	34
18	3	10
18	3	14
18	3	15
18	3	19
18	3	21
18	3	25
18	3	31
18	3	38
18	3	53
18	3	59
18	4	9
18	4	10
18	4	17
18	4	31
18	4	95
18	4	48
18	4	55
18	4	56
18	4	58
18	153	31
18	153	48
18	5	81
18	5	9
18	5	10
18	5	31
18	5	34
18	5	38
18	5	45
18	5	48
18	6	2
18	6	4
18	6	7
18	6	10
18	6	15
18	6	17
18	6	65
18	6	19
18	6	25
18	6	66
18	6	28
18	6	34
18	6	38
18	6	45
18	6	54
18	101	8
18	101	10
18	101	99
18	7	1
18	7	2
18	7	3
18	7	4
18	7	6
18	7	7
18	7	9
18	7	10
18	7	12
18	7	15
18	7	139
18	7	17
18	7	65
18	7	21
18	7	28
18	7	33
18	7	34
18	7	119
18	7	38
18	7	95
18	7	43
18	7	45
18	7	46
18	7	76
18	7	126
18	7	54
18	7	90
18	7	59
18	7	99
18	8	7
18	8	9
18	8	19
18	8	95
18	9	2
18	9	3
18	9	4
18	9	6
18	9	7
18	9	10
18	9	15
18	9	17
18	9	65
18	9	28
18	9	33
18	9	34
18	9	38
18	9	42
18	9	43
18	9	75
18	9	45
18	9	46
18	9	48
18	9	54
18	9	99
18	10	2
18	10	4
18	10	5
18	10	9
18	10	10
18	10	15
18	10	17
18	10	19
18	10	24
18	10	114
18	10	25
18	10	27
18	10	31
18	10	34
18	10	38
18	10	42
18	10	43
18	10	46
18	10	76
18	10	52
18	10	90
18	10	67
18	10	99
18	10	69
18	11	3
18	11	10
18	11	59
18	11	99
18	11	61
18	86	10
18	86	48
18	86	99
18	12	38
18	70	56
18	14	31
18	14	59
18	15	0
18	15	2
18	15	3
18	15	4
18	15	7
18	15	8
18	15	9
18	15	10
18	15	14
18	15	17
18	15	18
18	15	19
18	15	21
18	15	66
18	15	31
18	15	38
18	15	42
18	15	48
18	15	51
18	15	52
18	15	54
18	15	55
18	15	56
18	15	59
18	15	99
18	154	54
18	16	44
18	16	61
18	139	10
18	139	54
18	82	10
18	64	5
18	64	10
18	64	38
18	64	45
18	83	32
18	17	1
18	17	4
18	17	6
18	17	9
18	17	10
18	17	139
18	17	65
18	17	38
18	17	96
18	17	50
18	17	56
18	17	59
18	65	37
18	65	56
18	19	3
18	19	7
18	19	8
18	19	10
18	19	15
18	19	17
18	19	104
18	19	37
18	19	38
18	19	48
18	19	122
18	19	56
18	20	99
18	21	0
18	21	2
18	21	160
18	21	8
18	21	70
18	21	17
18	21	19
18	21	71
18	21	27
18	21	28
18	21	29
18	21	104
18	21	31
18	21	38
18	21	89
18	21	52
18	21	59
18	21	61
18	22	4
18	22	17
18	22	28
18	22	56
18	22	99
18	71	15
18	71	43
18	24	3
18	24	4
18	24	74
18	24	76
18	25	10
18	25	38
18	25	68
18	27	10
18	27	15
18	27	17
18	27	25
18	27	28
18	27	33
18	27	34
18	27	46
18	27	55
18	27	68
18	28	0
18	28	1
18	28	163
18	28	9
18	28	10
18	28	31
18	28	110
18	28	42
18	28	43
18	28	77
18	28	56
18	28	59
18	29	21
18	29	54
18	29	59
18	30	0
18	30	10
18	30	22
18	30	34
18	30	46
18	104	151
18	31	4
18	31	153
18	31	6
18	31	10
18	31	12
18	31	14
18	31	15
18	31	17
18	31	84
18	31	66
18	31	28
18	31	37
18	31	38
18	31	48
18	31	76
18	31	77
18	31	52
18	31	98
18	31	122
18	31	56
18	31	143
18	31	59
18	33	81
18	33	9
18	33	16
18	33	27
18	33	43
18	33	172
18	33	55
18	72	10
18	72	15
18	72	17
18	72	118
18	72	34
18	72	38
18	72	43
18	72	51
18	72	127
18	93	3
18	93	10
18	93	28
18	93	57
18	118	51
18	144	55
18	34	9
18	34	10
18	34	17
18	34	25
18	34	38
18	34	42
18	34	77
18	34	55
18	34	68
18	119	10
18	119	28
18	119	34
18	119	55
18	133	3
18	36	65
18	37	4
18	37	10
18	37	17
18	37	65
18	37	28
18	37	48
18	37	55
18	155	10
18	38	4
18	38	7
18	38	8
18	38	10
18	38	15
18	38	25
18	38	33
18	38	34
18	38	43
18	38	45
18	38	54
18	38	55
18	38	59
18	39	4
18	39	51
18	40	10
18	41	7
18	41	10
18	125	10
18	135	10
18	135	99
18	120	10
18	42	3
18	42	7
18	42	10
18	42	15
18	42	25
18	42	28
18	42	34
18	42	52
18	42	55
18	42	90
18	42	68
18	95	3
18	95	8
18	95	10
18	95	14
18	95	25
18	95	34
18	95	99
18	121	6
18	121	101
18	121	10
18	121	28
18	121	33
18	121	34
18	156	12
18	156	25
18	43	3
18	43	10
18	43	21
18	43	31
18	75	0
18	75	10
18	75	28
18	75	33
18	75	34
18	75	89
18	88	160
18	88	10
18	88	31
18	45	0
18	45	1
18	45	3
18	45	4
18	45	5
18	45	6
18	45	7
18	45	8
18	45	9
18	45	10
18	45	12
18	45	15
18	45	17
18	45	65
18	45	21
18	45	25
18	45	28
18	45	33
18	45	34
18	45	37
18	45	38
18	45	95
18	45	43
18	45	46
18	45	48
18	45	54
18	45	55
18	45	59
18	45	67
18	45	68
18	45	99
18	46	3
18	46	10
18	46	25
18	46	28
18	46	33
18	46	34
18	46	42
18	46	43
18	46	52
18	46	54
18	46	55
18	46	68
18	47	15
18	47	28
18	47	33
18	47	34
18	47	46
18	48	1
18	48	21
18	48	31
18	48	59
18	49	10
18	50	1
18	50	4
18	50	6
18	50	7
18	50	10
18	50	15
18	50	17
18	50	65
18	50	43
18	50	54
18	76	4
18	76	10
18	51	3
18	51	4
18	51	10
18	51	66
18	51	45
18	51	54
18	51	127
18	77	28
18	157	10
18	52	92
18	52	10
18	52	25
18	52	27
18	52	28
18	52	42
18	52	88
18	52	47
18	52	55
18	52	68
18	126	4
18	126	10
18	126	15
18	126	21
18	126	76
18	54	3
18	54	7
18	54	65
18	54	44
18	55	3
18	55	163
18	55	10
18	55	16
18	55	25
18	55	28
18	55	33
18	55	34
18	55	42
18	55	43
18	55	44
18	55	68
18	147	10
18	147	118
18	122	0
18	56	2
18	56	3
18	56	4
18	56	10
18	56	15
18	56	17
18	56	65
18	56	21
18	56	22
18	56	28
18	56	31
18	56	34
18	56	42
18	56	54
18	56	55
18	56	99
18	90	0
18	90	1
18	90	7
18	90	8
18	90	10
18	90	15
18	90	83
18	90	21
18	90	24
18	90	25
18	90	28
18	90	29
18	90	31
18	90	33
18	90	34
18	90	38
18	90	43
18	90	49
18	90	50
18	90	89
18	90	77
18	90	55
18	90	59
18	90	68
18	90	99
18	58	21
18	59	0
18	59	81
18	59	91
18	59	1
18	59	2
18	59	3
18	59	5
18	59	6
18	59	174
18	59	7
18	59	8
18	59	9
18	59	10
18	59	12
18	59	166
18	59	15
18	59	16
18	59	17
18	59	18
18	59	65
18	59	19
18	59	21
18	59	25
18	59	66
18	59	27
18	59	28
18	59	29
18	59	104
18	59	32
18	59	33
18	59	34
18	59	38
18	59	43
18	59	45
18	59	46
18	59	48
18	59	89
18	59	52
18	59	55
18	59	90
18	59	67
18	59	68
18	59	99
18	158	67
18	68	10
18	68	28
18	68	55
18	99	0
18	99	1
18	99	3
18	99	160
18	99	101
18	99	10
18	99	11
18	99	15
18	99	65
18	99	21
18	99	71
18	99	25
18	99	27
18	99	28
18	99	31
18	99	34
18	99	115
18	99	38
18	99	137
18	99	95
18	99	47
18	99	48
18	99	50
18	99	52
18	99	175
18	99	54
18	99	111
18	99	56
18	99	128
18	99	61
18	99	69
18	61	1
18	61	3
18	61	8
18	61	10
18	61	65
18	61	21
18	61	25
18	61	28
18	61	87
18	61	95
18	61	43
18	61	45
18	61	52
18	61	59
18	61	99
18	61	69
18	69	10
19	80	7
19	80	10
19	0	62
19	0	10
19	0	28
19	0	30
19	0	75
19	0	61
19	81	4
19	81	9
19	81	10
19	81	15
19	81	17
19	81	65
19	81	25
19	81	28
19	81	33
19	81	34
19	81	38
19	81	43
19	81	54
19	81	68
19	63	1
19	63	4
19	63	7
19	63	8
19	63	10
19	63	17
19	63	21
19	63	22
19	63	72
19	63	126
19	1	3
19	1	4
19	1	7
19	1	9
19	1	10
19	1	15
19	1	21
19	1	27
19	1	28
19	1	33
19	1	34
19	1	38
19	1	42
19	1	46
19	1	48
19	1	50
19	1	99
19	1	61
19	2	3
19	2	153
19	2	9
19	2	31
19	2	34
19	108	72
19	108	34
19	3	63
19	3	1
19	3	7
19	3	8
19	3	9
19	3	10
19	3	102
19	3	19
19	3	25
19	3	31
19	3	38
19	3	55
19	3	68
19	4	2
19	4	8
19	4	10
19	4	95
19	4	75
19	4	46
19	4	48
19	4	52
19	4	55
19	4	56
19	153	48
19	153	56
19	5	81
19	5	9
19	5	10
19	5	34
19	5	38
19	5	45
19	5	48
19	6	4
19	6	7
19	6	9
19	6	10
19	6	15
19	6	17
19	6	65
19	6	28
19	6	34
19	6	38
19	6	39
19	6	45
19	6	48
19	6	54
19	6	56
19	101	8
19	101	10
19	101	43
19	101	111
19	101	99
19	7	1
19	7	2
19	7	4
19	7	7
19	7	9
19	7	10
19	7	15
19	7	17
19	7	65
19	7	28
19	7	33
19	7	72
19	7	34
19	7	38
19	7	41
19	7	42
19	7	43
19	7	97
19	7	45
19	7	46
19	7	76
19	7	54
19	7	59
19	7	68
19	7	99
19	8	19
19	8	28
19	8	42
19	8	95
19	8	54
19	9	4
19	9	6
19	9	7
19	9	10
19	9	15
19	9	17
19	9	65
19	9	19
19	9	21
19	9	25
19	9	27
19	9	28
19	9	33
19	9	34
19	9	38
19	9	42
19	9	43
19	9	75
19	9	45
19	9	46
19	9	48
19	9	49
19	9	54
19	9	99
19	10	5
19	10	7
19	10	8
19	10	9
19	10	12
19	10	15
19	10	21
19	10	114
19	10	25
19	10	31
19	10	34
19	10	132
19	10	110
19	10	155
19	10	38
19	10	41
19	10	42
19	10	96
19	10	46
19	10	47
19	10	181
19	10	52
19	10	138
19	10	55
19	10	56
19	10	59
19	10	68
19	10	99
19	10	61
19	11	3
19	11	10
19	11	99
19	11	61
19	86	3
19	86	10
19	86	15
19	86	28
19	86	99
19	12	7
19	12	10
19	12	34
19	12	38
19	70	56
19	14	31
19	14	59
19	15	2
19	15	3
19	15	7
19	15	8
19	15	9
19	15	10
19	15	14
19	15	17
19	15	19
19	15	21
19	15	170
19	15	133
19	15	38
19	15	42
19	15	48
19	15	76
19	15	51
19	15	54
19	154	19
19	16	19
19	16	21
19	139	3
19	139	10
19	64	1
19	64	10
19	64	33
19	64	38
19	64	45
19	140	10
19	140	34
19	17	81
19	17	4
19	17	8
19	17	9
19	17	10
19	17	15
19	17	139
19	17	71
19	17	38
19	17	42
19	17	48
19	130	34
19	65	6
19	65	9
19	65	38
19	65	54
19	65	56
19	65	59
19	65	61
19	148	10
19	19	107
19	19	3
19	19	15
19	19	17
19	19	104
19	19	31
19	19	38
19	19	48
19	19	68
19	21	107
19	21	0
19	21	1
19	21	8
19	21	9
19	21	83
19	21	17
19	21	25
19	21	29
19	21	104
19	21	34
19	21	132
19	21	38
19	21	74
19	21	42
19	21	77
19	21	52
19	21	196
19	21	56
19	21	59
19	21	61
19	22	63
19	22	4
19	22	10
19	22	17
19	22	34
19	22	43
19	22	99
19	71	15
19	114	138
19	25	119
19	27	9
19	27	10
19	27	15
19	27	17
19	27	25
19	27	28
19	27	33
19	27	34
19	27	42
19	27	43
19	27	46
19	27	52
19	27	55
19	28	160
19	28	6
19	28	9
19	28	10
19	28	15
19	28	83
19	28	19
19	28	21
19	28	71
19	28	27
19	28	31
19	28	132
19	28	110
19	28	42
19	28	75
19	28	89
19	28	175
19	28	55
19	28	61
19	29	21
19	29	96
19	29	54
19	30	10
19	30	22
19	30	75
19	30	46
19	30	51
19	31	4
19	31	153
19	31	6
19	31	12
19	31	14
19	31	15
19	31	83
19	31	17
19	31	19
19	31	24
19	31	66
19	31	28
19	31	30
19	31	73
19	31	76
19	31	51
19	31	98
19	31	122
19	31	56
19	33	81
19	33	7
19	33	9
19	33	21
19	33	25
19	33	34
19	33	75
19	33	90
19	33	68
19	33	61
19	72	1
19	72	10
19	72	15
19	72	118
19	72	43
19	72	51
19	72	127
19	93	10
19	93	126
19	118	10
19	34	7
19	34	9
19	34	10
19	34	25
19	34	119
19	34	38
19	34	42
19	34	46
19	34	55
19	34	59
19	34	68
19	119	7
19	119	10
19	119	28
19	119	68
19	73	19
19	37	4
19	37	10
19	37	15
19	37	17
19	37	22
19	37	42
19	37	48
19	155	10
19	155	34
19	155	61
19	38	81
19	38	4
19	38	7
19	38	8
19	38	9
19	38	10
19	38	15
19	38	25
19	38	28
19	38	33
19	38	34
19	38	42
19	38	43
19	38	45
19	38	52
19	38	54
19	38	55
19	38	56
19	38	59
19	38	68
19	39	4
19	40	10
19	41	10
19	41	34
19	41	52
19	41	99
19	125	10
19	125	61
19	135	8
19	135	10
19	135	43
19	42	10
19	42	15
19	42	25
19	95	8
19	95	10
19	95	21
19	95	31
19	95	99
19	121	10
19	121	21
19	121	28
19	121	34
19	121	99
19	43	63
19	43	3
19	43	10
19	43	21
19	43	104
19	43	31
19	43	42
19	44	0
19	44	21
19	75	0
19	75	10
19	75	34
19	75	43
19	75	77
19	88	10
19	88	34
19	88	157
19	45	1
19	45	3
19	45	4
19	45	6
19	45	7
19	45	9
19	45	10
19	45	12
19	45	15
19	45	17
19	45	65
19	45	21
19	45	28
19	45	33
19	45	34
19	45	38
19	45	42
19	45	95
19	45	43
19	45	75
19	45	46
19	45	48
19	45	52
19	45	54
19	45	55
19	45	59
19	45	68
19	45	99
19	46	1
19	46	8
19	46	10
19	46	25
19	46	27
19	46	33
19	46	34
19	46	42
19	46	75
19	46	47
19	46	52
19	46	54
19	46	55
19	47	15
19	47	27
19	47	28
19	47	33
19	47	34
19	47	46
19	48	10
19	48	31
19	48	99
19	49	10
19	50	4
19	50	6
19	50	7
19	50	10
19	50	15
19	50	17
19	50	65
19	50	22
19	50	43
19	50	54
19	76	4
19	76	10
19	76	68
19	51	3
19	51	4
19	51	10
19	51	15
19	51	72
19	51	127
19	146	54
19	77	10
19	77	15
19	77	38
19	52	1
19	52	10
19	52	86
19	52	15
19	52	25
19	52	27
19	52	42
19	52	121
19	52	55
19	52	59
19	52	68
19	52	61
19	126	4
19	126	70
19	126	15
19	126	59
19	141	7
19	54	65
19	54	44
19	54	55
19	111	99
19	159	28
19	55	10
19	55	15
19	55	27
19	55	28
19	55	119
19	55	73
19	55	42
19	55	43
19	55	52
19	55	68
19	55	61
19	147	118
19	122	38
19	56	0
19	56	4
19	56	10
19	56	15
19	56	17
19	56	65
19	56	21
19	56	25
19	56	28
19	56	31
19	56	34
19	56	38
19	56	42
19	56	54
19	90	1
19	90	4
19	90	6
19	90	8
19	90	10
19	90	11
19	90	15
19	90	21
19	90	25
19	90	28
19	90	30
19	90	31
19	90	33
19	90	34
19	90	125
19	90	42
19	90	43
19	90	75
19	90	97
19	90	51
19	90	77
19	90	52
19	90	55
19	90	58
19	90	59
19	90	99
19	57	28
19	57	146
19	59	0
19	59	1
19	59	3
19	59	4
19	59	6
19	59	7
19	59	8
19	59	9
19	59	10
19	59	166
19	59	14
19	59	15
19	59	139
19	59	64
19	59	17
19	59	19
19	59	21
19	59	25
19	59	66
19	59	27
19	59	28
19	59	104
19	59	32
19	59	33
19	59	34
19	59	119
19	59	38
19	59	42
19	59	191
19	59	43
19	59	96
19	59	97
19	59	45
19	59	46
19	59	48
19	59	89
19	59	51
19	59	52
19	59	55
19	59	56
19	59	67
19	59	68
19	127	43
19	68	10
19	68	27
19	68	28
19	68	43
19	68	46
19	68	55
19	99	1
19	99	3
19	99	162
19	99	4
19	99	101
19	99	7
19	99	8
19	99	10
19	99	11
19	99	15
19	99	17
19	99	18
19	99	65
19	99	21
19	99	71
19	99	25
19	99	28
19	99	72
19	99	34
19	99	115
19	99	125
19	99	120
19	99	42
19	99	95
19	99	46
19	99	76
19	99	52
19	99	111
19	99	55
19	99	90
19	99	99
19	99	61
19	61	1
19	61	3
19	61	6
19	61	7
19	61	8
19	61	10
19	61	11
19	61	15
19	61	130
19	61	65
19	61	21
19	61	66
19	61	28
19	61	34
19	61	188
19	61	43
19	61	52
19	61	53
19	61	59
19	61	99
19	69	10
19	69	125
19	69	99
20	80	10
20	0	10
20	0	28
20	0	161
20	0	121
20	0	123
20	0	61
20	81	4
20	81	10
20	81	15
20	81	17
20	81	65
20	81	25
20	81	28
20	81	33
20	81	34
20	81	54
20	81	68
20	63	4
20	63	7
20	63	10
20	63	17
20	63	21
20	63	22
20	63	43
20	63	76
20	63	126
20	63	99
20	1	3
20	1	4
20	1	9
20	1	10
20	1	15
20	1	17
20	1	21
20	1	27
20	1	28
20	1	33
20	1	34
20	1	135
20	1	46
20	1	48
20	1	52
20	1	99
20	1	61
20	2	3
20	2	153
20	2	10
20	108	22
20	108	72
20	3	10
20	3	17
20	3	19
20	3	25
20	3	31
20	3	133
20	3	198
20	3	95
20	3	59
20	4	1
20	4	3
20	4	7
20	4	10
20	4	15
20	4	65
20	4	95
20	4	75
20	4	48
20	160	132
20	153	2
20	153	8
20	153	10
20	153	15
20	153	48
20	5	81
20	5	3
20	5	9
20	5	10
20	5	33
20	5	34
20	5	38
20	5	45
20	6	4
20	6	9
20	6	10
20	6	15
20	6	17
20	6	65
20	6	25
20	6	28
20	6	33
20	6	34
20	6	45
20	6	48
20	6	49
20	6	54
20	101	8
20	101	10
20	101	28
20	101	34
20	101	48
20	101	99
20	101	69
20	7	1
20	7	4
20	7	6
20	7	7
20	7	8
20	7	9
20	7	10
20	7	15
20	7	17
20	7	65
20	7	28
20	7	33
20	7	34
20	7	37
20	7	38
20	7	42
20	7	43
20	7	45
20	7	46
20	7	48
20	7	54
20	7	59
20	7	68
20	7	99
20	8	1
20	8	7
20	8	10
20	8	15
20	8	19
20	8	21
20	8	137
20	8	42
20	8	95
20	9	4
20	9	6
20	9	7
20	9	10
20	9	15
20	9	17
20	9	65
20	9	22
20	9	25
20	9	27
20	9	28
20	9	33
20	9	34
20	9	38
20	9	42
20	9	95
20	9	43
20	9	45
20	9	46
20	9	48
20	9	54
20	9	55
20	9	59
20	9	68
20	9	99
20	10	0
20	10	63
20	10	1
20	10	4
20	10	5
20	10	7
20	10	9
20	10	17
20	10	19
20	10	114
20	10	25
20	10	27
20	10	31
20	10	33
20	10	34
20	10	119
20	10	38
20	10	42
20	10	95
20	10	121
20	10	43
20	10	173
20	10	89
20	10	157
20	10	52
20	10	138
20	10	54
20	10	55
20	10	56
20	10	90
20	10	123
20	10	61
20	11	3
20	11	10
20	11	34
20	11	99
20	11	61
20	86	10
20	86	90
20	86	99
20	86	61
20	12	9
20	12	10
20	12	17
20	12	38
20	14	7
20	15	3
20	15	6
20	15	7
20	15	8
20	15	9
20	15	10
20	15	17
20	15	65
20	15	19
20	15	21
20	15	31
20	15	33
20	15	133
20	15	38
20	15	43
20	15	48
20	15	76
20	15	54
20	15	55
20	15	68
20	16	44
20	139	10
20	82	68
20	64	10
20	64	45
20	83	157
20	83	123
20	140	4
20	140	10
20	140	28
20	140	34
20	17	81
20	17	1
20	17	3
20	17	4
20	17	7
20	17	8
20	17	9
20	17	10
20	17	14
20	17	15
20	17	139
20	17	19
20	17	27
20	17	31
20	17	38
20	17	43
20	17	75
20	17	50
20	17	55
20	17	59
20	65	1
20	65	7
20	65	15
20	65	38
20	65	54
20	65	56
20	19	3
20	19	8
20	19	166
20	19	15
20	19	17
20	19	28
20	19	104
20	19	181
20	19	68
20	21	107
20	21	1
20	21	92
20	21	7
20	21	8
20	21	9
20	21	10
20	21	130
20	21	28
20	21	29
20	21	34
20	21	132
20	21	110
20	21	38
20	21	41
20	21	135
20	21	48
20	21	89
20	21	122
20	21	56
20	21	61
20	22	63
20	22	4
20	22	10
20	22	17
20	22	72
20	22	34
20	22	42
20	22	43
20	22	52
20	24	3
20	24	17
20	24	31
20	114	138
20	25	4
20	25	10
20	25	119
20	25	55
20	25	68
20	27	4
20	27	10
20	27	15
20	27	17
20	27	28
20	27	33
20	27	34
20	27	42
20	27	43
20	27	46
20	27	52
20	27	54
20	28	0
20	28	92
20	28	9
20	28	10
20	28	65
20	28	21
20	28	33
20	28	132
20	28	43
20	28	75
20	28	77
20	28	55
20	28	61
20	29	15
20	29	21
20	29	29
20	30	0
20	30	10
20	30	75
20	30	56
20	30	99
20	161	56
20	104	151
20	31	4
20	31	153
20	31	8
20	31	10
20	31	12
20	31	14
20	31	15
20	31	17
20	31	24
20	31	66
20	31	30
20	31	34
20	31	73
20	31	38
20	31	88
20	31	48
20	31	76
20	31	51
20	31	98
20	31	122
20	31	56
20	31	58
20	31	59
20	31	99
20	33	7
20	33	9
20	33	15
20	33	25
20	33	27
20	33	34
20	33	75
20	33	55
20	33	68
20	72	10
20	72	118
20	72	51
20	72	127
20	93	10
20	93	34
20	93	196
20	118	10
20	118	72
20	144	52
20	34	7
20	34	9
20	34	10
20	34	25
20	34	33
20	34	119
20	34	43
20	34	55
20	34	68
20	119	1
20	119	10
20	119	28
20	119	33
20	119	55
20	119	68
20	133	21
20	37	4
20	37	7
20	37	9
20	37	10
20	37	17
20	37	22
20	37	34
20	37	42
20	37	45
20	37	48
20	37	51
20	37	52
20	155	3
20	155	10
20	38	3
20	38	7
20	38	9
20	38	10
20	38	15
20	38	25
20	38	33
20	38	34
20	38	43
20	38	45
20	38	59
20	38	68
20	39	4
20	39	126
20	40	10
20	40	55
20	41	1
20	41	7
20	41	10
20	41	33
20	41	34
20	41	52
20	125	61
20	135	10
20	135	71
20	135	56
20	137	61
20	42	7
20	42	10
20	42	15
20	42	55
20	42	68
20	95	107
20	95	1
20	95	7
20	95	8
20	95	10
20	95	21
20	95	43
20	95	99
20	121	10
20	121	15
20	121	28
20	121	59
20	43	0
20	43	10
20	43	15
20	43	17
20	43	21
20	43	24
20	43	31
20	43	34
20	43	42
20	44	101
20	75	0
20	75	160
20	75	7
20	75	10
20	75	28
20	75	42
20	75	77
20	88	10
20	88	51
20	88	55
20	88	68
20	97	65
20	45	62
20	45	3
20	45	4
20	45	6
20	45	7
20	45	9
20	45	10
20	45	15
20	45	64
20	45	17
20	45	65
20	45	25
20	45	28
20	45	33
20	45	34
20	45	38
20	45	42
20	45	95
20	45	43
20	45	44
20	45	75
20	45	46
20	45	52
20	45	54
20	45	59
20	45	68
20	45	99
20	46	7
20	46	10
20	46	15
20	46	25
20	46	28
20	46	33
20	46	34
20	46	42
20	46	52
20	46	55
20	46	68
20	47	1
20	47	15
20	47	27
20	47	28
20	47	33
20	47	34
20	47	46
20	48	10
20	48	17
20	48	31
20	48	44
20	48	59
20	49	10
20	50	4
20	50	6
20	50	7
20	50	10
20	50	15
20	50	64
20	50	17
20	50	65
20	50	19
20	50	22
20	50	43
20	50	54
20	50	59
20	151	104
20	76	4
20	76	10
20	51	0
20	51	15
20	51	72
20	51	42
20	51	127
20	77	4
20	77	10
20	77	28
20	77	43
20	77	45
20	157	7
20	52	10
20	52	15
20	52	25
20	52	27
20	52	28
20	52	33
20	52	42
20	52	47
20	52	54
20	52	55
20	52	68
20	52	61
20	126	4
20	126	70
20	126	15
20	126	39
20	98	84
20	55	10
20	55	15
20	55	25
20	55	33
20	55	42
20	55	43
20	55	46
20	147	72
20	56	1
20	56	4
20	56	7
20	56	8
20	56	10
20	56	17
20	56	21
20	56	28
20	56	161
20	56	31
20	56	34
20	56	46
20	56	54
20	90	1
20	90	4
20	90	8
20	90	10
20	90	15
20	90	21
20	90	25
20	90	28
20	90	31
20	90	33
20	90	34
20	90	43
20	90	46
20	90	48
20	90	51
20	90	53
20	90	59
20	90	68
20	90	99
20	90	61
20	58	3
20	58	46
20	59	0
20	59	1
20	59	3
20	59	199
20	59	6
20	59	7
20	59	9
20	59	10
20	59	166
20	59	15
20	59	139
20	59	17
20	59	19
20	59	21
20	59	25
20	59	66
20	59	27
20	59	28
20	59	104
20	59	32
20	59	33
20	59	190
20	59	34
20	59	73
20	59	38
20	59	41
20	59	42
20	59	95
20	59	43
20	59	44
20	59	88
20	59	45
20	59	46
20	59	48
20	59	173
20	59	77
20	59	52
20	59	54
20	59	55
20	59	68
20	59	99
20	59	61
20	68	10
20	68	34
20	68	42
20	68	55
20	99	1
20	99	2
20	99	3
20	99	101
20	99	7
20	99	8
20	99	10
20	99	11
20	99	15
20	99	65
20	99	21
20	99	25
20	99	28
20	99	34
20	99	115
20	99	125
20	99	120
20	99	42
20	99	95
20	99	43
20	99	75
20	99	52
20	99	111
20	99	55
20	99	90
20	99	59
20	99	99
20	99	61
20	99	69
20	61	0
20	61	7
20	61	8
20	61	10
20	61	11
20	61	21
20	61	34
20	61	52
20	61	99
20	69	10
20	69	125
20	69	99
21	107	43
21	80	10
21	80	56
21	0	10
21	0	86
21	0	177
21	0	28
21	0	43
21	0	75
21	0	61
21	81	4
21	81	15
21	81	17
21	81	65
21	81	25
21	81	33
21	81	43
21	63	4
21	63	8
21	63	10
21	63	17
21	63	21
21	63	22
21	63	28
21	63	43
21	63	76
21	63	51
21	63	126
21	1	3
21	1	4
21	1	7
21	1	9
21	1	10
21	1	15
21	1	17
21	1	25
21	1	27
21	1	28
21	1	33
21	1	34
21	1	119
21	1	135
21	1	42
21	1	43
21	1	46
21	1	48
21	1	89
21	1	99
21	2	153
21	2	30
21	2	34
21	2	43
21	2	51
21	2	55
21	108	22
21	3	1
21	3	10
21	3	31
21	3	133
21	3	95
21	3	43
21	162	43
21	163	43
21	4	3
21	4	9
21	4	10
21	4	15
21	4	65
21	4	25
21	4	34
21	4	95
21	4	43
21	4	75
21	4	48
21	4	76
21	160	43
21	160	89
21	160	77
21	153	2
21	153	48
21	113	43
21	164	43
21	5	81
21	5	3
21	5	9
21	5	10
21	5	33
21	5	34
21	5	38
21	5	43
21	5	45
21	6	4
21	6	6
21	6	9
21	6	10
21	6	15
21	6	17
21	6	65
21	6	21
21	6	22
21	6	28
21	6	33
21	6	34
21	6	43
21	6	45
21	6	46
21	6	48
21	6	54
21	6	99
21	165	43
21	101	8
21	101	10
21	101	28
21	101	34
21	101	99
21	7	2
21	7	3
21	7	4
21	7	7
21	7	9
21	7	10
21	7	15
21	7	177
21	7	139
21	7	17
21	7	65
21	7	21
21	7	28
21	7	33
21	7	34
21	7	38
21	7	156
21	7	43
21	7	45
21	7	46
21	7	54
21	7	59
21	8	7
21	8	9
21	8	10
21	8	19
21	8	21
21	8	22
21	8	28
21	8	132
21	8	42
21	8	95
21	8	43
21	8	126
21	8	68
21	9	1
21	9	3
21	9	4
21	9	6
21	9	7
21	9	8
21	9	10
21	9	15
21	9	17
21	9	65
21	9	19
21	9	21
21	9	22
21	9	28
21	9	33
21	9	34
21	9	119
21	9	38
21	9	41
21	9	42
21	9	95
21	9	43
21	9	75
21	9	45
21	9	46
21	9	48
21	9	50
21	9	76
21	9	126
21	9	54
21	9	55
21	9	68
21	9	99
21	9	61
21	10	63
21	10	3
21	10	7
21	10	9
21	10	15
21	10	64
21	10	17
21	10	19
21	10	21
21	10	114
21	10	25
21	10	30
21	10	31
21	10	34
21	10	38
21	10	41
21	10	120
21	10	42
21	10	95
21	10	121
21	10	43
21	10	46
21	10	50
21	10	181
21	10	52
21	10	55
21	10	68
21	85	43
21	11	1
21	11	3
21	11	7
21	11	10
21	11	21
21	11	37
21	11	48
21	11	59
21	11	99
21	11	61
21	11	69
21	86	10
21	86	19
21	86	28
21	86	48
21	12	3
21	12	10
21	12	17
21	12	65
21	12	43
21	12	48
21	166	43
21	13	43
21	70	43
21	14	7
21	14	24
21	14	43
21	15	3
21	15	7
21	15	8
21	15	9
21	15	83
21	15	17
21	15	21
21	15	71
21	15	66
21	15	31
21	15	133
21	15	95
21	15	43
21	15	48
21	15	54
21	15	59
21	15	99
21	16	10
21	16	43
21	139	10
21	139	15
21	139	43
21	139	59
21	64	10
21	64	15
21	64	43
21	64	45
21	83	21
21	83	43
21	140	4
21	140	7
21	140	10
21	140	15
21	140	28
21	140	34
21	17	1
21	17	3
21	17	4
21	17	7
21	17	8
21	17	9
21	17	10
21	17	15
21	17	16
21	17	139
21	17	65
21	17	19
21	17	170
21	17	43
21	17	45
21	17	50
21	18	43
21	130	10
21	130	43
21	65	1
21	65	153
21	65	7
21	65	10
21	65	15
21	65	18
21	65	43
21	65	52
21	65	54
21	19	3
21	19	11
21	19	15
21	19	17
21	19	104
21	19	31
21	19	43
21	19	122
21	167	43
21	21	0
21	21	108
21	21	3
21	21	92
21	21	7
21	21	9
21	21	10
21	21	15
21	21	17
21	21	130
21	21	19
21	21	21
21	21	28
21	21	31
21	21	34
21	21	132
21	21	133
21	21	38
21	21	43
21	21	44
21	21	45
21	21	48
21	21	76
21	21	56
21	21	59
21	21	99
21	21	61
21	22	63
21	22	4
21	22	7
21	22	8
21	22	10
21	22	17
21	22	43
21	22	56
21	71	43
21	168	43
21	169	43
21	24	43
21	114	7
21	114	26
21	114	43
21	117	43
21	25	4
21	25	10
21	25	43
21	25	55
21	84	43
21	66	31
21	66	43
21	27	7
21	27	10
21	27	15
21	27	17
21	27	28
21	27	33
21	27	34
21	27	42
21	27	43
21	27	46
21	27	52
21	27	59
21	28	7
21	28	9
21	28	10
21	28	65
21	28	21
21	28	66
21	28	30
21	28	93
21	28	132
21	28	37
21	28	42
21	28	43
21	28	52
21	28	90
21	29	21
21	29	43
21	30	0
21	30	9
21	30	10
21	30	15
21	30	65
21	30	22
21	30	72
21	30	43
21	30	56
21	30	99
21	170	43
21	104	43
21	104	151
21	31	2
21	31	4
21	31	153
21	31	6
21	31	8
21	31	10
21	31	14
21	31	15
21	31	83
21	31	17
21	31	24
21	31	30
21	31	38
21	31	42
21	31	43
21	31	48
21	31	76
21	31	53
21	31	98
21	31	122
21	31	56
21	32	43
21	33	8
21	33	9
21	33	34
21	33	42
21	33	43
21	33	46
21	33	90
21	72	4
21	72	10
21	72	21
21	72	43
21	72	51
21	72	126
21	72	127
21	93	10
21	93	34
21	93	43
21	118	72
21	118	51
21	144	10
21	144	43
21	34	7
21	34	9
21	34	10
21	34	21
21	34	25
21	34	43
21	34	46
21	34	89
21	34	52
21	34	55
21	132	43
21	119	1
21	119	3
21	119	7
21	119	10
21	119	28
21	119	43
21	119	55
21	119	68
21	73	0
21	73	43
21	73	56
21	171	43
21	110	43
21	35	43
21	133	43
21	87	43
21	37	4
21	37	7
21	37	10
21	37	15
21	37	17
21	37	65
21	37	22
21	37	25
21	37	34
21	37	43
21	37	48
21	155	0
21	155	10
21	155	25
21	155	28
21	155	43
21	38	3
21	38	7
21	38	9
21	38	10
21	38	15
21	38	28
21	38	33
21	38	34
21	38	42
21	38	43
21	38	59
21	38	68
21	39	4
21	39	43
21	39	126
21	94	43
21	74	43
21	40	10
21	40	43
21	41	10
21	41	33
21	41	51
21	135	10
21	137	43
21	120	43
21	42	1
21	42	7
21	42	10
21	42	15
21	42	25
21	42	43
21	42	52
21	42	55
21	42	68
21	95	63
21	95	1
21	95	8
21	95	10
21	95	21
21	95	25
21	95	43
21	95	99
21	121	10
21	121	43
21	121	68
21	156	43
21	43	192
21	43	107
21	43	204
21	43	0
21	43	81
21	43	1
21	43	2
21	43	3
21	43	129
21	43	163
21	43	4
21	43	160
21	43	153
21	43	113
21	43	5
21	43	6
21	43	7
21	43	8
21	43	9
21	43	10
21	43	102
21	43	85
21	43	11
21	43	86
21	43	12
21	43	211
21	43	70
21	43	14
21	43	15
21	43	16
21	43	139
21	43	82
21	43	64
21	43	83
21	43	17
21	43	18
21	43	65
21	43	19
21	43	21
21	43	22
21	43	71
21	43	23
21	43	169
21	43	24
21	43	212
21	43	25
21	43	26
21	43	84
21	43	183
21	43	66
21	43	27
21	43	28
21	43	29
21	43	30
21	43	161
21	43	170
21	43	104
21	43	31
21	43	32
21	43	33
21	43	72
21	43	93
21	43	34
21	43	132
21	43	73
21	43	187
21	43	110
21	43	35
21	43	133
21	43	87
21	43	37
21	43	38
21	43	39
21	43	94
21	43	74
21	43	150
21	43	42
21	43	121
21	43	44
21	43	96
21	43	75
21	43	88
21	43	97
21	43	45
21	43	46
21	43	48
21	43	50
21	43	173
21	43	89
21	43	76
21	43	51
21	43	146
21	43	77
21	43	157
21	43	52
21	43	186
21	43	126
21	43	141
21	43	53
21	43	98
21	43	54
21	43	213
21	43	116
21	43	214
21	43	55
21	43	142
21	43	122
21	43	56
21	43	90
21	43	58
21	43	143
21	43	59
21	43	127
21	43	68
21	43	123
21	43	99
21	44	71
21	44	43
21	172	43
21	172	59
21	96	43
21	96	202
21	75	0
21	75	10
21	75	43
21	75	89
21	88	3
21	88	10
21	88	43
21	97	43
21	97	54
21	45	1
21	45	3
21	45	4
21	45	6
21	45	7
21	45	9
21	45	10
21	45	15
21	45	154
21	45	139
21	45	17
21	45	65
21	45	21
21	45	22
21	45	25
21	45	28
21	45	33
21	45	34
21	45	38
21	45	41
21	45	42
21	45	95
21	45	43
21	45	75
21	45	46
21	45	49
21	45	54
21	45	59
21	45	99
21	46	1
21	46	3
21	46	10
21	46	25
21	46	28
21	46	33
21	46	34
21	46	43
21	46	49
21	46	52
21	46	55
21	47	15
21	47	28
21	47	33
21	47	34
21	47	42
21	47	46
21	48	10
21	48	43
21	48	79
21	49	10
21	50	107
21	50	4
21	50	6
21	50	7
21	50	10
21	50	15
21	50	64
21	50	17
21	50	65
21	50	22
21	50	29
21	50	43
21	173	43
21	89	43
21	76	4
21	76	10
21	76	15
21	76	34
21	76	43
21	51	4
21	51	10
21	51	15
21	51	17
21	51	72
21	51	43
21	51	126
21	51	127
21	77	1
21	77	4
21	77	10
21	77	43
21	77	45
21	157	10
21	52	0
21	52	92
21	52	10
21	52	15
21	52	27
21	52	28
21	52	33
21	52	42
21	52	43
21	52	75
21	52	47
21	52	54
21	52	55
21	52	68
21	126	2
21	126	15
21	126	31
21	126	150
21	126	43
21	126	54
21	141	43
21	53	43
21	98	43
21	54	7
21	54	43
21	54	99
21	111	43
21	116	43
21	55	3
21	55	10
21	55	25
21	55	34
21	55	119
21	55	42
21	55	43
21	147	72
21	147	43
21	79	43
21	122	10
21	122	43
21	56	0
21	56	3
21	56	4
21	56	10
21	56	17
21	56	19
21	56	21
21	56	28
21	56	31
21	56	43
21	56	54
21	56	116
21	90	0
21	90	1
21	90	4
21	90	8
21	90	10
21	90	211
21	90	15
21	90	21
21	90	25
21	90	28
21	90	33
21	90	34
21	90	73
21	90	125
21	90	42
21	90	43
21	90	48
21	90	51
21	90	59
21	90	68
21	90	99
21	57	0
21	57	10
21	57	43
21	58	10
21	58	21
21	58	43
21	58	56
21	143	43
21	59	1
21	59	3
21	59	109
21	59	6
21	59	7
21	59	8
21	59	9
21	59	10
21	59	166
21	59	14
21	59	15
21	59	16
21	59	139
21	59	64
21	59	19
21	59	21
21	59	24
21	59	25
21	59	27
21	59	28
21	59	197
21	59	32
21	59	33
21	59	34
21	59	119
21	59	38
21	59	42
21	59	43
21	59	75
21	59	45
21	59	46
21	59	48
21	59	89
21	59	77
21	59	52
21	59	138
21	59	55
21	59	158
21	59	67
21	59	68
21	59	99
21	67	43
21	128	43
21	68	10
21	68	25
21	68	34
21	68	119
21	68	43
21	68	46
21	68	55
21	99	81
21	99	1
21	99	3
21	99	8
21	99	10
21	99	102
21	99	11
21	99	15
21	99	21
21	99	28
21	99	115
21	99	125
21	99	42
21	99	43
21	99	111
21	99	61
21	99	69
21	61	0
21	61	3
21	61	7
21	61	8
21	61	10
21	61	11
21	61	21
21	61	43
21	61	55
21	61	99
21	69	10
21	69	43
21	69	99
22	107	99
22	80	10
22	0	62
22	0	10
22	0	168
22	81	4
22	81	15
22	81	17
22	81	65
22	81	28
22	81	33
22	81	54
22	63	1
22	63	4
22	63	8
22	63	10
22	63	15
22	63	17
22	63	21
22	63	22
22	63	31
22	63	43
22	63	76
22	63	51
22	63	126
22	63	99
22	1	3
22	1	4
22	1	7
22	1	9
22	1	10
22	1	15
22	1	17
22	1	65
22	1	21
22	1	28
22	1	33
22	1	34
22	1	42
22	1	46
22	1	48
22	2	153
22	2	30
22	108	22
22	3	6
22	3	10
22	3	31
22	3	119
22	3	133
22	3	38
22	3	95
22	4	2
22	4	9
22	4	10
22	4	17
22	4	95
22	4	43
22	4	48
22	4	76
22	4	126
22	4	56
22	4	99
22	153	48
22	5	3
22	5	7
22	5	9
22	5	10
22	5	33
22	5	38
22	5	42
22	5	45
22	6	4
22	6	7
22	6	9
22	6	10
22	6	15
22	6	17
22	6	65
22	6	21
22	6	22
22	6	28
22	6	33
22	6	34
22	6	45
22	6	46
22	6	48
22	6	54
22	101	2
22	101	10
22	101	196
22	101	99
22	7	1
22	7	3
22	7	4
22	7	6
22	7	7
22	7	8
22	7	9
22	7	10
22	7	15
22	7	17
22	7	65
22	7	25
22	7	28
22	7	33
22	7	34
22	7	133
22	7	38
22	7	45
22	7	46
22	7	54
22	7	59
22	8	17
22	8	19
22	8	22
22	8	33
22	8	42
22	8	95
22	8	43
22	8	68
22	9	1
22	9	3
22	9	4
22	9	6
22	9	7
22	9	10
22	9	15
22	9	17
22	9	65
22	9	22
22	9	28
22	9	33
22	9	34
22	9	38
22	9	42
22	9	95
22	9	43
22	9	75
22	9	45
22	9	46
22	9	48
22	9	76
22	9	126
22	9	54
22	9	55
22	9	68
22	9	99
22	10	0
22	10	63
22	10	4
22	10	5
22	10	7
22	10	9
22	10	11
22	10	13
22	10	15
22	10	19
22	10	114
22	10	25
22	10	30
22	10	31
22	10	34
22	10	37
22	10	38
22	10	41
22	10	42
22	10	43
22	10	48
22	10	50
22	10	54
22	10	68
22	10	99
22	10	61
22	11	1
22	11	3
22	11	7
22	11	9
22	11	10
22	11	65
22	11	21
22	11	28
22	11	29
22	11	33
22	11	34
22	11	37
22	11	48
22	11	52
22	11	56
22	11	90
22	11	59
22	11	99
22	11	61
22	86	7
22	86	10
22	86	17
22	12	7
22	12	10
22	12	17
22	12	25
22	70	43
22	14	10
22	14	31
22	14	43
22	15	3
22	15	7
22	15	8
22	15	11
22	15	17
22	15	30
22	15	133
22	15	38
22	15	41
22	15	95
22	15	48
22	15	54
22	15	99
22	16	43
22	139	7
22	139	10
22	139	15
22	64	3
22	64	10
22	64	15
22	64	34
22	64	43
22	64	45
22	140	4
22	140	10
22	140	18
22	140	28
22	140	126
22	17	81
22	17	1
22	17	3
22	17	4
22	17	7
22	17	9
22	17	10
22	17	15
22	17	139
22	17	65
22	17	21
22	17	38
22	17	43
22	17	45
22	17	50
22	65	6
22	65	7
22	65	9
22	65	15
22	65	28
22	65	29
22	65	45
22	65	54
22	65	56
22	65	59
22	65	99
22	19	3
22	19	8
22	19	15
22	19	17
22	19	21
22	19	104
22	19	196
22	19	122
22	21	1
22	21	9
22	21	14
22	21	15
22	21	21
22	21	27
22	21	29
22	21	31
22	21	33
22	21	34
22	21	38
22	21	41
22	21	95
22	21	43
22	21	44
22	21	48
22	21	59
22	21	68
22	21	99
22	22	108
22	22	4
22	22	8
22	22	10
22	22	17
22	22	34
22	22	43
22	22	76
22	22	51
22	24	2
22	24	43
22	25	4
22	25	10
22	25	119
22	25	55
22	66	31
22	66	76
22	66	58
22	27	1
22	27	10
22	27	17
22	27	28
22	27	33
22	27	34
22	27	43
22	27	46
22	27	52
22	27	55
22	27	59
22	28	7
22	28	9
22	28	10
22	28	166
22	28	15
22	28	65
22	28	19
22	28	21
22	28	34
22	28	43
22	28	90
22	28	59
22	30	2
22	30	10
22	30	22
22	30	75
22	30	46
22	30	56
22	30	68
22	170	43
22	31	2
22	31	4
22	31	153
22	31	8
22	31	14
22	31	15
22	31	83
22	31	17
22	31	21
22	31	22
22	31	24
22	31	66
22	31	30
22	31	38
22	31	48
22	31	50
22	31	76
22	31	122
22	33	9
22	33	21
22	33	27
22	33	34
22	33	42
22	33	43
22	33	75
22	33	52
22	33	59
22	72	4
22	72	10
22	72	22
22	72	43
22	72	51
22	72	126
22	72	127
22	93	10
22	93	28
22	118	1
22	118	10
22	118	17
22	118	65
22	118	31
22	118	54
22	118	56
22	34	7
22	34	9
22	34	10
22	34	17
22	34	21
22	34	25
22	34	42
22	34	95
22	34	43
22	34	55
22	34	68
22	119	10
22	119	28
22	119	55
22	119	68
22	73	0
22	37	3
22	37	4
22	37	7
22	37	10
22	37	15
22	37	17
22	37	65
22	37	22
22	37	25
22	37	31
22	37	33
22	37	42
22	37	48
22	37	76
22	37	126
22	155	10
22	155	28
22	38	3
22	38	7
22	38	9
22	38	10
22	38	15
22	38	17
22	38	28
22	38	33
22	38	34
22	38	42
22	38	59
22	39	4
22	39	19
22	74	43
22	40	10
22	41	10
22	41	14
22	135	10
22	120	17
22	42	1
22	42	10
22	42	15
22	42	33
22	42	34
22	42	43
22	42	55
22	42	68
22	95	3
22	95	7
22	95	8
22	95	10
22	95	14
22	95	21
22	95	25
22	95	31
22	95	43
22	95	99
22	121	10
22	43	3
22	43	4
22	43	6
22	43	10
22	43	19
22	43	31
22	43	48
22	43	54
22	43	56
22	44	101
22	44	7
22	44	65
22	96	3
22	75	0
22	75	10
22	75	34
22	75	77
22	88	7
22	88	10
22	45	1
22	45	3
22	45	4
22	45	6
22	45	7
22	45	9
22	45	10
22	45	15
22	45	17
22	45	65
22	45	22
22	45	25
22	45	28
22	45	33
22	45	34
22	45	38
22	45	42
22	45	95
22	45	43
22	45	75
22	45	97
22	45	46
22	45	54
22	45	55
22	45	59
22	45	68
22	46	1
22	46	10
22	46	33
22	46	34
22	46	43
22	46	49
22	46	55
22	47	10
22	47	28
22	47	33
22	47	34
22	48	4
22	48	10
22	48	17
22	48	31
22	48	43
22	48	45
22	48	53
22	49	10
22	50	3
22	50	4
22	50	7
22	50	8
22	50	10
22	50	15
22	50	17
22	50	65
22	50	19
22	50	22
22	50	34
22	50	43
22	50	54
22	50	56
22	76	3
22	76	10
22	76	43
22	76	48
22	51	7
22	51	10
22	51	15
22	51	22
22	51	72
22	51	126
22	146	34
22	77	3
22	77	4
22	77	7
22	77	10
22	77	28
22	77	45
22	157	7
22	52	10
22	52	15
22	52	22
22	52	27
22	52	33
22	52	34
22	52	42
22	52	55
22	52	59
22	52	68
22	126	17
22	126	65
22	126	19
22	126	21
22	126	150
22	126	76
22	126	99
22	53	31
22	54	43
22	55	10
22	55	33
22	55	34
22	55	119
22	55	42
22	55	75
22	147	72
22	147	43
22	56	0
22	56	3
22	56	4
22	56	10
22	56	15
22	56	17
22	56	65
22	56	28
22	56	31
22	56	34
22	56	52
22	56	54
22	56	68
22	90	0
22	90	1
22	90	8
22	90	10
22	90	15
22	90	21
22	90	25
22	90	28
22	90	33
22	90	34
22	90	43
22	90	52
22	90	111
22	90	58
22	90	59
22	90	99
22	59	1
22	59	2
22	59	108
22	59	3
22	59	199
22	59	7
22	59	9
22	59	10
22	59	14
22	59	15
22	59	139
22	59	17
22	59	19
22	59	21
22	59	25
22	59	66
22	59	27
22	59	28
22	59	104
22	59	31
22	59	197
22	59	32
22	59	33
22	59	34
22	59	115
22	59	155
22	59	38
22	59	42
22	59	43
22	59	96
22	59	45
22	59	46
22	59	48
22	59	173
22	59	77
22	59	52
22	59	55
22	59	128
22	59	68
22	59	99
22	68	10
22	99	1
22	99	101
22	99	8
22	99	10
22	99	102
22	99	11
22	99	15
22	99	21
22	99	28
22	99	115
22	99	125
22	99	120
22	99	95
22	99	111
22	99	196
22	99	61
22	61	1
22	61	2
22	61	7
22	61	8
22	61	10
22	61	11
22	61	15
22	61	17
22	61	21
22	61	58
22	61	99
22	69	1
22	69	99
23	80	10
23	0	10
23	0	93
23	0	75
23	81	4
23	81	15
23	81	17
23	81	65
23	81	28
23	81	33
23	63	1
23	63	2
23	63	3
23	63	4
23	63	8
23	63	10
23	63	17
23	63	21
23	63	22
23	63	31
23	63	43
23	63	76
23	63	126
23	63	99
23	1	8
23	1	9
23	1	10
23	1	15
23	1	17
23	1	65
23	1	21
23	1	27
23	1	28
23	1	33
23	1	34
23	1	42
23	1	45
23	1	46
23	1	48
23	1	126
23	2	6
23	2	31
23	2	48
23	108	8
23	108	22
23	3	6
23	3	10
23	3	15
23	3	65
23	3	19
23	3	31
23	3	133
23	3	95
23	4	10
23	4	24
23	4	34
23	4	95
23	4	48
23	4	76
23	4	51
23	4	126
23	4	56
23	4	99
23	153	30
23	153	48
23	153	59
23	5	3
23	5	9
23	5	10
23	5	33
23	5	38
23	5	45
23	6	4
23	6	7
23	6	8
23	6	9
23	6	10
23	6	15
23	6	17
23	6	65
23	6	22
23	6	28
23	6	33
23	6	34
23	6	45
23	6	46
23	6	48
23	6	54
23	6	59
23	174	9
23	101	196
23	101	99
23	7	4
23	7	7
23	7	8
23	7	9
23	7	10
23	7	13
23	7	15
23	7	17
23	7	65
23	7	19
23	7	27
23	7	28
23	7	31
23	7	33
23	7	34
23	7	38
23	7	43
23	7	50
23	7	77
23	7	54
23	7	59
23	8	7
23	8	10
23	8	15
23	8	19
23	8	21
23	8	42
23	8	43
23	8	59
23	8	99
23	9	1
23	9	4
23	9	6
23	9	7
23	9	10
23	9	15
23	9	17
23	9	65
23	9	21
23	9	22
23	9	28
23	9	33
23	9	34
23	9	38
23	9	42
23	9	95
23	9	43
23	9	75
23	9	45
23	9	46
23	9	51
23	9	126
23	9	54
23	9	56
23	9	59
23	10	63
23	10	2
23	10	4
23	10	7
23	10	9
23	10	10
23	10	15
23	10	17
23	10	19
23	10	21
23	10	24
23	10	114
23	10	25
23	10	28
23	10	30
23	10	31
23	10	144
23	10	34
23	10	40
23	10	41
23	10	42
23	10	95
23	10	121
23	10	43
23	10	46
23	10	52
23	10	55
23	10	200
23	10	68
23	10	61
23	102	28
23	102	34
23	11	0
23	11	1
23	11	3
23	11	7
23	11	9
23	11	10
23	11	65
23	11	21
23	11	28
23	11	37
23	11	95
23	11	48
23	11	52
23	11	59
23	11	99
23	11	61
23	86	10
23	86	28
23	12	4
23	12	10
23	12	15
23	12	17
23	12	24
23	12	34
23	12	43
23	12	50
23	12	52
23	70	17
23	70	43
23	14	53
23	15	0
23	15	3
23	15	7
23	15	8
23	15	17
23	15	19
23	15	28
23	15	31
23	15	38
23	15	42
23	15	95
23	15	43
23	15	48
23	15	54
23	15	122
23	15	56
23	15	59
23	15	99
23	139	7
23	139	9
23	139	10
23	139	15
23	139	65
23	139	21
23	139	34
23	139	99
23	82	43
23	64	3
23	64	10
23	64	15
23	64	17
23	64	34
23	64	38
23	64	45
23	64	59
23	83	0
23	83	157
23	140	7
23	140	10
23	140	18
23	140	46
23	17	1
23	17	4
23	17	7
23	17	8
23	17	9
23	17	10
23	17	15
23	17	139
23	17	65
23	17	19
23	17	21
23	17	43
23	17	45
23	17	50
23	17	54
23	17	59
23	18	4
23	130	7
23	130	10
23	65	1
23	65	7
23	65	15
23	65	22
23	65	29
23	65	43
23	65	54
23	65	56
23	65	99
23	19	2
23	19	3
23	19	8
23	19	15
23	19	17
23	19	31
23	19	33
23	19	34
23	19	191
23	19	45
23	19	50
23	19	54
23	19	59
23	20	22
23	21	0
23	21	7
23	21	9
23	21	10
23	21	19
23	21	104
23	21	110
23	21	38
23	21	41
23	21	42
23	21	95
23	21	121
23	21	44
23	21	76
23	21	56
23	21	59
23	21	99
23	21	61
23	22	108
23	22	4
23	22	10
23	22	17
23	22	28
23	22	34
23	22	76
23	22	52
23	24	4
23	24	95
23	25	10
23	25	121
23	25	43
23	25	46
23	25	52
23	25	55
23	26	10
23	66	76
23	27	10
23	27	21
23	27	28
23	27	33
23	27	34
23	27	43
23	27	46
23	27	52
23	28	7
23	28	9
23	28	10
23	28	166
23	28	21
23	28	30
23	28	34
23	28	43
23	28	52
23	28	59
23	28	61
23	29	21
23	29	59
23	30	10
23	30	22
23	30	34
23	30	46
23	31	4
23	31	153
23	31	10
23	31	14
23	31	15
23	31	17
23	31	24
23	31	84
23	31	66
23	31	30
23	31	38
23	31	95
23	31	43
23	31	44
23	31	88
23	31	48
23	31	50
23	31	76
23	31	98
23	31	122
23	31	58
23	32	104
23	33	8
23	33	9
23	33	15
23	33	27
23	33	42
23	33	43
23	33	55
23	33	59
23	72	1
23	72	10
23	72	43
23	72	51
23	72	58
23	72	127
23	93	10
23	93	15
23	118	1
23	118	56
23	34	7
23	34	9
23	34	10
23	34	25
23	34	33
23	34	144
23	34	133
23	34	42
23	34	43
23	34	46
23	34	55
23	132	77
23	119	10
23	119	28
23	119	33
23	119	34
23	119	55
23	119	68
23	110	29
23	35	87
23	37	3
23	37	4
23	37	7
23	37	8
23	37	10
23	37	15
23	37	17
23	37	42
23	37	46
23	37	48
23	37	76
23	37	51
23	37	126
23	155	10
23	155	31
23	38	3
23	38	7
23	38	10
23	38	15
23	38	17
23	38	65
23	38	33
23	38	34
23	38	45
23	38	46
23	38	51
23	38	59
23	39	4
23	94	65
23	74	43
23	74	68
23	40	10
23	40	55
23	41	1
23	41	10
23	41	34
23	135	10
23	120	10
23	42	10
23	42	15
23	42	25
23	42	28
23	42	34
23	42	75
23	42	52
23	42	68
23	95	3
23	95	8
23	95	10
23	95	15
23	95	21
23	95	43
23	95	99
23	121	10
23	121	34
23	156	10
23	43	3
23	43	4
23	43	6
23	43	9
23	43	10
23	43	130
23	43	31
23	43	44
23	43	48
23	43	54
23	43	56
23	44	7
23	96	195
23	75	0
23	75	10
23	75	89
23	88	0
23	88	10
23	88	51
23	45	1
23	45	3
23	45	4
23	45	6
23	45	7
23	45	9
23	45	10
23	45	15
23	45	17
23	45	65
23	45	21
23	45	24
23	45	25
23	45	28
23	45	33
23	45	34
23	45	38
23	45	42
23	45	95
23	45	43
23	45	75
23	45	46
23	45	48
23	45	52
23	45	54
23	45	55
23	45	59
23	45	68
23	46	9
23	46	10
23	46	25
23	46	33
23	46	34
23	46	52
23	47	10
23	47	15
23	47	28
23	47	33
23	47	34
23	47	46
23	48	10
23	48	28
23	48	144
23	48	43
23	48	51
23	48	53
23	49	10
23	50	3
23	50	4
23	50	10
23	50	15
23	50	17
23	50	65
23	50	19
23	50	44
23	50	75
23	50	54
23	76	3
23	76	9
23	76	10
23	76	17
23	76	25
23	76	34
23	76	43
23	76	48
23	51	4
23	51	9
23	51	10
23	51	15
23	51	72
23	77	7
23	77	10
23	77	28
23	77	59
23	157	10
23	52	10
23	52	15
23	52	27
23	52	28
23	52	34
23	52	42
23	52	46
23	52	59
23	52	68
23	126	15
23	126	150
23	126	59
23	126	99
23	53	31
23	54	1
23	54	65
23	54	43
23	116	0
23	55	10
23	55	17
23	55	34
23	55	42
23	147	72
23	147	43
23	56	0
23	56	3
23	56	4
23	56	10
23	56	17
23	56	21
23	56	28
23	56	30
23	56	34
23	56	42
23	56	43
23	56	54
23	90	1
23	90	8
23	90	10
23	90	86
23	90	25
23	90	28
23	90	33
23	90	42
23	90	43
23	90	45
23	90	55
23	90	59
23	90	68
23	90	99
23	90	61
23	57	10
23	58	51
23	59	0
23	59	4
23	59	109
23	59	6
23	59	174
23	59	7
23	59	8
23	59	10
23	59	166
23	59	211
23	59	14
23	59	15
23	59	139
23	59	64
23	59	17
23	59	65
23	59	19
23	59	21
23	59	114
23	59	25
23	59	26
23	59	27
23	59	28
23	59	31
23	59	33
23	59	34
23	59	215
23	59	38
23	59	41
23	59	42
23	59	43
23	59	45
23	59	46
23	59	206
23	59	48
23	59	77
23	59	52
23	59	55
23	59	142
23	59	128
23	59	68
23	59	99
23	127	51
23	68	10
23	99	1
23	99	3
23	99	4
23	99	101
23	99	10
23	99	102
23	99	11
23	99	17
23	99	65
23	99	34
23	99	115
23	99	125
23	99	42
23	99	95
23	99	43
23	99	97
23	99	111
23	99	61
23	61	0
23	61	7
23	61	8
23	61	9
23	61	10
23	61	11
23	61	21
23	61	28
23	61	34
23	61	43
23	61	111
23	61	56
23	61	99
23	61	69
23	69	125
23	69	99
24	80	10
24	0	10
24	0	132
24	0	75
24	0	176
24	81	9
24	81	12
24	81	15
24	81	17
24	63	4
24	63	7
24	63	8
24	63	10
24	63	17
24	63	21
24	63	22
24	63	43
24	63	76
24	63	126
24	1	1
24	1	4
24	1	101
24	1	7
24	1	9
24	1	10
24	1	11
24	1	15
24	1	17
24	1	65
24	1	21
24	1	22
24	1	28
24	1	30
24	1	33
24	1	34
24	1	42
24	1	43
24	1	46
24	1	48
24	2	153
24	2	6
24	108	8
24	108	22
24	108	52
24	3	6
24	3	7
24	3	85
24	3	17
24	3	19
24	3	31
24	3	76
24	3	55
24	163	8
24	4	1
24	4	7
24	4	9
24	4	10
24	4	24
24	4	27
24	4	95
24	4	48
24	4	76
24	4	126
24	153	48
24	5	3
24	5	7
24	5	9
24	5	10
24	5	34
24	5	45
24	6	80
24	6	1
24	6	4
24	6	7
24	6	8
24	6	9
24	6	10
24	6	15
24	6	17
24	6	65
24	6	19
24	6	22
24	6	28
24	6	33
24	6	144
24	6	34
24	6	38
24	6	42
24	6	43
24	6	45
24	6	46
24	6	48
24	6	50
24	6	52
24	6	54
24	6	59
24	6	99
24	101	196
24	101	99
24	7	1
24	7	4
24	7	8
24	7	10
24	7	15
24	7	17
24	7	65
24	7	27
24	7	28
24	7	31
24	7	33
24	7	34
24	7	45
24	7	46
24	7	54
24	7	59
24	8	3
24	8	7
24	8	9
24	8	15
24	8	19
24	8	21
24	8	42
24	8	43
24	8	69
24	9	1
24	9	3
24	9	4
24	9	6
24	9	7
24	9	10
24	9	15
24	9	17
24	9	65
24	9	22
24	9	28
24	9	33
24	9	144
24	9	34
24	9	38
24	9	42
24	9	43
24	9	75
24	9	45
24	9	51
24	9	54
24	9	56
24	9	68
24	9	99
24	10	0
24	10	1
24	10	4
24	10	7
24	10	9
24	10	12
24	10	15
24	10	17
24	10	114
24	10	25
24	10	30
24	10	31
24	10	93
24	10	34
24	10	132
24	10	133
24	10	37
24	10	155
24	10	38
24	10	40
24	10	41
24	10	42
24	10	43
24	10	172
24	10	46
24	10	48
24	10	52
24	10	54
24	10	90
24	10	58
24	10	59
24	10	99
24	102	3
24	102	34
24	11	1
24	11	7
24	11	8
24	11	10
24	11	19
24	11	21
24	11	28
24	11	34
24	11	37
24	11	52
24	11	90
24	11	59
24	11	99
24	11	61
24	86	10
24	12	4
24	12	10
24	12	17
24	12	43
24	70	43
24	14	15
24	15	2
24	15	3
24	15	4
24	15	7
24	15	9
24	15	11
24	15	17
24	15	24
24	15	30
24	15	31
24	15	33
24	15	34
24	15	43
24	15	45
24	15	54
24	16	44
24	139	9
24	139	10
24	139	15
24	139	34
24	64	4
24	64	10
24	64	17
24	64	34
24	64	45
24	83	160
24	83	157
24	140	10
24	140	18
24	17	3
24	17	4
24	17	160
24	17	6
24	17	9
24	17	10
24	17	15
24	17	139
24	17	65
24	17	21
24	17	27
24	17	43
24	17	48
24	17	50
24	17	54
24	17	122
24	17	56
24	17	99
24	130	10
24	65	7
24	65	10
24	65	15
24	65	29
24	65	44
24	65	54
24	65	99
24	19	7
24	19	8
24	19	15
24	19	17
24	19	65
24	19	33
24	19	34
24	19	194
24	19	54
24	21	108
24	21	7
24	21	8
24	21	9
24	21	10
24	21	17
24	21	28
24	21	34
24	21	44
24	21	56
24	21	59
24	21	99
24	22	4
24	22	7
24	22	10
24	22	17
24	22	65
24	22	34
24	22	76
24	22	56
24	71	43
24	71	99
24	24	70
24	24	76
24	25	10
24	25	55
24	26	10
24	27	4
24	27	10
24	27	15
24	27	17
24	27	28
24	27	33
24	27	34
24	27	42
24	27	43
24	27	46
24	28	0
24	28	9
24	28	10
24	28	21
24	28	34
24	28	43
24	28	123
24	29	21
24	29	59
24	30	0
24	30	10
24	30	22
24	30	34
24	30	46
24	30	56
24	31	4
24	31	153
24	31	8
24	31	10
24	31	14
24	31	15
24	31	82
24	31	17
24	31	21
24	31	24
24	31	84
24	31	66
24	31	27
24	31	30
24	31	170
24	31	73
24	31	43
24	31	48
24	31	50
24	31	76
24	31	98
24	31	122
24	33	9
24	33	27
24	33	34
24	33	41
24	33	42
24	33	43
24	33	46
24	33	55
24	33	90
24	72	1
24	72	4
24	72	10
24	72	15
24	72	35
24	72	43
24	72	76
24	72	51
24	72	127
24	93	10
24	118	10
24	118	72
24	34	4
24	34	9
24	34	10
24	34	27
24	34	33
24	34	144
24	34	40
24	34	42
24	34	43
24	119	10
24	119	34
24	119	55
24	119	68
24	35	87
24	37	4
24	37	8
24	37	10
24	37	15
24	37	17
24	37	21
24	37	43
24	37	48
24	37	99
24	155	10
24	155	28
24	38	3
24	38	7
24	38	9
24	38	10
24	38	15
24	38	65
24	38	21
24	38	28
24	38	33
24	38	34
24	38	43
24	38	45
24	38	46
24	38	59
24	38	99
24	39	4
24	94	7
24	94	19
24	74	43
24	40	10
24	41	1
24	41	10
24	41	21
24	41	33
24	41	34
24	41	99
24	135	10
24	42	10
24	42	15
24	42	27
24	42	34
24	42	95
24	42	75
24	42	88
24	42	45
24	42	52
24	42	68
24	95	1
24	95	7
24	95	10
24	95	21
24	95	24
24	95	43
24	95	99
24	121	10
24	121	15
24	43	1
24	43	3
24	43	6
24	43	8
24	43	17
24	43	21
24	43	28
24	43	31
24	43	48
24	43	59
24	43	99
24	44	43
24	96	8
24	75	0
24	75	10
24	75	42
24	88	10
24	88	43
24	45	1
24	45	3
24	45	4
24	45	6
24	45	7
24	45	9
24	45	10
24	45	12
24	45	15
24	45	17
24	45	65
24	45	19
24	45	24
24	45	25
24	45	28
24	45	33
24	45	34
24	45	38
24	45	42
24	45	95
24	45	43
24	45	46
24	45	48
24	45	51
24	45	54
24	45	55
24	45	59
24	45	68
24	46	7
24	46	10
24	46	22
24	46	25
24	46	27
24	46	28
24	46	33
24	46	144
24	46	34
24	46	52
24	46	55
24	47	10
24	47	15
24	47	33
24	47	34
24	47	46
24	48	8
24	48	17
24	48	53
24	48	59
24	50	4
24	50	10
24	50	15
24	50	17
24	50	65
24	50	54
24	151	104
24	76	3
24	76	7
24	76	9
24	76	10
24	76	17
24	76	25
24	76	34
24	76	43
24	76	48
24	76	56
24	76	68
24	51	4
24	51	7
24	51	9
24	51	10
24	51	15
24	51	33
24	51	72
24	51	34
24	77	7
24	77	8
24	77	10
24	77	22
24	77	28
24	77	33
24	157	10
24	52	15
24	52	17
24	52	27
24	52	33
24	52	144
24	52	34
24	52	42
24	52	46
24	52	55
24	175	10
24	175	25
24	176	10
24	126	17
24	126	150
24	54	1
24	54	3
24	54	15
24	54	65
24	54	43
24	54	56
24	55	10
24	55	25
24	55	28
24	55	42
24	55	43
24	55	52
24	147	72
24	147	43
24	147	51
24	142	59
24	122	10
24	56	3
24	56	4
24	56	9
24	56	10
24	56	15
24	56	17
24	56	65
24	56	31
24	56	34
24	56	42
24	56	43
24	56	54
24	90	21
24	90	25
24	90	34
24	90	43
24	90	68
24	90	99
24	59	81
24	59	2
24	59	3
24	59	4
24	59	6
24	59	174
24	59	7
24	59	9
24	59	10
24	59	14
24	59	15
24	59	16
24	59	139
24	59	64
24	59	17
24	59	65
24	59	19
24	59	21
24	59	22
24	59	25
24	59	183
24	59	27
24	59	28
24	59	31
24	59	33
24	59	34
24	59	133
24	59	38
24	59	40
24	59	42
24	59	121
24	59	43
24	59	45
24	59	46
24	59	48
24	59	52
24	59	138
24	59	55
24	59	142
24	59	128
24	59	99
24	59	61
24	127	51
24	68	10
24	99	1
24	99	10
24	99	102
24	99	11
24	99	15
24	99	17
24	99	65
24	99	21
24	99	144
24	99	187
24	99	115
24	99	125
24	99	42
24	99	95
24	99	43
24	99	97
24	99	111
24	99	99
24	99	61
24	99	69
24	61	1
24	61	8
24	61	10
24	61	11
24	61	15
24	61	21
24	61	28
24	61	137
24	61	52
24	61	56
24	61	59
24	61	99
24	69	10
25	80	10
25	80	42
25	0	10
25	0	34
25	0	75
25	0	77
25	81	9
25	63	4
25	63	7
25	63	8
25	63	10
25	63	15
25	63	17
25	63	21
25	63	22
25	63	33
25	63	43
25	63	51
25	63	126
25	1	7
25	1	9
25	1	10
25	1	15
25	1	65
25	1	22
25	1	24
25	1	28
25	1	29
25	1	33
25	1	34
25	1	42
25	1	95
25	1	43
25	1	45
25	1	46
25	1	47
25	1	54
25	1	56
25	1	99
25	108	8
25	108	17
25	108	22
25	108	43
25	108	52
25	108	127
25	3	6
25	3	7
25	3	9
25	3	83
25	3	17
25	3	19
25	3	31
25	3	144
25	3	43
25	3	76
25	3	54
25	129	10
25	163	8
25	4	1
25	4	9
25	4	10
25	4	27
25	4	144
25	4	95
25	4	48
25	4	76
25	4	126
25	4	56
25	153	48
25	5	3
25	5	9
25	5	10
25	5	31
25	5	34
25	5	45
25	6	2
25	6	4
25	6	5
25	6	7
25	6	9
25	6	10
25	6	15
25	6	16
25	6	17
25	6	65
25	6	22
25	6	25
25	6	33
25	6	144
25	6	34
25	6	38
25	6	42
25	6	45
25	6	48
25	6	54
25	6	99
25	101	99
25	7	3
25	7	4
25	7	9
25	7	10
25	7	11
25	7	15
25	7	17
25	7	65
25	7	27
25	7	28
25	7	33
25	7	34
25	7	38
25	7	46
25	7	54
25	7	59
25	7	99
25	8	4
25	8	7
25	8	15
25	8	19
25	8	21
25	8	95
25	8	45
25	9	1
25	9	2
25	9	3
25	9	4
25	9	5
25	9	6
25	9	7
25	9	8
25	9	10
25	9	15
25	9	17
25	9	65
25	9	22
25	9	28
25	9	31
25	9	33
25	9	144
25	9	34
25	9	38
25	9	42
25	9	95
25	9	43
25	9	45
25	9	46
25	9	48
25	9	51
25	9	54
25	9	59
25	9	68
25	9	99
25	10	0
25	10	1
25	10	3
25	10	4
25	10	6
25	10	92
25	10	7
25	10	9
25	10	11
25	10	15
25	10	17
25	10	19
25	10	21
25	10	114
25	10	25
25	10	27
25	10	30
25	10	104
25	10	31
25	10	72
25	10	93
25	10	144
25	10	34
25	10	38
25	10	40
25	10	41
25	10	42
25	10	121
25	10	43
25	10	52
25	10	138
25	10	122
25	10	56
25	10	57
25	10	58
25	10	68
25	10	99
25	10	61
25	11	1
25	11	3
25	11	7
25	11	10
25	11	15
25	11	21
25	11	25
25	11	28
25	11	34
25	11	48
25	11	58
25	11	59
25	11	99
25	11	61
25	86	10
25	86	48
25	12	3
25	12	9
25	12	10
25	12	17
25	12	45
25	12	59
25	70	17
25	14	7
25	15	81
25	15	63
25	15	3
25	15	7
25	15	8
25	15	9
25	15	10
25	15	13
25	15	17
25	15	21
25	15	170
25	15	33
25	15	34
25	15	37
25	15	42
25	15	50
25	15	76
25	15	77
25	15	54
25	15	68
25	15	99
25	177	22
25	154	10
25	16	55
25	139	10
25	139	42
25	139	99
25	64	9
25	64	10
25	64	17
25	64	45
25	83	77
25	83	61
25	140	10
25	17	0
25	17	1
25	17	2
25	17	4
25	17	5
25	17	8
25	17	9
25	17	10
25	17	15
25	17	16
25	17	19
25	17	25
25	17	26
25	17	27
25	17	50
25	17	54
25	130	63
25	130	10
25	130	28
25	130	34
25	130	52
25	65	1
25	65	7
25	65	8
25	65	15
25	65	28
25	65	29
25	65	54
25	19	7
25	19	15
25	19	17
25	19	29
25	19	104
25	19	31
25	19	33
25	19	34
25	19	43
25	21	0
25	21	108
25	21	7
25	21	8
25	21	9
25	21	10
25	21	17
25	21	27
25	21	29
25	21	31
25	21	34
25	21	38
25	21	95
25	21	43
25	21	44
25	21	51
25	21	146
25	21	99
25	22	4
25	22	10
25	22	17
25	22	34
25	22	76
25	22	56
25	22	127
25	71	31
25	71	43
25	24	70
25	24	76
25	114	138
25	25	10
25	25	144
25	25	119
25	25	52
25	25	68
25	66	76
25	27	4
25	27	10
25	27	15
25	27	17
25	27	28
25	27	33
25	27	34
25	27	42
25	27	43
25	27	46
25	28	0
25	28	9
25	28	10
25	28	166
25	28	27
25	28	34
25	28	40
25	28	42
25	28	43
25	28	172
25	28	68
25	29	21
25	30	10
25	30	34
25	30	42
25	170	43
25	104	8
25	31	4
25	31	153
25	31	8
25	31	10
25	31	14
25	31	15
25	31	17
25	31	19
25	31	21
25	31	24
25	31	66
25	31	73
25	31	43
25	31	48
25	31	50
25	31	76
25	31	98
25	31	122
25	31	56
25	31	58
25	33	9
25	33	144
25	33	42
25	33	52
25	33	55
25	33	68
25	72	7
25	72	10
25	72	29
25	72	43
25	72	51
25	72	56
25	72	127
25	93	10
25	93	21
25	93	54
25	118	10
25	34	9
25	34	10
25	34	27
25	34	144
25	34	40
25	34	42
25	34	95
25	34	43
25	34	55
25	119	10
25	119	33
25	119	55
25	119	68
25	133	3
25	37	1
25	37	4
25	37	10
25	37	15
25	37	17
25	37	28
25	37	42
25	37	43
25	37	48
25	155	10
25	38	1
25	38	7
25	38	9
25	38	10
25	38	15
25	38	17
25	38	65
25	38	22
25	38	144
25	38	34
25	38	42
25	38	43
25	38	45
25	38	59
25	38	68
25	39	2
25	39	4
25	94	179
25	94	19
25	94	55
25	74	171
25	40	10
25	41	10
25	41	99
25	125	10
25	135	10
25	42	9
25	42	10
25	42	17
25	42	31
25	42	144
25	42	34
25	42	47
25	42	51
25	42	52
25	42	59
25	95	7
25	95	10
25	95	14
25	95	21
25	95	24
25	95	34
25	95	43
25	95	77
25	95	59
25	95	99
25	121	10
25	121	15
25	121	28
25	43	3
25	43	6
25	43	7
25	43	9
25	43	17
25	43	19
25	43	21
25	43	28
25	43	31
25	43	34
25	43	35
25	43	59
25	43	99
25	75	0
25	75	1
25	75	99
25	88	10
25	88	55
25	97	10
25	97	15
25	97	17
25	97	21
25	97	28
25	97	34
25	45	1
25	45	3
25	45	4
25	45	6
25	45	7
25	45	9
25	45	10
25	45	15
25	45	17
25	45	65
25	45	21
25	45	22
25	45	25
25	45	27
25	45	28
25	45	33
25	45	144
25	45	34
25	45	38
25	45	42
25	45	95
25	45	43
25	45	46
25	45	49
25	45	51
25	45	54
25	45	59
25	45	68
25	46	1
25	46	7
25	46	10
25	46	22
25	46	28
25	46	33
25	46	144
25	46	34
25	46	42
25	46	43
25	46	52
25	47	3
25	47	4
25	47	10
25	47	15
25	47	65
25	47	33
25	47	34
25	47	46
25	47	49
25	48	9
25	48	27
25	48	144
25	48	52
25	48	56
25	48	68
25	50	4
25	50	15
25	50	17
25	50	65
25	50	126
25	50	54
25	76	10
25	76	66
25	76	48
25	76	126
25	76	56
25	76	68
25	51	10
25	51	15
25	51	72
25	51	54
25	51	127
25	77	7
25	77	10
25	77	22
25	77	28
25	77	33
25	77	42
25	77	43
25	77	46
25	52	27
25	52	33
25	52	144
25	52	34
25	52	42
25	52	46
25	52	59
25	176	0
25	176	10
25	126	10
25	126	21
25	126	150
25	54	9
25	54	65
25	54	27
25	54	29
25	54	34
25	55	10
25	55	25
25	55	28
25	55	144
25	55	119
25	55	43
25	55	52
25	147	72
25	147	127
25	56	1
25	56	2
25	56	3
25	56	4
25	56	153
25	56	7
25	56	10
25	56	15
25	56	17
25	56	65
25	56	144
25	56	34
25	56	42
25	56	95
25	56	76
25	56	126
25	56	54
25	56	99
25	90	0
25	90	6
25	90	10
25	90	68
25	143	144
25	59	0
25	59	81
25	59	1
25	59	3
25	59	4
25	59	109
25	59	164
25	59	6
25	59	174
25	59	7
25	59	8
25	59	9
25	59	10
25	59	11
25	59	14
25	59	15
25	59	139
25	59	64
25	59	17
25	59	19
25	59	21
25	59	22
25	59	25
25	59	27
25	59	28
25	59	33
25	59	93
25	59	144
25	59	34
25	59	38
25	59	150
25	59	42
25	59	43
25	59	88
25	59	45
25	59	46
25	59	48
25	59	77
25	59	52
25	59	138
25	59	126
25	59	55
25	59	90
25	59	99
25	127	118
25	127	51
25	68	10
25	68	144
25	68	34
25	68	119
25	68	99
25	99	1
25	99	3
25	99	101
25	99	7
25	99	8
25	99	10
25	99	102
25	99	11
25	99	15
25	99	19
25	99	25
25	99	27
25	99	31
25	99	144
25	99	34
25	99	125
25	99	42
25	99	95
25	99	43
25	99	52
25	99	90
25	99	68
25	99	61
25	61	7
25	61	8
25	61	10
25	61	11
25	61	21
25	61	43
25	61	55
25	61	99
25	69	10
25	69	99
25	69	61
26	80	4
26	80	10
26	80	42
26	0	7
26	0	10
26	0	30
26	0	32
26	0	72
26	0	34
26	0	42
26	0	146
26	0	77
26	0	56
26	81	9
26	81	43
26	63	4
26	63	7
26	63	8
26	63	10
26	63	17
26	63	21
26	63	22
26	63	43
26	63	76
26	63	126
26	63	56
26	1	2
26	1	3
26	1	4
26	1	9
26	1	10
26	1	11
26	1	15
26	1	17
26	1	65
26	1	22
26	1	24
26	1	28
26	1	33
26	1	34
26	1	119
26	1	41
26	1	42
26	1	43
26	1	46
26	1	51
26	1	56
26	2	48
26	108	108
26	108	8
26	108	21
26	108	22
26	108	29
26	108	56
26	108	127
26	3	153
26	3	6
26	3	7
26	3	9
26	3	19
26	3	31
26	3	33
26	3	144
26	3	38
26	3	95
26	3	43
26	3	76
26	129	10
26	4	8
26	4	9
26	4	10
26	4	22
26	4	95
26	4	48
26	4	76
26	4	126
26	153	48
26	113	51
26	5	9
26	5	10
26	5	72
26	5	45
26	6	1
26	6	2
26	6	3
26	6	4
26	6	7
26	6	9
26	6	10
26	6	15
26	6	17
26	6	65
26	6	21
26	6	22
26	6	25
26	6	28
26	6	33
26	6	144
26	6	34
26	6	42
26	6	96
26	6	45
26	6	46
26	6	48
26	6	54
26	6	59
26	6	99
26	101	7
26	101	196
26	101	99
26	7	4
26	7	7
26	7	8
26	7	9
26	7	10
26	7	15
26	7	17
26	7	65
26	7	21
26	7	24
26	7	27
26	7	28
26	7	31
26	7	33
26	7	34
26	7	38
26	7	42
26	7	88
26	7	46
26	7	89
26	7	54
26	7	55
26	7	59
26	7	68
26	7	99
26	8	2
26	8	7
26	8	9
26	8	15
26	8	17
26	8	19
26	8	22
26	8	34
26	8	95
26	8	45
26	8	99
26	9	1
26	9	4
26	9	6
26	9	7
26	9	10
26	9	15
26	9	17
26	9	65
26	9	21
26	9	22
26	9	25
26	9	28
26	9	33
26	9	144
26	9	34
26	9	38
26	9	42
26	9	95
26	9	43
26	9	45
26	9	46
26	9	51
26	9	54
26	9	56
26	10	0
26	10	81
26	10	3
26	10	4
26	10	7
26	10	9
26	10	11
26	10	15
26	10	64
26	10	19
26	10	21
26	10	22
26	10	114
26	10	25
26	10	27
26	10	30
26	10	31
26	10	72
26	10	144
26	10	34
26	10	38
26	10	41
26	10	42
26	10	43
26	10	77
26	10	126
26	10	55
26	10	122
26	10	57
26	10	58
26	10	59
26	10	68
26	10	99
26	11	1
26	11	3
26	11	7
26	11	10
26	11	15
26	11	65
26	11	21
26	11	25
26	11	33
26	11	58
26	11	59
26	11	99
26	11	61
26	86	10
26	86	17
26	86	34
26	86	48
26	12	9
26	12	10
26	12	45
26	70	17
26	14	7
26	15	2
26	15	3
26	15	7
26	15	8
26	15	9
26	15	16
26	15	17
26	15	65
26	15	19
26	15	21
26	15	114
26	15	27
26	15	29
26	15	170
26	15	144
26	15	37
26	15	43
26	15	44
26	15	76
26	15	54
26	15	122
26	15	59
26	15	99
26	139	42
26	82	43
26	64	9
26	64	10
26	64	15
26	64	17
26	64	38
26	64	45
26	140	10
26	140	18
26	140	42
26	17	1
26	17	4
26	17	6
26	17	7
26	17	9
26	17	10
26	17	15
26	17	139
26	17	65
26	17	19
26	17	48
26	17	50
26	17	54
26	130	10
26	130	28
26	130	110
26	130	52
26	65	1
26	65	3
26	65	7
26	65	54
26	65	99
26	19	7
26	19	9
26	19	15
26	19	17
26	19	28
26	19	29
26	19	104
26	19	31
26	19	33
26	19	34
26	19	43
26	19	194
26	21	3
26	21	7
26	21	8
26	21	9
26	21	15
26	21	83
26	21	17
26	21	18
26	21	24
26	21	25
26	21	28
26	21	29
26	21	144
26	21	38
26	21	42
26	21	99
26	22	108
26	22	4
26	22	10
26	22	17
26	22	34
26	22	76
26	22	127
26	24	76
26	178	119
26	114	59
26	25	10
26	25	144
26	25	42
26	25	43
26	25	68
26	66	76
26	27	4
26	27	10
26	27	15
26	27	17
26	27	28
26	27	33
26	27	34
26	27	42
26	27	46
26	28	1
26	28	7
26	28	9
26	28	10
26	28	21
26	28	27
26	28	34
26	28	42
26	28	43
26	28	55
26	28	59
26	29	59
26	30	0
26	30	10
26	30	34
26	30	76
26	104	9
26	31	4
26	31	8
26	31	10
26	31	14
26	31	15
26	31	17
26	31	19
26	31	24
26	31	66
26	31	73
26	31	133
26	31	43
26	31	48
26	31	76
26	31	98
26	31	56
26	31	58
26	31	59
26	33	0
26	33	9
26	33	17
26	33	27
26	33	144
26	33	42
26	33	43
26	33	46
26	33	77
26	33	55
26	72	4
26	72	10
26	72	15
26	72	65
26	72	21
26	72	29
26	72	43
26	72	51
26	72	127
26	72	99
26	93	10
26	118	10
26	34	7
26	34	9
26	34	10
26	34	27
26	34	144
26	34	133
26	34	95
26	34	55
26	119	10
26	119	144
26	119	55
26	119	68
26	73	102
26	110	1
26	110	10
26	35	15
26	133	3
26	37	10
26	37	15
26	37	17
26	37	19
26	37	22
26	37	42
26	37	48
26	37	59
26	37	99
26	155	10
26	155	144
26	38	2
26	38	7
26	38	9
26	38	10
26	38	15
26	38	65
26	38	25
26	38	33
26	38	144
26	38	34
26	38	42
26	38	43
26	38	45
26	38	54
26	38	59
26	38	99
26	39	2
26	39	4
26	39	17
26	40	10
26	40	55
26	150	17
26	41	10
26	41	15
26	125	10
26	125	27
26	125	95
26	135	10
26	42	0
26	42	9
26	42	10
26	42	27
26	42	28
26	42	93
26	42	144
26	42	34
26	42	43
26	42	52
26	95	2
26	95	7
26	95	10
26	95	15
26	95	21
26	95	34
26	95	95
26	95	43
26	95	99
26	112	10
26	112	121
26	121	10
26	121	15
26	121	42
26	43	108
26	43	3
26	43	6
26	43	9
26	43	10
26	43	17
26	43	19
26	43	31
26	43	44
26	43	51
26	43	52
26	43	56
26	43	59
26	44	48
26	75	0
26	75	1
26	75	10
26	75	21
26	75	30
26	88	10
26	97	2
26	97	4
26	97	6
26	97	10
26	97	15
26	97	17
26	97	33
26	97	34
26	45	1
26	45	3
26	45	4
26	45	6
26	45	7
26	45	9
26	45	10
26	45	12
26	45	15
26	45	17
26	45	65
26	45	22
26	45	28
26	45	33
26	45	34
26	45	119
26	45	38
26	45	42
26	45	95
26	45	43
26	45	46
26	45	49
26	45	54
26	45	55
26	45	59
26	45	68
26	46	10
26	46	27
26	46	33
26	46	144
26	46	34
26	46	119
26	47	4
26	47	10
26	47	15
26	47	28
26	47	31
26	47	33
26	47	34
26	47	46
26	47	49
26	47	52
26	48	8
26	48	37
26	48	99
26	50	15
26	50	17
26	50	65
26	50	126
26	50	54
26	151	104
26	76	17
26	76	66
26	76	34
26	76	48
26	76	126
26	51	4
26	51	10
26	51	15
26	51	17
26	51	72
26	51	127
26	77	7
26	77	10
26	77	17
26	77	28
26	77	33
26	77	43
26	52	0
26	52	27
26	52	29
26	52	144
26	52	34
26	52	42
26	52	46
26	176	10
26	126	10
26	126	17
26	126	150
26	126	56
26	54	15
26	54	16
26	54	65
26	54	56
26	55	9
26	55	10
26	55	25
26	55	144
26	55	34
26	55	119
26	55	42
26	55	52
26	147	72
26	147	127
26	56	3
26	56	4
26	56	153
26	56	7
26	56	9
26	56	10
26	56	17
26	56	65
26	56	21
26	56	30
26	56	144
26	56	34
26	56	42
26	56	95
26	56	54
26	56	59
26	90	8
26	90	10
26	90	28
26	90	38
26	90	57
26	90	59
26	90	61
26	143	144
26	59	2
26	59	3
26	59	4
26	59	7
26	59	8
26	59	9
26	59	10
26	59	15
26	59	139
26	59	64
26	59	17
26	59	65
26	59	19
26	59	21
26	59	114
26	59	25
26	59	27
26	59	28
26	59	29
26	59	33
26	59	144
26	59	34
26	59	38
26	59	150
26	59	120
26	59	42
26	59	95
26	59	43
26	59	45
26	59	46
26	59	77
26	59	52
26	59	138
26	59	126
26	59	56
26	127	63
26	127	72
26	127	51
26	68	10
26	68	34
26	68	43
26	99	3
26	99	101
26	99	10
26	99	102
26	99	11
26	99	17
26	99	25
26	99	144
26	99	34
26	99	125
26	99	42
26	99	95
26	99	68
26	99	61
26	99	69
26	61	8
26	61	10
26	61	11
26	61	34
26	61	43
26	61	59
26	61	99
26	69	10
26	69	99
27	80	4
27	80	10
27	80	22
27	80	42
27	80	43
27	80	56
27	0	7
27	0	11
27	0	64
27	0	33
27	0	93
27	0	34
27	0	35
27	0	43
27	0	75
27	0	77
27	0	157
27	0	52
27	0	196
27	0	90
27	0	59
27	81	9
27	81	27
27	63	1
27	63	4
27	63	8
27	63	10
27	63	17
27	63	21
27	63	22
27	63	34
27	63	43
27	63	76
27	63	56
27	1	3
27	1	4
27	1	101
27	1	7
27	1	9
27	1	10
27	1	15
27	1	17
27	1	65
27	1	27
27	1	28
27	1	29
27	1	33
27	1	216
27	1	34
27	1	42
27	1	43
27	1	46
27	1	47
27	1	99
27	2	8
27	2	56
27	108	8
27	108	22
27	108	29
27	108	43
27	108	56
27	108	127
27	179	43
27	3	6
27	3	8
27	3	19
27	3	31
27	3	33
27	3	37
27	3	95
27	3	43
27	3	48
27	4	9
27	4	10
27	4	95
27	4	45
27	4	48
27	4	126
27	4	56
27	153	28
27	5	9
27	5	10
27	5	72
27	5	40
27	5	45
27	6	2
27	6	4
27	6	7
27	6	8
27	6	9
27	6	10
27	6	15
27	6	17
27	6	65
27	6	22
27	6	28
27	6	33
27	6	34
27	6	38
27	6	42
27	6	43
27	6	45
27	6	46
27	6	48
27	6	173
27	6	52
27	6	54
27	6	68
27	6	99
27	101	217
27	101	0
27	101	7
27	101	10
27	101	21
27	101	43
27	101	99
27	7	1
27	7	2
27	7	3
27	7	4
27	7	7
27	7	9
27	7	10
27	7	15
27	7	17
27	7	65
27	7	21
27	7	24
27	7	117
27	7	25
27	7	27
27	7	28
27	7	29
27	7	33
27	7	144
27	7	34
27	7	125
27	7	42
27	7	43
27	7	88
27	7	46
27	7	50
27	7	54
27	7	55
27	7	59
27	7	99
27	8	3
27	8	7
27	8	15
27	8	19
27	8	27
27	8	42
27	8	95
27	8	43
27	9	1
27	9	2
27	9	4
27	9	5
27	9	6
27	9	7
27	9	8
27	9	10
27	9	15
27	9	17
27	9	65
27	9	21
27	9	22
27	9	24
27	9	27
27	9	28
27	9	33
27	9	34
27	9	38
27	9	42
27	9	95
27	9	43
27	9	45
27	9	46
27	9	48
27	9	54
27	9	56
27	9	99
27	10	0
27	10	1
27	10	2
27	10	162
27	10	4
27	10	5
27	10	7
27	10	9
27	10	10
27	10	15
27	10	17
27	10	21
27	10	24
27	10	114
27	10	25
27	10	27
27	10	28
27	10	29
27	10	30
27	10	31
27	10	33
27	10	144
27	10	34
27	10	119
27	10	41
27	10	135
27	10	42
27	10	43
27	10	45
27	10	48
27	10	76
27	10	77
27	10	52
27	10	126
27	10	54
27	10	122
27	10	56
27	10	58
27	10	59
27	10	68
27	10	99
27	10	61
27	11	1
27	11	7
27	11	10
27	11	65
27	11	21
27	11	25
27	11	37
27	11	43
27	11	51
27	11	59
27	11	99
27	11	61
27	86	10
27	86	28
27	86	31
27	86	34
27	86	48
27	12	7
27	12	9
27	12	10
27	70	7
27	15	3
27	15	7
27	15	8
27	15	9
27	15	17
27	15	21
27	15	27
27	15	29
27	15	31
27	15	144
27	15	133
27	15	37
27	15	96
27	15	54
27	15	56
27	15	59
27	15	99
27	139	10
27	139	42
27	82	43
27	64	9
27	64	10
27	64	17
27	64	38
27	64	45
27	83	8
27	83	29
27	83	43
27	140	10
27	140	18
27	17	4
27	17	6
27	17	7
27	17	9
27	17	10
27	17	15
27	17	65
27	17	19
27	17	21
27	17	43
27	17	45
27	17	48
27	17	50
27	17	54
27	17	56
27	130	9
27	130	10
27	130	25
27	130	43
27	65	1
27	65	3
27	65	7
27	65	15
27	65	17
27	65	21
27	65	29
27	65	34
27	65	45
27	65	54
27	65	58
27	148	216
27	19	7
27	19	8
27	19	15
27	19	17
27	19	104
27	19	33
27	19	34
27	19	133
27	19	135
27	19	77
27	19	59
27	21	107
27	21	3
27	21	101
27	21	8
27	21	9
27	21	15
27	21	17
27	21	65
27	21	71
27	21	24
27	21	28
27	21	29
27	21	38
27	21	74
27	21	42
27	21	121
27	21	43
27	21	75
27	21	48
27	21	77
27	21	54
27	21	59
27	21	99
27	21	61
27	22	63
27	22	108
27	22	4
27	22	10
27	22	17
27	22	27
27	22	34
27	22	43
27	22	51
27	71	10
27	71	15
27	149	7
27	24	70
27	24	15
27	114	10
27	114	43
27	25	10
27	25	27
27	25	119
27	25	52
27	84	34
27	66	59
27	27	10
27	27	15
27	27	17
27	27	22
27	27	28
27	27	33
27	27	144
27	27	34
27	27	42
27	27	43
27	27	46
27	27	48
27	27	52
27	28	0
27	28	7
27	28	10
27	28	42
27	28	43
27	28	46
27	28	52
27	29	0
27	29	59
27	30	0
27	30	10
27	30	22
27	30	28
27	30	34
27	30	75
27	104	8
27	104	15
27	31	0
27	31	4
27	31	8
27	31	14
27	31	15
27	31	82
27	31	17
27	31	21
27	31	24
27	31	84
27	31	66
27	31	73
27	31	43
27	31	48
27	31	76
27	31	98
27	31	122
27	31	56
27	31	58
27	31	59
27	33	0
27	33	7
27	33	9
27	33	21
27	33	27
27	33	144
27	33	43
27	33	45
27	33	47
27	33	77
27	33	55
27	33	59
27	72	1
27	72	9
27	72	10
27	72	15
27	72	21
27	72	29
27	72	43
27	72	51
27	72	56
27	72	59
27	72	127
27	72	99
27	93	10
27	93	11
27	93	25
27	93	56
27	118	10
27	118	99
27	144	43
27	34	9
27	34	10
27	34	17
27	34	27
27	34	33
27	34	144
27	34	43
27	34	45
27	34	55
27	119	3
27	119	10
27	119	144
27	119	34
27	119	55
27	119	68
27	35	87
27	35	51
27	87	35
27	37	1
27	37	4
27	37	7
27	37	10
27	37	15
27	37	17
27	37	65
27	37	43
27	37	88
27	37	48
27	37	56
27	37	99
27	155	10
27	155	144
27	155	56
27	38	2
27	38	7
27	38	9
27	38	10
27	38	15
27	38	17
27	38	65
27	38	19
27	38	114
27	38	27
27	38	33
27	38	144
27	38	34
27	38	43
27	38	45
27	38	138
27	38	54
27	38	59
27	39	2
27	39	4
27	39	65
27	40	10
27	40	55
27	150	17
27	150	34
27	150	43
27	41	10
27	41	15
27	41	43
27	41	99
27	125	43
27	125	61
27	135	10
27	135	19
27	135	95
27	42	10
27	42	71
27	42	27
27	42	28
27	42	33
27	42	144
27	42	34
27	42	43
27	42	52
27	42	55
27	95	0
27	95	1
27	95	4
27	95	10
27	95	15
27	95	17
27	95	21
27	95	95
27	95	43
27	95	99
27	95	61
27	112	10
27	121	3
27	121	10
27	121	34
27	156	9
27	156	10
27	156	59
27	43	3
27	43	6
27	43	17
27	43	21
27	43	31
27	43	34
27	43	42
27	43	95
27	43	56
27	43	59
27	43	99
27	44	54
27	75	0
27	88	10
27	88	144
27	97	4
27	97	6
27	97	7
27	97	10
27	97	15
27	97	17
27	97	28
27	97	33
27	97	34
27	97	45
27	97	46
27	45	1
27	45	3
27	45	4
27	45	6
27	45	7
27	45	9
27	45	10
27	45	15
27	45	17
27	45	65
27	45	21
27	45	28
27	45	33
27	45	34
27	45	38
27	45	42
27	45	95
27	45	43
27	45	46
27	45	48
27	45	52
27	45	54
27	45	59
27	46	10
27	46	27
27	46	33
27	46	144
27	46	34
27	46	119
27	46	43
27	46	52
27	46	55
27	47	4
27	47	8
27	47	10
27	47	15
27	47	65
27	47	33
27	47	34
27	47	46
27	47	49
27	47	52
27	47	54
27	48	9
27	48	27
27	48	34
27	48	37
27	50	4
27	50	15
27	50	17
27	50	65
27	50	54
27	89	144
27	89	34
27	89	61
27	76	10
27	76	17
27	76	21
27	76	150
27	76	43
27	76	48
27	76	126
27	76	56
27	51	4
27	51	113
27	51	10
27	51	15
27	51	72
27	51	34
27	51	43
27	51	58
27	51	127
27	51	99
27	77	7
27	77	10
27	77	17
27	77	28
27	77	33
27	77	133
27	77	42
27	157	63
27	52	10
27	52	27
27	52	144
27	52	34
27	52	42
27	52	43
27	52	47
27	52	55
27	176	10
27	126	4
27	126	10
27	126	17
27	126	65
27	126	21
27	126	22
27	126	72
27	126	34
27	126	150
27	126	43
27	126	51
27	126	56
27	53	3
27	54	21
27	54	34
27	54	56
27	55	9
27	55	10
27	55	25
27	55	27
27	55	28
27	55	144
27	55	119
27	55	43
27	55	52
27	147	72
27	147	43
27	147	127
27	56	0
27	56	1
27	56	108
27	56	3
27	56	4
27	56	8
27	56	9
27	56	10
27	56	15
27	56	17
27	56	18
27	56	65
27	56	19
27	56	21
27	56	22
27	56	31
27	56	144
27	56	34
27	56	37
27	56	42
27	56	43
27	56	45
27	56	54
27	56	55
27	56	59
27	56	99
27	90	10
27	90	21
27	90	28
27	90	144
27	90	34
27	90	43
27	90	52
27	90	57
27	90	59
27	90	61
27	57	10
27	59	1
27	59	2
27	59	3
27	59	7
27	59	9
27	59	10
27	59	166
27	59	15
27	59	139
27	59	17
27	59	65
27	59	19
27	59	21
27	59	149
27	59	114
27	59	25
27	59	27
27	59	28
27	59	29
27	59	170
27	59	33
27	59	144
27	59	34
27	59	38
27	59	42
27	59	43
27	59	96
27	59	45
27	59	46
27	59	48
27	59	76
27	59	52
27	59	138
27	59	98
27	59	54
27	59	56
27	59	143
27	59	99
27	59	61
27	127	108
27	127	30
27	127	72
27	127	34
27	127	43
27	127	51
27	127	99
27	68	10
27	68	27
27	68	144
27	68	43
27	99	1
27	99	2
27	99	4
27	99	6
27	99	101
27	99	7
27	99	10
27	99	102
27	99	11
27	99	15
27	99	17
27	99	65
27	99	21
27	99	22
27	99	144
27	99	125
27	99	42
27	99	95
27	99	43
27	99	51
27	99	111
27	99	56
27	99	90
27	99	59
27	99	99
27	99	69
27	61	0
27	61	10
27	61	15
27	61	28
27	61	95
27	61	43
27	61	52
27	61	90
27	61	59
27	61	68
27	61	99
27	69	101
27	69	10
27	69	125
27	69	95
27	69	99
28	80	4
28	80	10
28	80	22
28	80	43
28	80	56
28	0	160
28	0	15
28	0	34
28	0	132
28	0	43
28	0	75
28	0	88
28	0	77
28	0	56
28	81	9
28	81	43
28	63	3
28	63	4
28	63	8
28	63	10
28	63	17
28	63	21
28	63	22
28	63	30
28	63	43
28	63	51
28	63	52
28	1	3
28	1	4
28	1	7
28	1	9
28	1	10
28	1	15
28	1	17
28	1	65
28	1	27
28	1	28
28	1	33
28	1	72
28	1	144
28	1	34
28	1	42
28	1	43
28	1	45
28	1	46
28	1	54
28	1	56
28	2	9
28	2	58
28	108	8
28	108	21
28	108	22
28	108	29
28	108	56
28	108	127
28	3	19
28	3	31
28	3	33
28	129	10
28	162	19
28	163	10
28	4	10
28	4	15
28	4	64
28	4	17
28	4	27
28	4	95
28	4	48
28	4	56
28	5	9
28	5	10
28	5	72
28	5	38
28	5	40
28	5	42
28	5	43
28	5	45
28	6	81
28	6	63
28	6	2
28	6	4
28	6	5
28	6	7
28	6	9
28	6	10
28	6	166
28	6	15
28	6	17
28	6	65
28	6	167
28	6	21
28	6	22
28	6	25
28	6	28
28	6	33
28	6	38
28	6	42
28	6	43
28	6	45
28	6	46
28	6	48
28	6	98
28	6	54
28	6	56
28	6	68
28	6	99
28	101	217
28	101	10
28	101	17
28	101	21
28	101	95
28	101	43
28	101	52
28	101	59
28	101	99
28	101	61
28	101	69
28	7	0
28	7	3
28	7	218
28	7	4
28	7	6
28	7	7
28	7	8
28	7	9
28	7	10
28	7	15
28	7	17
28	7	18
28	7	65
28	7	19
28	7	25
28	7	27
28	7	28
28	7	29
28	7	33
28	7	144
28	7	34
28	7	38
28	7	42
28	7	43
28	7	88
28	7	46
28	7	50
28	7	52
28	7	54
28	7	55
28	7	59
28	7	61
28	8	7
28	8	15
28	8	19
28	8	27
28	8	31
28	8	42
28	8	43
28	8	59
28	9	63
28	9	2
28	9	3
28	9	4
28	9	6
28	9	7
28	9	9
28	9	10
28	9	15
28	9	17
28	9	65
28	9	21
28	9	22
28	9	27
28	9	28
28	9	33
28	9	34
28	9	42
28	9	95
28	9	43
28	9	45
28	9	46
28	9	54
28	9	56
28	9	59
28	9	99
28	10	1
28	10	3
28	10	4
28	10	6
28	10	7
28	10	8
28	10	9
28	10	10
28	10	15
28	10	140
28	10	17
28	10	65
28	10	19
28	10	21
28	10	22
28	10	114
28	10	25
28	10	27
28	10	29
28	10	31
28	10	33
28	10	72
28	10	118
28	10	144
28	10	34
28	10	41
28	10	42
28	10	95
28	10	43
28	10	97
28	10	45
28	10	47
28	10	77
28	10	52
28	10	138
28	10	126
28	10	54
28	10	147
28	10	142
28	10	56
28	10	58
28	10	59
28	10	68
28	10	99
28	11	7
28	11	10
28	11	15
28	11	17
28	11	65
28	11	21
28	11	43
28	11	56
28	11	90
28	11	59
28	11	99
28	11	61
28	86	10
28	86	48
28	86	56
28	86	59
28	12	9
28	12	10
28	12	42
28	12	43
28	180	21
28	14	21
28	15	3
28	15	7
28	15	9
28	15	17
28	15	19
28	15	21
28	15	27
28	15	29
28	15	31
28	15	34
28	15	133
28	15	42
28	15	43
28	15	45
28	15	46
28	15	89
28	15	54
28	15	55
28	15	56
28	15	59
28	16	21
28	139	10
28	139	38
28	139	42
28	139	59
28	82	43
28	64	7
28	64	10
28	64	38
28	64	42
28	64	45
28	83	8
28	83	29
28	83	43
28	83	75
28	140	10
28	140	18
28	17	3
28	17	4
28	17	6
28	17	7
28	17	9
28	17	10
28	17	15
28	17	65
28	17	19
28	17	21
28	17	27
28	17	31
28	17	35
28	17	43
28	17	45
28	17	50
28	17	89
28	17	54
28	17	56
28	130	10
28	65	1
28	65	108
28	65	3
28	65	6
28	65	7
28	65	15
28	65	21
28	65	29
28	65	37
28	65	44
28	65	45
28	65	126
28	65	54
28	19	3
28	19	8
28	19	15
28	19	17
28	19	170
28	19	33
28	19	34
28	19	133
28	19	42
28	19	59
28	21	0
28	21	1
28	21	2
28	21	3
28	21	7
28	21	8
28	21	9
28	21	10
28	21	15
28	21	16
28	21	17
28	21	65
28	21	19
28	21	21
28	21	27
28	21	29
28	21	73
28	21	38
28	21	42
28	21	43
28	21	48
28	21	50
28	21	54
28	21	56
28	21	59
28	21	99
28	22	108
28	22	4
28	22	10
28	22	17
28	22	27
28	22	34
28	22	43
28	22	56
28	24	70
28	24	31
28	24	42
28	114	26
28	114	138
28	25	10
28	25	27
28	25	144
28	25	42
28	25	43
28	84	34
28	66	59
28	27	1
28	27	4
28	27	7
28	27	8
28	27	10
28	27	15
28	27	17
28	27	21
28	27	22
28	27	27
28	27	28
28	27	33
28	27	144
28	27	34
28	27	42
28	27	46
28	27	48
28	27	55
28	28	2
28	28	7
28	28	9
28	28	10
28	28	19
28	28	21
28	28	71
28	28	27
28	28	29
28	28	144
28	28	34
28	28	42
28	28	43
28	28	172
28	28	46
28	28	52
28	28	59
28	29	21
28	29	59
28	30	0
28	30	10
28	30	34
28	104	76
28	31	0
28	31	6
28	31	14
28	31	15
28	31	83
28	31	17
28	31	21
28	31	24
28	31	84
28	31	38
28	31	43
28	31	48
28	31	76
28	31	52
28	31	98
28	31	122
28	31	56
28	31	58
28	33	0
28	33	7
28	33	9
28	33	21
28	33	27
28	33	144
28	33	132
28	33	42
28	33	43
28	33	75
28	33	45
28	33	77
28	33	55
28	33	59
28	72	4
28	72	9
28	72	10
28	72	15
28	72	21
28	72	29
28	72	43
28	72	45
28	72	51
28	72	56
28	72	127
28	93	0
28	93	10
28	93	15
28	93	25
28	93	34
28	93	59
28	93	99
28	93	61
28	118	7
28	118	10
28	144	43
28	34	7
28	34	9
28	34	10
28	34	25
28	34	27
28	34	144
28	34	43
28	34	45
28	34	55
28	34	56
28	34	68
28	34	99
28	119	10
28	119	55
28	73	0
28	171	56
28	110	21
28	133	3
28	133	22
28	37	7
28	37	8
28	37	10
28	37	15
28	37	17
28	37	65
28	37	43
28	37	88
28	37	48
28	155	10
28	38	7
28	38	9
28	38	10
28	38	15
28	38	17
28	38	27
28	38	33
28	38	34
28	38	42
28	38	43
28	38	97
28	38	45
28	38	46
28	38	52
28	38	99
28	39	2
28	39	4
28	39	126
28	40	10
28	40	55
28	150	4
28	150	10
28	150	22
28	150	34
28	150	43
28	41	10
28	41	43
28	41	99
28	125	61
28	135	10
28	135	19
28	135	43
28	135	99
28	42	1
28	42	10
28	42	27
28	42	28
28	42	33
28	42	144
28	42	34
28	42	43
28	42	46
28	42	52
28	42	55
28	95	3
28	95	7
28	95	8
28	95	10
28	95	15
28	95	21
28	95	28
28	95	42
28	95	95
28	95	43
28	95	48
28	95	52
28	95	56
28	95	99
28	95	61
28	112	10
28	112	121
28	121	10
28	121	25
28	121	43
28	121	68
28	156	10
28	156	59
28	43	2
28	43	3
28	43	4
28	43	6
28	43	8
28	43	10
28	43	70
28	43	14
28	43	15
28	43	16
28	43	64
28	43	17
28	43	18
28	43	65
28	43	19
28	43	24
28	43	84
28	43	66
28	43	29
28	43	31
28	43	35
28	43	133
28	43	87
28	43	74
28	43	48
28	43	50
28	43	76
28	43	77
28	43	53
28	43	98
28	43	54
28	43	56
28	44	9
28	44	21
28	44	43
28	44	54
28	172	10
28	96	43
28	75	0
28	75	65
28	75	72
28	75	43
28	88	10
28	88	144
28	88	34
28	88	151
28	88	55
28	88	56
28	97	3
28	97	4
28	97	7
28	97	10
28	97	15
28	97	17
28	97	28
28	97	33
28	97	34
28	97	46
28	45	1
28	45	3
28	45	4
28	45	6
28	45	7
28	45	9
28	45	10
28	45	15
28	45	17
28	45	65
28	45	19
28	45	21
28	45	25
28	45	66
28	45	28
28	45	33
28	45	34
28	45	38
28	45	42
28	45	95
28	45	43
28	45	45
28	45	46
28	45	48
28	45	76
28	45	54
28	45	56
28	45	59
28	46	10
28	46	27
28	46	33
28	46	34
28	46	42
28	46	43
28	46	52
28	47	15
28	47	28
28	47	33
28	47	34
28	47	43
28	47	54
28	48	3
28	48	8
28	48	21
28	48	34
28	48	43
28	48	55
28	50	4
28	50	15
28	50	17
28	50	65
28	50	43
28	50	54
28	151	104
28	89	25
28	76	9
28	76	10
28	76	17
28	76	22
28	76	43
28	76	48
28	76	56
28	51	4
28	51	10
28	51	15
28	51	19
28	51	21
28	51	72
28	51	43
28	51	56
28	51	127
28	77	8
28	77	10
28	77	33
28	77	34
28	77	42
28	77	43
28	181	43
28	52	3
28	52	10
28	52	27
28	52	28
28	52	34
28	52	188
28	52	42
28	52	43
28	52	59
28	176	0
28	176	3
28	176	10
28	176	93
28	126	63
28	126	4
28	126	6
28	126	7
28	126	8
28	126	10
28	126	17
28	126	65
28	126	22
28	126	72
28	126	34
28	126	150
28	126	42
28	126	56
28	54	7
28	54	8
28	54	65
28	54	21
28	54	28
28	55	9
28	55	10
28	55	21
28	55	25
28	55	144
28	55	34
28	55	119
28	55	43
28	55	52
28	147	72
28	147	43
28	147	51
28	122	27
28	56	3
28	56	4
28	56	160
28	56	7
28	56	8
28	56	9
28	56	10
28	56	15
28	56	17
28	56	18
28	56	65
28	56	19
28	56	21
28	56	22
28	56	28
28	56	29
28	56	31
28	56	33
28	56	144
28	56	34
28	56	42
28	56	43
28	56	59
28	90	0
28	90	4
28	90	10
28	90	15
28	90	65
28	90	25
28	90	30
28	90	31
28	90	33
28	90	93
28	90	34
28	90	39
28	90	120
28	90	42
28	90	43
28	90	52
28	90	54
28	90	59
28	90	61
28	58	160
28	59	0
28	59	1
28	59	2
28	59	3
28	59	4
28	59	109
28	59	6
28	59	7
28	59	9
28	59	10
28	59	12
28	59	166
28	59	15
28	59	16
28	59	139
28	59	17
28	59	65
28	59	19
28	59	21
28	59	114
28	59	25
28	59	27
28	59	28
28	59	29
28	59	33
28	59	144
28	59	34
28	59	155
28	59	38
28	59	40
28	59	42
28	59	43
28	59	96
28	59	45
28	59	46
28	59	77
28	59	52
28	59	138
28	59	54
28	59	55
28	59	56
28	59	128
28	59	68
28	59	99
28	59	61
28	127	108
28	127	4
28	127	7
28	127	15
28	127	65
28	127	21
28	127	30
28	127	72
28	127	43
28	68	10
28	68	43
28	68	55
28	99	1
28	99	3
28	99	4
28	99	6
28	99	101
28	99	7
28	99	8
28	99	10
28	99	102
28	99	11
28	99	17
28	99	19
28	99	21
28	99	25
28	99	34
28	99	115
28	99	125
28	99	42
28	99	95
28	99	43
28	99	111
28	99	55
28	99	99
28	99	61
28	99	69
28	61	1
28	61	8
28	61	10
28	61	17
28	61	65
28	61	21
28	61	25
28	61	29
28	61	34
28	61	95
28	61	43
28	61	52
28	61	90
28	61	99
28	69	10
28	69	125
28	69	56
28	69	99
28	69	61
29	107	10
29	80	4
29	80	10
29	80	43
29	80	56
29	0	10
29	0	34
29	0	42
29	0	43
29	0	75
29	0	56
29	81	9
29	81	34
29	81	43
29	81	45
29	63	0
29	63	4
29	63	8
29	63	10
29	63	15
29	63	17
29	63	21
29	63	22
29	63	30
29	63	150
29	63	43
29	63	76
29	63	51
29	63	52
29	63	126
29	63	56
29	1	2
29	1	7
29	1	9
29	1	10
29	1	15
29	1	65
29	1	19
29	1	21
29	1	27
29	1	28
29	1	33
29	1	34
29	1	39
29	1	42
29	1	43
29	1	46
29	1	52
29	1	54
29	1	55
29	1	56
29	1	99
29	1	61
29	2	1
29	2	21
29	2	31
29	2	59
29	108	8
29	108	22
29	108	29
29	108	56
29	108	127
29	179	90
29	3	9
29	3	17
29	3	19
29	3	33
29	3	34
29	3	133
29	3	43
29	3	56
29	129	10
29	162	19
29	163	43
29	4	0
29	4	7
29	4	10
29	4	17
29	4	22
29	4	27
29	4	95
29	4	48
29	4	126
29	4	56
29	153	122
29	153	58
29	5	6
29	5	9
29	5	10
29	5	34
29	5	43
29	5	45
29	5	55
29	6	3
29	6	4
29	6	7
29	6	8
29	6	9
29	6	10
29	6	15
29	6	17
29	6	65
29	6	19
29	6	21
29	6	25
29	6	27
29	6	28
29	6	33
29	6	34
29	6	42
29	6	43
29	6	45
29	6	46
29	6	48
29	6	52
29	6	54
29	6	59
29	101	217
29	101	1
29	101	10
29	101	65
29	101	21
29	101	28
29	101	29
29	101	31
29	101	95
29	101	43
29	101	52
29	101	59
29	101	99
29	101	61
29	7	1
29	7	7
29	7	9
29	7	10
29	7	14
29	7	15
29	7	17
29	7	65
29	7	27
29	7	28
29	7	29
29	7	33
29	7	34
29	7	38
29	7	74
29	7	42
29	7	43
29	7	88
29	7	46
29	7	48
29	7	50
29	7	54
29	7	55
29	7	56
29	7	59
29	7	99
29	8	19
29	8	42
29	8	95
29	8	43
29	8	50
29	9	2
29	9	3
29	9	4
29	9	5
29	9	6
29	9	7
29	9	8
29	9	9
29	9	10
29	9	15
29	9	17
29	9	65
29	9	22
29	9	27
29	9	28
29	9	33
29	9	144
29	9	34
29	9	38
29	9	42
29	9	43
29	9	45
29	9	46
29	9	54
29	9	55
29	9	99
29	10	0
29	10	1
29	10	2
29	10	3
29	10	6
29	10	7
29	10	9
29	10	10
29	10	11
29	10	65
29	10	21
29	10	71
29	10	24
29	10	25
29	10	27
29	10	33
29	10	118
29	10	144
29	10	34
29	10	38
29	10	42
29	10	95
29	10	43
29	10	45
29	10	48
29	10	52
29	10	138
29	10	126
29	10	54
29	10	55
29	10	122
29	10	56
29	10	58
29	10	59
29	10	99
29	11	0
29	11	1
29	11	3
29	11	7
29	11	10
29	11	15
29	11	17
29	11	19
29	11	21
29	11	25
29	11	29
29	11	95
29	11	43
29	11	48
29	11	52
29	11	99
29	11	61
29	86	7
29	86	10
29	86	17
29	86	19
29	86	29
29	86	48
29	86	61
29	12	9
29	12	10
29	12	28
29	12	42
29	12	43
29	13	7
29	15	0
29	15	3
29	15	7
29	15	8
29	15	9
29	15	17
29	15	65
29	15	19
29	15	21
29	15	27
29	15	29
29	15	45
29	15	46
29	15	54
29	15	56
29	15	59
29	154	34
29	16	44
29	139	3
29	139	10
29	139	24
29	139	34
29	82	43
29	64	10
29	64	38
29	64	42
29	64	43
29	64	45
29	83	10
29	83	43
29	140	10
29	140	18
29	140	46
29	17	3
29	17	6
29	17	7
29	17	9
29	17	10
29	17	15
29	17	65
29	17	19
29	17	21
29	17	27
29	17	29
29	17	31
29	17	43
29	17	45
29	17	48
29	17	50
29	17	89
29	17	54
29	18	21
29	130	10
29	65	1
29	65	6
29	65	7
29	65	9
29	65	15
29	65	21
29	65	29
29	65	37
29	65	44
29	65	126
29	65	54
29	65	59
29	65	99
29	19	107
29	19	0
29	19	3
29	19	8
29	19	15
29	19	17
29	19	21
29	19	104
29	19	33
29	19	34
29	19	48
29	21	3
29	21	7
29	21	9
29	21	10
29	21	15
29	21	17
29	21	65
29	21	19
29	21	66
29	21	27
29	21	29
29	21	34
29	21	42
29	21	43
29	21	45
29	21	48
29	21	77
29	21	54
29	21	56
29	21	99
29	22	0
29	22	108
29	22	4
29	22	7
29	22	10
29	22	17
29	22	65
29	22	42
29	22	43
29	22	56
29	24	4
29	24	70
29	24	42
29	114	8
29	114	27
29	114	43
29	114	138
29	25	10
29	25	27
29	25	34
29	25	42
29	25	43
29	84	65
29	84	34
29	84	42
29	66	59
29	27	1
29	27	3
29	27	4
29	27	7
29	27	9
29	27	10
29	27	15
29	27	17
29	27	21
29	27	22
29	27	28
29	27	33
29	27	34
29	27	42
29	27	46
29	27	99
29	28	0
29	28	163
29	28	9
29	28	10
29	28	19
29	28	27
29	28	29
29	28	34
29	28	42
29	28	43
29	30	2
29	30	10
29	30	17
29	30	89
29	31	8
29	31	14
29	31	15
29	31	17
29	31	19
29	31	24
29	31	84
29	31	66
29	31	171
29	31	43
29	31	48
29	31	76
29	31	51
29	31	98
29	31	55
29	31	56
29	31	58
29	33	0
29	33	7
29	33	9
29	33	21
29	33	66
29	33	27
29	33	170
29	33	144
29	33	132
29	33	42
29	33	43
29	33	75
29	33	45
29	33	89
29	33	77
29	33	55
29	33	59
29	72	9
29	72	10
29	72	15
29	72	21
29	72	168
29	72	29
29	72	43
29	72	51
29	72	56
29	72	127
29	72	99
29	93	0
29	93	10
29	93	180
29	93	30
29	118	10
29	118	127
29	144	43
29	34	3
29	34	7
29	34	9
29	34	10
29	34	27
29	34	42
29	34	43
29	34	45
29	34	48
29	34	55
29	132	43
29	119	10
29	119	28
29	119	55
29	73	0
29	73	90
29	37	3
29	37	10
29	37	15
29	37	17
29	37	65
29	37	22
29	37	28
29	37	43
29	37	48
29	155	10
29	38	4
29	38	7
29	38	9
29	38	10
29	38	15
29	38	17
29	38	28
29	38	33
29	38	34
29	38	42
29	38	43
29	38	45
29	38	46
29	38	52
29	38	55
29	38	59
29	39	4
29	39	126
29	94	10
29	40	10
29	40	46
29	40	55
29	150	18
29	150	34
29	150	42
29	150	43
29	150	54
29	150	56
29	41	1
29	41	7
29	41	10
29	41	15
29	41	43
29	41	99
29	125	10
29	125	34
29	125	61
29	135	10
29	135	43
29	135	99
29	137	61
29	42	1
29	42	3
29	42	4
29	42	10
29	42	17
29	42	21
29	42	25
29	42	27
29	42	28
29	42	33
29	42	144
29	42	34
29	42	43
29	42	52
29	42	55
29	42	68
29	95	204
29	95	1
29	95	3
29	95	7
29	95	10
29	95	15
29	95	17
29	95	21
29	95	71
29	95	24
29	95	28
29	95	29
29	95	34
29	95	42
29	95	95
29	95	112
29	95	43
29	95	52
29	95	59
29	95	68
29	95	99
29	95	61
29	112	10
29	121	10
29	121	43
29	121	55
29	156	9
29	156	10
29	43	1
29	43	2
29	43	3
29	43	4
29	43	6
29	43	8
29	43	70
29	43	14
29	43	15
29	43	16
29	43	17
29	43	18
29	43	65
29	43	19
29	43	21
29	43	24
29	43	84
29	43	66
29	43	29
29	43	31
29	43	34
29	43	35
29	43	133
29	43	87
29	43	74
29	43	42
29	43	48
29	43	50
29	43	76
29	43	53
29	43	98
29	43	54
29	43	55
29	43	56
29	43	59
29	44	8
29	44	15
29	44	43
29	172	10
29	75	0
29	88	0
29	88	10
29	88	144
29	88	43
29	97	4
29	97	10
29	97	12
29	97	15
29	97	17
29	97	28
29	97	33
29	97	34
29	97	45
29	45	3
29	45	4
29	45	6
29	45	7
29	45	9
29	45	10
29	45	15
29	45	17
29	45	65
29	45	25
29	45	28
29	45	33
29	45	144
29	45	34
29	45	38
29	45	42
29	45	95
29	45	43
29	45	45
29	45	46
29	45	48
29	45	54
29	46	0
29	46	10
29	46	27
29	46	28
29	46	33
29	46	34
29	46	42
29	46	43
29	46	52
29	46	61
29	47	1
29	47	10
29	47	15
29	47	17
29	47	28
29	47	33
29	47	42
29	47	46
29	48	3
29	48	17
29	48	29
29	48	144
29	48	34
29	48	39
29	48	43
29	48	51
29	48	59
29	48	68
29	50	4
29	50	17
29	50	65
29	50	54
29	50	99
29	76	4
29	76	10
29	76	17
29	76	34
29	76	48
29	76	55
29	51	10
29	51	72
29	51	42
29	51	43
29	77	10
29	77	33
29	77	42
29	77	43
29	77	75
29	77	54
29	157	0
29	157	10
29	181	19
29	52	10
29	52	25
29	52	27
29	52	34
29	52	42
29	52	127
29	138	114
29	176	0
29	176	10
29	126	1
29	126	4
29	126	6
29	126	7
29	126	10
29	126	17
29	126	18
29	126	65
29	126	22
29	126	34
29	126	150
29	126	42
29	126	46
29	126	54
29	54	3
29	54	9
29	54	17
29	54	65
29	54	29
29	54	44
29	54	59
29	55	10
29	55	25
29	55	144
29	55	34
29	55	43
29	55	52
29	147	10
29	147	72
29	147	43
29	122	19
29	122	56
29	56	108
29	56	3
29	56	4
29	56	160
29	56	7
29	56	8
29	56	9
29	56	10
29	56	15
29	56	17
29	56	65
29	56	22
29	56	28
29	56	31
29	56	144
29	56	34
29	56	42
29	56	43
29	56	59
29	56	99
29	90	0
29	90	1
29	90	4
29	90	7
29	90	8
29	90	10
29	90	15
29	90	28
29	90	144
29	90	34
29	90	42
29	90	43
29	90	146
29	90	52
29	90	54
29	90	99
29	90	61
29	143	9
29	59	0
29	59	1
29	59	2
29	59	3
29	59	5
29	59	7
29	59	8
29	59	9
29	59	10
29	59	12
29	59	166
29	59	14
29	59	15
29	59	139
29	59	64
29	59	17
29	59	65
29	59	19
29	59	21
29	59	25
29	59	27
29	59	28
29	59	29
29	59	170
29	59	104
29	59	197
29	59	33
29	59	144
29	59	34
29	59	110
29	59	38
29	59	42
29	59	43
29	59	88
29	59	45
29	59	46
29	59	77
29	59	52
29	59	138
29	59	54
29	59	55
29	59	56
29	59	99
29	59	61
29	127	108
29	127	15
29	127	43
29	127	51
29	68	10
29	68	25
29	68	144
29	68	43
29	99	4
29	99	101
29	99	9
29	99	10
29	99	11
29	99	17
29	99	18
29	99	65
29	99	21
29	99	25
29	99	28
29	99	29
29	99	144
29	99	34
29	99	125
29	99	42
29	99	95
29	99	43
29	99	52
29	99	59
29	99	61
29	61	0
29	61	1
29	61	7
29	61	8
29	61	10
29	61	17
29	61	28
29	61	29
29	61	118
29	61	34
29	61	137
29	61	95
29	61	43
29	61	52
29	61	99
29	69	10
29	69	25
29	69	125
29	69	99
