0	0	29
0	1	4
0	1	43
0	1	59
0	1	53
0	1	30
0	1	33
0	2	17
0	2	68
0	3	151
0	3	10
0	3	24
0	4	8
0	4	21
0	4	24
0	4	155
0	4	29
0	4	34
0	5	37
0	5	8
0	5	9
0	5	11
0	5	38
0	5	12
0	5	13
0	5	17
0	5	18
0	5	19
0	5	43
0	5	29
0	5	30
0	5	34
0	6	8
0	6	12
0	6	13
0	6	15
0	6	17
0	6	19
0	6	43
0	6	25
0	6	110
0	6	33
0	6	34
0	6	36
0	7	3
0	7	8
0	8	37
0	8	1
0	8	2
0	8	5
0	8	62
0	8	7
0	8	9
0	8	50
0	8	11
0	8	38
0	8	12
0	8	13
0	8	16
0	8	17
0	8	123
0	8	18
0	8	80
0	8	19
0	8	43
0	8	24
0	8	25
0	8	54
0	8	155
0	8	29
0	8	68
0	8	31
0	8	32
0	8	95
0	8	34
0	8	35
0	8	36
0	9	123
0	10	24
0	11	12
0	11	18
0	11	23
0	11	54
0	12	4
0	12	8
0	12	151
0	12	156
0	12	18
0	12	80
0	12	100
0	12	26
0	12	30
0	12	95
0	13	0
0	13	1
0	13	2
0	13	3
0	13	113
0	13	5
0	13	8
0	13	11
0	13	38
0	13	12
0	13	40
0	13	16
0	13	17
0	13	51
0	13	92
0	13	18
0	13	19
0	13	21
0	13	43
0	13	24
0	13	29
0	13	30
0	13	32
0	13	34
0	13	36
0	14	2
0	15	6
0	15	21
0	15	34
0	16	9
0	16	32
0	17	1
0	17	6
0	17	151
0	17	21
0	17	131
0	17	24
0	17	34
0	18	5
0	18	157
0	18	57
0	18	132
0	18	43
0	18	27
0	18	29
0	18	30
0	18	31
0	18	95
0	18	36
0	19	4
0	19	6
0	19	12
0	19	41
0	19	21
0	19	158
0	19	133
0	19	43
0	19	29
0	19	30
0	19	34
0	20	47
0	21	6
0	21	34
0	22	8
0	23	34
0	24	17
0	24	51
0	24	18
0	24	131
0	24	43
0	25	29
0	26	12
0	27	54
0	28	4
0	28	8
0	28	19
0	28	65
0	28	34
0	29	115
0	30	15
0	30	41
0	30	43
0	30	33
0	31	5
0	32	1
0	32	8
0	32	11
0	32	12
0	32	29
0	33	159
0	34	160
0	34	0
0	34	37
0	34	1
0	34	3
0	34	161
0	34	49
0	34	87
0	34	73
0	34	4
0	34	5
0	34	62
0	34	6
0	34	79
0	34	74
0	34	145
0	34	8
0	34	151
0	34	50
0	34	10
0	34	11
0	34	12
0	34	13
0	34	89
0	34	162
0	34	41
0	34	17
0	34	123
0	34	58
0	34	18
0	34	19
0	34	21
0	34	115
0	34	23
0	34	43
0	34	126
0	34	24
0	34	25
0	34	109
0	34	54
0	34	29
0	34	30
0	34	95
0	34	35
0	34	102
0	34	36
0	35	155
0	36	103
1	0	29
1	37	34
1	1	107
1	1	59
1	1	53
1	1	30
1	1	36
1	2	8
1	2	16
1	2	17
1	2	68
1	3	8
1	3	12
1	3	39
1	3	18
1	3	19
1	3	99
1	3	29
1	3	34
1	4	89
1	4	21
1	4	155
1	4	29
1	4	30
1	4	34
1	4	36
1	5	73
1	5	8
1	5	10
1	5	38
1	5	12
1	5	13
1	5	17
1	5	58
1	5	19
1	5	21
1	5	28
1	5	29
1	5	68
1	5	34
1	6	8
1	6	12
1	6	13
1	6	17
1	6	19
1	6	21
1	6	34
1	6	36
1	7	8
1	8	1
1	8	2
1	8	3
1	8	73
1	8	4
1	8	5
1	8	79
1	8	74
1	8	7
1	8	9
1	8	10
1	8	11
1	8	163
1	8	12
1	8	13
1	8	15
1	8	16
1	8	17
1	8	51
1	8	18
1	8	19
1	8	21
1	8	43
1	8	24
1	8	54
1	8	29
1	8	30
1	8	68
1	8	95
1	8	34
1	8	36
1	9	29
1	10	80
1	10	24
1	11	151
1	11	12
1	11	54
1	38	97
1	38	17
1	12	61
1	12	5
1	12	6
1	12	119
1	12	8
1	12	151
1	12	11
1	12	18
1	12	19
1	12	21
1	12	100
1	12	42
1	12	43
1	12	24
1	12	26
1	12	164
1	12	29
1	12	95
1	12	34
1	13	1
1	13	3
1	13	73
1	13	5
1	13	88
1	13	79
1	13	8
1	13	11
1	13	12
1	13	89
1	13	16
1	13	17
1	13	51
1	13	58
1	13	18
1	13	19
1	13	21
1	13	43
1	13	24
1	13	25
1	13	27
1	13	29
1	13	30
1	13	32
1	13	33
1	13	69
1	13	34
1	13	36
1	39	12
1	40	162
1	15	6
1	15	21
1	41	43
1	17	0
1	17	1
1	17	161
1	17	41
1	17	24
1	17	59
1	17	120
1	17	29
1	18	71
1	18	5
1	18	79
1	18	7
1	18	11
1	18	12
1	18	57
1	18	115
1	18	132
1	18	29
1	18	68
1	18	31
1	18	69
1	18	34
1	18	36
1	19	4
1	19	6
1	19	15
1	19	17
1	19	21
1	19	158
1	19	30
1	19	34
1	21	6
1	21	29
1	22	8
1	22	32
1	23	34
1	42	141
1	43	30
1	43	102
1	24	3
1	24	13
1	24	41
1	24	17
1	24	43
1	24	29
1	24	30
1	24	36
1	44	162
1	45	1
1	28	5
1	28	7
1	28	8
1	28	13
1	28	21
1	28	34
1	29	115
1	46	61
1	30	0
1	30	139
1	30	4
1	30	6
1	30	41
1	30	19
1	30	21
1	30	43
1	30	45
1	32	11
1	32	97
1	32	18
1	47	165
1	48	22
1	34	116
1	34	1
1	34	3
1	34	49
1	34	73
1	34	4
1	34	5
1	34	62
1	34	119
1	34	79
1	34	74
1	34	8
1	34	11
1	34	12
1	34	13
1	34	166
1	34	15
1	34	17
1	34	51
1	34	58
1	34	18
1	34	19
1	34	21
1	34	23
1	34	43
1	34	126
1	34	24
1	34	59
1	34	45
1	34	29
1	34	30
1	34	167
1	34	95
1	34	168
1	34	35
1	34	36
2	37	34
2	1	15
2	1	41
2	1	43
2	1	30
2	1	102
2	2	3
2	2	16
2	2	24
2	2	26
2	2	93
2	2	68
2	2	31
2	3	56
2	3	8
2	3	12
2	3	13
2	3	99
2	3	24
2	3	29
2	3	169
2	49	28
2	4	8
2	4	11
2	4	89
2	4	21
2	4	43
2	4	29
2	4	30
2	4	34
2	4	36
2	5	73
2	5	8
2	5	9
2	5	38
2	5	12
2	5	13
2	5	17
2	5	58
2	5	19
2	5	21
2	5	29
2	5	32
2	5	33
2	5	34
2	6	8
2	6	151
2	6	12
2	6	13
2	6	17
2	6	18
2	6	19
2	6	21
2	6	29
2	6	34
2	8	37
2	8	1
2	8	3
2	8	73
2	8	5
2	8	7
2	8	11
2	8	12
2	8	13
2	8	16
2	8	17
2	8	18
2	8	19
2	8	21
2	8	24
2	8	25
2	8	120
2	8	54
2	8	29
2	8	30
2	8	67
2	8	68
2	8	135
2	8	95
2	8	69
2	8	48
2	8	34
2	8	36
2	9	170
2	9	123
2	9	36
2	50	41
2	11	61
2	11	8
2	11	89
2	11	54
2	11	29
2	11	95
2	11	34
2	12	3
2	12	4
2	12	5
2	12	62
2	12	78
2	12	8
2	12	151
2	12	11
2	12	18
2	12	19
2	12	100
2	12	141
2	12	52
2	12	26
2	12	54
2	12	29
2	12	95
2	12	34
2	13	1
2	13	2
2	13	3
2	13	125
2	13	5
2	13	8
2	13	11
2	13	38
2	13	12
2	13	63
2	13	15
2	13	16
2	13	51
2	13	18
2	13	21
2	13	23
2	13	24
2	13	25
2	13	44
2	13	54
2	13	27
2	13	28
2	13	29
2	13	30
2	13	32
2	13	33
2	13	69
2	13	34
2	13	36
2	39	12
2	15	1
2	15	6
2	16	68
2	17	1
2	17	6
2	17	10
2	17	13
2	17	58
2	17	21
2	17	115
2	17	131
2	17	59
2	17	47
2	17	34
2	51	11
2	51	13
2	18	138
2	18	113
2	18	5
2	18	62
2	18	7
2	18	8
2	18	10
2	18	11
2	18	13
2	18	16
2	18	21
2	18	83
2	18	26
2	18	171
2	18	31
2	18	34
2	18	35
2	18	36
2	19	4
2	19	6
2	19	8
2	19	12
2	19	13
2	19	15
2	19	41
2	19	17
2	19	18
2	19	21
2	19	43
2	19	24
2	19	30
2	19	33
2	19	34
2	21	6
2	21	43
2	21	30
2	22	97
2	23	74
2	52	12
2	43	6
2	43	41
2	43	30
2	43	33
2	43	102
2	24	7
2	24	8
2	24	50
2	24	54
2	24	29
2	24	167
2	24	36
2	25	38
2	45	13
2	53	41
2	54	104
2	54	8
2	54	29
2	28	5
2	28	7
2	28	8
2	28	12
2	28	19
2	28	154
2	28	34
2	29	91
2	29	112
2	30	17
2	30	19
2	30	21
2	30	43
2	30	53
2	30	34
2	32	11
2	32	25
2	32	33
2	48	28
2	34	37
2	34	1
2	34	2
2	34	3
2	34	161
2	34	76
2	34	73
2	34	4
2	34	5
2	34	6
2	34	79
2	34	74
2	34	8
2	34	151
2	34	11
2	34	38
2	34	12
2	34	13
2	34	130
2	34	15
2	34	16
2	34	41
2	34	17
2	34	51
2	34	58
2	34	18
2	34	19
2	34	21
2	34	158
2	34	23
2	34	43
2	34	82
2	34	24
2	34	25
2	34	120
2	34	83
2	34	28
2	34	29
2	34	30
2	34	67
2	34	167
2	34	33
2	34	95
2	34	69
2	34	35
2	34	36
3	1	41
3	1	59
3	1	53
3	1	34
3	2	41
3	2	24
3	2	69
3	55	25
3	3	8
3	3	163
3	3	12
3	3	89
3	3	18
3	3	19
3	3	21
3	3	99
3	3	43
3	3	24
3	3	54
3	3	32
3	4	13
3	4	18
3	4	24
3	4	34
3	5	73
3	5	4
3	5	8
3	5	38
3	5	12
3	5	13
3	5	17
3	5	19
3	5	66
3	5	34
3	6	37
3	6	73
3	6	8
3	6	13
3	6	15
3	6	41
3	6	17
3	6	19
3	6	21
3	6	43
3	6	83
3	6	45
3	6	30
3	6	33
3	6	34
3	56	41
3	8	37
3	8	1
3	8	2
3	8	3
3	8	49
3	8	73
3	8	4
3	8	5
3	8	6
3	8	7
3	8	11
3	8	12
3	8	13
3	8	16
3	8	41
3	8	17
3	8	51
3	8	123
3	8	18
3	8	19
3	8	21
3	8	65
3	8	43
3	8	24
3	8	25
3	8	54
3	8	28
3	8	30
3	8	68
3	8	32
3	8	60
3	8	34
3	8	36
3	9	170
3	9	70
3	11	73
3	11	50
3	11	12
3	11	17
3	11	54
3	11	95
3	38	5
3	12	37
3	12	3
3	12	61
3	12	5
3	12	8
3	12	151
3	12	11
3	12	163
3	12	16
3	12	17
3	12	18
3	12	80
3	12	100
3	12	52
3	12	26
3	12	91
3	12	46
3	12	135
3	12	95
3	12	34
3	12	36
3	13	1
3	13	5
3	13	62
3	13	79
3	13	74
3	13	8
3	13	11
3	13	163
3	13	12
3	13	63
3	13	41
3	13	17
3	13	51
3	13	18
3	13	19
3	13	64
3	13	20
3	13	21
3	13	25
3	13	120
3	13	27
3	13	29
3	13	30
3	13	69
3	13	60
3	13	34
3	13	36
3	39	12
3	39	13
3	39	36
3	15	6
3	57	8
3	17	11
3	17	13
3	17	15
3	17	58
3	17	20
3	17	43
3	17	30
3	51	11
3	58	17
3	58	82
3	18	138
3	18	76
3	18	7
3	18	8
3	18	151
3	18	50
3	18	11
3	18	39
3	18	89
3	18	15
3	18	57
3	18	16
3	18	17
3	18	132
3	18	25
3	18	27
3	18	28
3	18	93
3	18	31
3	18	112
3	18	60
3	18	34
3	19	1
3	19	4
3	19	6
3	19	8
3	19	11
3	19	12
3	19	41
3	19	21
3	19	43
3	19	25
3	19	28
3	19	30
3	19	34
3	20	163
3	21	6
3	21	41
3	21	45
3	23	43
3	23	34
3	43	1
3	43	41
3	43	19
3	24	3
3	24	8
3	24	129
3	24	18
3	24	36
3	59	134
3	54	12
3	28	7
3	28	8
3	28	19
3	28	64
3	30	1
3	30	139
3	30	8
3	30	19
3	30	21
3	30	133
3	30	43
3	30	33
3	30	34
3	31	138
3	31	8
3	31	30
3	32	9
3	60	20
3	34	37
3	34	1
3	34	3
3	34	161
3	34	76
3	34	87
3	34	73
3	34	4
3	34	5
3	34	6
3	34	79
3	34	74
3	34	8
3	34	9
3	34	50
3	34	12
3	34	13
3	34	41
3	34	17
3	34	58
3	34	18
3	34	19
3	34	21
3	34	115
3	34	141
3	34	23
3	34	43
3	34	66
3	34	59
3	34	109
3	34	45
3	34	29
3	34	30
3	34	67
3	34	31
3	34	32
3	34	33
3	34	69
3	34	48
3	34	35
3	36	30
3	36	60
4	1	4
4	1	6
4	1	41
4	1	53
4	1	30
4	2	37
4	2	3
4	2	109
4	3	12
4	3	17
4	3	18
4	3	99
4	3	29
4	3	135
4	3	36
4	61	135
4	4	5
4	4	6
4	4	12
4	4	34
4	5	73
4	5	8
4	5	38
4	5	29
4	5	33
4	62	16
4	6	8
4	6	15
4	6	41
4	6	17
4	6	19
4	6	21
4	6	29
4	6	30
4	6	34
4	7	68
4	8	37
4	8	1
4	8	2
4	8	3
4	8	73
4	8	4
4	8	5
4	8	6
4	8	79
4	8	9
4	8	10
4	8	11
4	8	12
4	8	13
4	8	89
4	8	15
4	8	16
4	8	17
4	8	51
4	8	58
4	8	18
4	8	19
4	8	20
4	8	21
4	8	65
4	8	43
4	8	66
4	8	24
4	8	83
4	8	54
4	8	28
4	8	29
4	8	30
4	8	32
4	8	33
4	8	69
4	8	34
4	8	36
4	8	103
4	9	170
4	9	29
4	11	15
4	11	17
4	11	25
4	12	61
4	12	4
4	12	78
4	12	88
4	12	8
4	12	151
4	12	11
4	12	18
4	12	100
4	12	26
4	12	134
4	12	135
4	12	95
4	12	34
4	13	0
4	13	1
4	13	73
4	13	5
4	13	8
4	13	12
4	13	63
4	13	89
4	13	51
4	13	18
4	13	20
4	13	43
4	13	24
4	13	25
4	13	54
4	13	29
4	13	172
4	13	30
4	13	33
4	13	69
4	13	34
4	13	36
4	63	39
4	39	12
4	39	18
4	39	172
4	40	126
4	15	6
4	15	41
4	15	21
4	15	30
4	16	8
4	17	0
4	17	11
4	17	13
4	17	129
4	17	15
4	17	58
4	17	18
4	17	20
4	17	131
4	17	43
4	17	155
4	17	60
4	17	34
4	18	138
4	18	37
4	18	73
4	18	5
4	18	7
4	18	8
4	18	151
4	18	11
4	18	12
4	18	39
4	18	57
4	18	92
4	18	173
4	18	59
4	18	29
4	18	93
4	18	46
4	18	30
4	18	31
4	18	112
4	18	95
4	18	69
4	18	34
4	19	4
4	19	6
4	19	8
4	19	12
4	19	41
4	19	17
4	19	21
4	19	43
4	19	45
4	19	30
4	19	34
4	64	92
4	20	60
4	21	41
4	21	45
4	21	34
4	22	18
4	65	8
4	23	43
4	43	139
4	43	6
4	43	19
4	43	133
4	43	30
4	66	135
4	24	3
4	24	8
4	24	18
4	24	80
4	24	34
4	24	36
4	25	63
4	59	134
4	54	174
4	27	18
4	28	72
4	28	8
4	28	19
4	28	64
4	28	65
4	28	175
4	29	17
4	29	91
4	29	136
4	30	139
4	30	8
4	30	19
4	30	43
4	30	45
4	30	34
4	67	40
4	68	8
4	32	8
4	32	29
4	32	172
4	32	30
4	69	64
4	69	29
4	60	20
4	48	28
4	34	116
4	34	1
4	34	3
4	34	76
4	34	73
4	34	125
4	34	4
4	34	5
4	34	6
4	34	74
4	34	8
4	34	128
4	34	10
4	34	38
4	34	12
4	34	13
4	34	40
4	34	15
4	34	41
4	34	17
4	34	51
4	34	58
4	34	19
4	34	21
4	34	23
4	34	43
4	34	126
4	34	24
4	34	25
4	34	59
4	34	45
4	34	28
4	34	29
4	34	46
4	34	30
4	34	31
4	34	95
4	34	60
4	34	48
4	34	35
4	35	79
4	36	60
4	70	36
5	0	30
5	1	63
5	1	41
5	1	59
5	1	33
5	2	32
5	3	12
5	3	13
5	3	18
5	3	99
5	3	24
5	3	29
5	3	32
5	71	18
5	72	28
5	73	162
5	4	12
5	4	29
5	4	85
5	4	34
5	5	8
5	5	11
5	5	17
5	5	19
5	5	25
5	5	33
5	62	141
5	6	8
5	6	15
5	6	41
5	6	17
5	6	19
5	6	21
5	6	110
5	6	30
5	6	34
5	74	44
5	8	37
5	8	1
5	8	2
5	8	3
5	8	4
5	8	5
5	8	6
5	8	74
5	8	7
5	8	9
5	8	11
5	8	12
5	8	170
5	8	13
5	8	89
5	8	16
5	8	17
5	8	51
5	8	58
5	8	18
5	8	80
5	8	19
5	8	20
5	8	21
5	8	65
5	8	124
5	8	24
5	8	83
5	8	54
5	8	155
5	8	28
5	8	29
5	8	93
5	8	172
5	8	30
5	8	68
5	8	32
5	8	33
5	8	95
5	8	69
5	8	60
5	8	34
5	8	103
5	9	5
5	9	63
5	11	157
5	11	12
5	11	89
5	11	51
5	11	25
5	11	54
5	11	29
5	11	95
5	11	34
5	38	34
5	12	3
5	12	5
5	12	88
5	12	8
5	12	151
5	12	11
5	12	17
5	12	51
5	12	18
5	12	21
5	12	100
5	12	52
5	12	42
5	12	24
5	12	26
5	12	54
5	12	29
5	12	172
5	12	95
5	12	34
5	12	36
5	75	34
5	13	1
5	13	5
5	13	88
5	13	8
5	13	12
5	13	130
5	13	17
5	13	51
5	13	18
5	13	80
5	13	124
5	13	24
5	13	29
5	13	30
5	13	69
5	13	34
5	13	36
5	39	3
5	15	6
5	15	17
5	15	30
5	41	30
5	17	8
5	17	11
5	17	12
5	17	13
5	17	58
5	17	18
5	17	21
5	17	131
5	17	24
5	17	176
5	17	34
5	51	5
5	51	15
5	58	3
5	58	30
5	18	138
5	18	3
5	18	71
5	18	157
5	18	7
5	18	150
5	18	151
5	18	11
5	18	12
5	18	89
5	18	57
5	18	173
5	18	90
5	18	146
5	18	42
5	18	29
5	18	93
5	18	31
5	19	1
5	19	4
5	19	6
5	19	8
5	19	12
5	19	41
5	19	17
5	19	21
5	19	43
5	19	29
5	19	30
5	19	34
5	20	60
5	21	6
5	21	29
5	21	172
5	21	30
5	23	43
5	43	41
5	43	133
5	43	29
5	24	3
5	24	63
5	24	89
5	24	18
5	24	95
5	24	60
5	25	30
5	54	104
5	54	100
5	28	72
5	28	5
5	28	7
5	28	8
5	28	12
5	28	19
5	28	21
5	28	65
5	29	177
5	29	172
5	30	41
5	30	17
5	30	19
5	30	43
5	30	45
5	30	33
5	30	60
5	30	102
5	31	5
5	31	92
5	32	25
5	33	41
5	60	20
5	48	28
5	34	1
5	34	3
5	34	76
5	34	144
5	34	125
5	34	4
5	34	5
5	34	6
5	34	79
5	34	8
5	34	128
5	34	12
5	34	13
5	34	130
5	34	15
5	34	16
5	34	41
5	34	17
5	34	51
5	34	58
5	34	18
5	34	106
5	34	19
5	34	178
5	34	21
5	34	100
5	34	23
5	34	43
5	34	82
5	34	24
5	34	25
5	34	59
5	34	45
5	34	134
5	34	29
5	34	30
5	34	67
5	34	31
5	34	32
5	34	85
5	34	35
5	36	56
5	36	63
5	36	17
5	36	60
5	36	70
6	0	97
6	0	47
6	37	34
6	1	61
6	1	41
6	1	131
6	1	43
6	1	59
6	1	53
6	1	33
6	2	3
6	2	6
6	2	41
6	2	24
6	2	32
6	2	95
6	3	6
6	3	8
6	3	151
6	3	12
6	3	13
6	3	39
6	3	18
6	3	99
6	3	43
6	3	24
6	3	26
6	3	46
6	3	30
6	3	95
6	3	34
6	3	86
6	76	34
6	72	28
6	77	86
6	4	121
6	4	8
6	4	12
6	4	41
6	4	29
6	4	85
6	5	0
6	5	1
6	5	2
6	5	8
6	5	11
6	5	38
6	5	12
6	5	13
6	5	15
6	5	17
6	5	92
6	5	58
6	5	19
6	5	23
6	5	30
6	5	32
6	5	33
6	5	34
6	5	86
6	6	161
6	6	73
6	6	6
6	6	8
6	6	163
6	6	13
6	6	15
6	6	41
6	6	17
6	6	92
6	6	58
6	6	18
6	6	19
6	6	21
6	78	142
6	79	50
6	7	72
6	7	68
6	8	0
6	8	37
6	8	2
6	8	3
6	8	49
6	8	73
6	8	5
6	8	6
6	8	145
6	8	7
6	8	9
6	8	50
6	8	11
6	8	38
6	8	12
6	8	13
6	8	89
6	8	16
6	8	41
6	8	17
6	8	51
6	8	92
6	8	123
6	8	58
6	8	18
6	8	80
6	8	19
6	8	99
6	8	90
6	8	65
6	8	23
6	8	43
6	8	66
6	8	24
6	8	25
6	8	120
6	8	45
6	8	54
6	8	27
6	8	29
6	8	30
6	8	67
6	8	68
6	8	31
6	8	32
6	8	33
6	8	95
6	8	69
6	8	60
6	8	34
6	8	35
6	8	86
6	9	163
6	9	170
6	11	73
6	11	157
6	11	151
6	11	10
6	11	51
6	11	18
6	11	100
6	11	54
6	11	95
6	12	3
6	12	6
6	12	78
6	12	88
6	12	8
6	12	122
6	12	151
6	12	11
6	12	13
6	12	17
6	12	58
6	12	18
6	12	21
6	12	90
6	12	100
6	12	66
6	12	24
6	12	26
6	12	54
6	12	29
6	12	30
6	12	95
6	12	34
6	13	1
6	13	2
6	13	3
6	13	5
6	13	62
6	13	6
6	13	8
6	13	151
6	13	11
6	13	38
6	13	12
6	13	63
6	13	41
6	13	17
6	13	51
6	13	18
6	13	19
6	13	21
6	13	146
6	13	43
6	13	24
6	13	45
6	13	29
6	13	30
6	13	171
6	13	32
6	13	69
6	13	60
6	13	34
6	13	86
6	39	3
6	40	44
6	15	6
6	15	30
6	41	1
6	41	43
6	41	102
6	17	0
6	17	8
6	17	11
6	17	13
6	17	58
6	17	18
6	17	115
6	17	131
6	17	25
6	17	155
6	17	60
6	17	34
6	17	86
6	51	5
6	51	8
6	51	15
6	51	58
6	51	26
6	51	30
6	51	86
6	58	8
6	58	51
6	18	138
6	18	150
6	18	11
6	18	63
6	18	57
6	18	173
6	18	100
6	18	146
6	18	93
6	18	68
6	18	31
6	18	95
6	18	34
6	18	35
6	80	105
6	19	4
6	19	6
6	19	8
6	19	12
6	19	15
6	19	41
6	19	21
6	19	43
6	19	59
6	19	45
6	19	30
6	19	33
6	19	34
6	64	28
6	20	47
6	21	1
6	21	5
6	21	6
6	21	41
6	21	19
6	21	131
6	21	43
6	23	4
6	23	43
6	23	168
6	43	15
6	43	41
6	43	19
6	43	30
6	43	33
6	81	104
6	81	86
6	82	66
6	24	2
6	24	3
6	24	7
6	24	9
6	24	12
6	24	17
6	24	18
6	24	115
6	24	25
6	24	35
6	25	9
6	59	179
6	83	87
6	26	38
6	54	174
6	54	12
6	54	100
6	28	72
6	28	5
6	28	6
6	28	7
6	28	8
6	28	92
6	28	19
6	28	21
6	28	65
6	28	34
6	29	115
6	30	41
6	30	17
6	30	21
6	30	43
6	30	45
6	30	33
6	30	102
6	68	17
6	31	5
6	32	9
6	84	86
6	33	159
6	85	130
6	60	20
6	48	15
6	48	175
6	48	28
6	34	37
6	34	121
6	34	1
6	34	2
6	34	3
6	34	161
6	34	76
6	34	144
6	34	87
6	34	73
6	34	125
6	34	4
6	34	5
6	34	6
6	34	88
6	34	79
6	34	74
6	34	145
6	34	7
6	34	8
6	34	122
6	34	151
6	34	50
6	34	11
6	34	12
6	34	13
6	34	180
6	34	40
6	34	15
6	34	162
6	34	16
6	34	41
6	34	17
6	34	51
6	34	123
6	34	58
6	34	18
6	34	106
6	34	19
6	34	178
6	34	21
6	34	115
6	34	23
6	34	43
6	34	82
6	34	24
6	34	59
6	34	44
6	34	83
6	34	45
6	34	30
6	34	31
6	34	32
6	34	33
6	34	85
6	34	95
6	34	47
6	34	35
6	86	77
6	86	101
6	86	42
6	86	81
6	86	82
6	86	84
6	86	60
6	86	70
6	86	103
7	0	41
7	0	92
7	37	40
7	37	34
7	1	4
7	1	6
7	1	13
7	1	63
7	1	41
7	1	59
7	1	53
7	1	30
7	2	17
7	2	43
7	2	24
7	2	26
7	2	32
7	2	35
7	3	2
7	3	78
7	3	8
7	3	50
7	3	12
7	3	13
7	3	18
7	3	99
7	3	43
7	3	29
7	3	30
7	3	69
7	3	86
7	87	50
7	4	12
7	4	106
7	4	19
7	4	29
7	4	34
7	5	1
7	5	2
7	5	4
7	5	8
7	5	11
7	5	12
7	5	13
7	5	15
7	5	17
7	5	19
7	5	21
7	5	131
7	5	23
7	5	133
7	5	30
7	5	32
7	5	33
7	5	34
7	5	86
7	62	41
7	6	87
7	6	73
7	6	4
7	6	6
7	6	119
7	6	151
7	6	12
7	6	13
7	6	15
7	6	41
7	6	17
7	6	92
7	6	58
7	6	19
7	6	98
7	6	21
7	6	59
7	6	109
7	6	30
7	6	67
7	6	34
7	88	34
7	7	8
7	7	115
7	7	31
7	8	138
7	8	37
7	8	1
7	8	2
7	8	3
7	8	73
7	8	4
7	8	5
7	8	62
7	8	6
7	8	78
7	8	79
7	8	157
7	8	7
7	8	9
7	8	151
7	8	50
7	8	10
7	8	11
7	8	163
7	8	38
7	8	12
7	8	13
7	8	89
7	8	16
7	8	41
7	8	17
7	8	51
7	8	92
7	8	58
7	8	18
7	8	19
7	8	20
7	8	21
7	8	65
7	8	175
7	8	43
7	8	66
7	8	24
7	8	25
7	8	45
7	8	26
7	8	54
7	8	27
7	8	28
7	8	29
7	8	30
7	8	68
7	8	31
7	8	32
7	8	33
7	8	69
7	8	34
7	8	35
7	8	86
7	9	10
7	9	25
7	11	87
7	11	78
7	11	157
7	11	8
7	11	151
7	11	51
7	11	18
7	11	54
7	38	6
7	12	3
7	12	4
7	12	5
7	12	6
7	12	88
7	12	119
7	12	157
7	12	8
7	12	122
7	12	9
7	12	151
7	12	11
7	12	75
7	12	13
7	12	41
7	12	17
7	12	58
7	12	18
7	12	181
7	12	21
7	12	115
7	12	100
7	12	141
7	12	182
7	12	108
7	12	26
7	12	29
7	12	95
7	12	69
7	12	34
7	12	86
7	13	1
7	13	161
7	13	113
7	13	73
7	13	5
7	13	8
7	13	163
7	13	12
7	13	63
7	13	130
7	13	17
7	13	51
7	13	92
7	13	18
7	13	19
7	13	21
7	13	115
7	13	183
7	13	131
7	13	146
7	13	43
7	13	82
7	13	24
7	13	45
7	13	26
7	13	28
7	13	32
7	13	33
7	13	95
7	13	69
7	13	47
7	13	34
7	13	86
7	39	3
7	39	12
7	39	18
7	39	82
7	89	138
7	40	144
7	40	126
7	40	44
7	15	6
7	15	181
7	15	21
7	15	43
7	15	45
7	15	30
7	41	8
7	41	43
7	41	30
7	41	60
7	17	3
7	17	161
7	17	73
7	17	4
7	17	6
7	17	8
7	17	10
7	17	11
7	17	13
7	17	63
7	17	92
7	17	58
7	17	18
7	17	19
7	17	115
7	17	131
7	17	24
7	17	120
7	17	109
7	17	110
7	17	29
7	17	60
7	17	47
7	17	34
7	17	35
7	17	86
7	51	26
7	58	8
7	58	12
7	18	4
7	18	5
7	18	6
7	18	11
7	18	115
7	18	173
7	18	100
7	18	23
7	18	43
7	18	25
7	18	29
7	18	172
7	18	30
7	18	68
7	18	31
7	18	95
7	18	69
7	18	34
7	80	115
7	19	6
7	19	8
7	19	12
7	19	13
7	19	15
7	19	41
7	19	17
7	19	18
7	19	21
7	19	131
7	19	59
7	19	45
7	19	30
7	19	33
7	19	34
7	20	131
7	20	47
7	21	6
7	21	15
7	21	18
7	21	131
7	21	102
7	90	8
7	23	4
7	23	168
7	43	139
7	43	181
7	43	131
7	43	59
7	43	45
7	24	2
7	24	3
7	24	73
7	24	9
7	24	12
7	24	18
7	24	45
7	24	30
7	24	95
7	59	179
7	59	107
7	59	108
7	59	134
7	54	100
7	91	13
7	28	72
7	28	6
7	28	7
7	28	8
7	28	19
7	28	64
7	28	21
7	28	24
7	28	34
7	29	63
7	29	18
7	29	136
7	30	5
7	30	15
7	30	41
7	30	17
7	30	21
7	30	133
7	30	43
7	30	45
7	30	33
7	67	44
7	31	7
7	32	9
7	32	115
7	33	159
7	33	133
7	33	102
7	69	145
7	69	92
7	48	14
7	48	175
7	34	37
7	34	1
7	34	2
7	34	76
7	34	144
7	34	73
7	34	125
7	34	4
7	34	5
7	34	6
7	34	79
7	34	74
7	34	7
7	34	8
7	34	122
7	34	11
7	34	38
7	34	12
7	34	13
7	34	40
7	34	130
7	34	15
7	34	16
7	34	41
7	34	17
7	34	58
7	34	18
7	34	106
7	34	19
7	34	21
7	34	183
7	34	100
7	34	23
7	34	43
7	34	108
7	34	24
7	34	59
7	34	45
7	34	28
7	34	30
7	34	31
7	34	32
7	34	33
7	34	85
7	34	60
7	34	168
7	34	35
7	86	77
7	86	89
7	86	41
7	86	20
7	86	140
7	86	101
7	86	124
7	86	81
7	86	84
7	86	169
7	86	60
7	86	103
8	0	151
8	0	92
8	0	115
8	0	43
8	0	172
8	37	155
8	1	73
8	1	6
8	1	13
8	1	41
8	1	59
8	1	53
8	2	3
8	2	5
8	2	8
8	2	12
8	2	16
8	2	41
8	2	17
8	2	18
8	2	24
8	2	31
8	3	2
8	3	5
8	3	79
8	3	8
8	3	151
8	3	11
8	3	38
8	3	12
8	3	13
8	3	18
8	3	115
8	3	99
8	3	100
8	3	24
8	3	25
8	3	54
8	3	68
8	3	32
8	3	33
8	3	95
8	87	50
8	73	104
8	73	87
8	4	1
8	4	3
8	4	139
8	4	5
8	4	6
8	4	157
8	4	12
8	4	17
8	4	19
8	4	178
8	4	115
8	4	23
8	4	24
8	4	30
8	4	95
8	4	34
8	5	2
8	5	73
8	5	62
8	5	6
8	5	8
8	5	11
8	5	38
8	5	12
8	5	13
8	5	15
8	5	17
8	5	58
8	5	19
8	5	43
8	5	33
8	5	34
8	5	86
8	62	87
8	6	0
8	6	37
8	6	1
8	6	3
8	6	73
8	6	4
8	6	5
8	6	6
8	6	8
8	6	10
8	6	11
8	6	97
8	6	12
8	6	13
8	6	15
8	6	41
8	6	17
8	6	92
8	6	58
8	6	18
8	6	19
8	6	21
8	6	24
8	6	25
8	6	59
8	6	109
8	6	28
8	6	30
8	6	31
8	6	69
8	6	60
8	6	34
8	6	102
8	6	86
8	79	44
8	7	8
8	8	1
8	8	2
8	8	3
8	8	161
8	8	72
8	8	73
8	8	4
8	8	5
8	8	6
8	8	79
8	8	145
8	8	7
8	8	9
8	8	128
8	8	151
8	8	10
8	8	11
8	8	97
8	8	163
8	8	38
8	8	12
8	8	13
8	8	89
8	8	40
8	8	15
8	8	16
8	8	41
8	8	17
8	8	51
8	8	92
8	8	58
8	8	18
8	8	80
8	8	19
8	8	20
8	8	115
8	8	132
8	8	126
8	8	24
8	8	59
8	8	26
8	8	54
8	8	27
8	8	28
8	8	30
8	8	68
8	8	31
8	8	32
8	8	33
8	8	95
8	8	69
8	8	48
8	8	34
8	8	86
8	9	47
8	10	172
8	11	6
8	11	151
8	11	40
8	11	18
8	11	115
8	11	54
8	11	27
8	11	29
8	11	35
8	38	6
8	12	1
8	12	2
8	12	3
8	12	73
8	12	4
8	12	5
8	12	88
8	12	7
8	12	8
8	12	122
8	12	151
8	12	11
8	12	12
8	12	75
8	12	13
8	12	16
8	12	17
8	12	18
8	12	90
8	12	100
8	12	45
8	12	135
8	12	95
8	12	168
8	12	34
8	13	0
8	13	105
8	13	1
8	13	3
8	13	61
8	13	4
8	13	6
8	13	7
8	13	8
8	13	9
8	13	10
8	13	11
8	13	163
8	13	12
8	13	39
8	13	17
8	13	51
8	13	92
8	13	18
8	13	106
8	13	19
8	13	21
8	13	115
8	13	90
8	13	65
8	13	43
8	13	24
8	13	25
8	13	29
8	13	30
8	13	68
8	13	32
8	13	33
8	13	95
8	13	60
8	13	168
8	13	34
8	13	86
8	39	3
8	39	18
8	39	82
8	40	44
8	15	6
8	15	43
8	41	30
8	17	0
8	17	1
8	17	3
8	17	128
8	17	11
8	17	163
8	17	13
8	17	18
8	17	20
8	17	21
8	17	131
8	17	184
8	17	42
8	17	24
8	17	176
8	17	45
8	17	110
8	17	91
8	17	27
8	17	30
8	17	33
8	17	60
8	17	34
8	17	86
8	51	34
8	92	105
8	58	6
8	58	45
8	58	30
8	18	138
8	18	6
8	18	11
8	18	13
8	18	89
8	18	15
8	18	57
8	18	17
8	18	19
8	18	146
8	18	43
8	18	93
8	18	172
8	18	30
8	18	31
8	18	95
8	18	60
8	80	172
8	19	73
8	19	4
8	19	6
8	19	8
8	19	12
8	19	15
8	19	41
8	19	17
8	19	21
8	19	43
8	19	24
8	19	45
8	19	30
8	19	68
8	19	33
8	19	34
8	20	60
8	20	47
8	21	6
8	21	15
8	21	17
8	21	43
8	43	6
8	43	41
8	43	21
8	43	45
8	43	30
8	24	138
8	24	2
8	24	3
8	24	4
8	24	8
8	24	9
8	24	11
8	24	13
8	24	40
8	24	41
8	24	18
8	24	131
8	24	91
8	25	13
8	25	34
8	26	2
8	26	6
8	26	59
8	54	11
8	54	12
8	28	105
8	28	3
8	28	72
8	28	4
8	28	7
8	28	8
8	28	17
8	28	19
8	28	34
8	29	80
8	29	115
8	93	71
8	30	6
8	30	12
8	30	41
8	30	17
8	30	133
8	30	43
8	30	33
8	30	34
8	68	8
8	31	2
8	31	26
8	32	9
8	32	13
8	33	159
8	94	28
8	95	151
8	95	13
8	69	2
8	69	6
8	48	17
8	48	21
8	34	37
8	34	1
8	34	2
8	34	3
8	34	49
8	34	113
8	34	76
8	34	144
8	34	185
8	34	73
8	34	125
8	34	4
8	34	5
8	34	6
8	34	79
8	34	7
8	34	8
8	34	9
8	34	128
8	34	50
8	34	11
8	34	38
8	34	12
8	34	13
8	34	63
8	34	89
8	34	180
8	34	40
8	34	130
8	34	15
8	34	162
8	34	57
8	34	16
8	34	41
8	34	17
8	34	51
8	34	58
8	34	18
8	34	106
8	34	19
8	34	21
8	34	115
8	34	183
8	34	100
8	34	23
8	34	43
8	34	126
8	34	24
8	34	25
8	34	59
8	34	109
8	34	44
8	34	45
8	34	29
8	34	30
8	34	31
8	34	32
8	34	33
8	34	85
8	34	95
8	34	168
8	34	35
8	34	86
8	86	1
8	86	77
8	86	5
8	86	20
8	86	101
8	86	124
8	86	81
8	86	91
8	86	84
8	86	60
8	86	34
8	86	70
8	86	103
9	1	6
9	1	11
9	1	38
9	1	12
9	1	63
9	1	41
9	1	18
9	1	23
9	1	53
9	1	26
9	1	30
9	1	33
9	1	34
9	2	71
9	2	4
9	2	8
9	2	12
9	2	57
9	2	16
9	2	17
9	2	24
9	2	93
9	2	34
9	3	37
9	3	5
9	3	7
9	3	8
9	3	11
9	3	38
9	3	12
9	3	13
9	3	18
9	3	99
9	3	90
9	3	82
9	3	24
9	3	25
9	3	26
9	3	54
9	3	46
9	3	32
9	3	33
9	3	69
9	4	37
9	4	1
9	4	73
9	4	8
9	4	97
9	4	12
9	4	16
9	4	106
9	4	23
9	4	43
9	4	24
9	4	95
9	4	34
9	5	2
9	5	61
9	5	6
9	5	8
9	5	11
9	5	12
9	5	17
9	5	19
9	5	43
9	5	83
9	5	34
9	62	128
9	6	1
9	6	2
9	6	3
9	6	73
9	6	4
9	6	6
9	6	7
9	6	8
9	6	10
9	6	11
9	6	97
9	6	12
9	6	13
9	6	15
9	6	41
9	6	17
9	6	51
9	6	58
9	6	18
9	6	19
9	6	21
9	6	115
9	6	23
9	6	43
9	6	24
9	6	25
9	6	59
9	6	110
9	6	155
9	6	28
9	6	172
9	6	31
9	6	33
9	6	69
9	6	34
9	6	35
9	6	102
9	6	86
9	7	5
9	7	8
9	7	13
9	7	17
9	7	26
9	7	27
9	7	68
9	8	1
9	8	2
9	8	3
9	8	73
9	8	4
9	8	5
9	8	6
9	8	79
9	8	74
9	8	157
9	8	7
9	8	9
9	8	151
9	8	96
9	8	11
9	8	163
9	8	38
9	8	12
9	8	13
9	8	16
9	8	41
9	8	17
9	8	51
9	8	92
9	8	58
9	8	18
9	8	80
9	8	19
9	8	21
9	8	115
9	8	90
9	8	23
9	8	42
9	8	43
9	8	24
9	8	25
9	8	59
9	8	83
9	8	26
9	8	27
9	8	28
9	8	29
9	8	172
9	8	67
9	8	68
9	8	31
9	8	32
9	8	112
9	8	33
9	8	95
9	8	69
9	8	34
9	8	102
9	8	86
9	9	141
9	96	43
9	11	157
9	11	151
9	11	12
9	11	18
9	11	54
9	11	29
9	97	65
9	38	6
9	12	37
9	12	2
9	12	3
9	12	4
9	12	5
9	12	7
9	12	8
9	12	122
9	12	151
9	12	11
9	12	12
9	12	75
9	12	13
9	12	16
9	12	17
9	12	51
9	12	18
9	12	19
9	12	100
9	12	141
9	12	23
9	12	42
9	12	108
9	12	66
9	12	24
9	12	109
9	12	29
9	12	46
9	12	95
9	12	34
9	13	2
9	13	3
9	13	113
9	13	4
9	13	5
9	13	6
9	13	145
9	13	7
9	13	8
9	13	11
9	13	38
9	13	12
9	13	63
9	13	180
9	13	40
9	13	17
9	13	51
9	13	58
9	13	18
9	13	19
9	13	131
9	13	65
9	13	184
9	13	23
9	13	186
9	13	24
9	13	25
9	13	91
9	13	172
9	13	30
9	13	32
9	13	169
9	13	95
9	13	60
9	13	47
9	13	34
9	13	35
9	40	44
9	15	6
9	15	181
9	15	43
9	15	30
9	15	102
9	57	71
9	41	43
9	17	37
9	17	113
9	17	5
9	17	8
9	17	13
9	17	63
9	17	41
9	17	92
9	17	58
9	17	80
9	17	19
9	17	20
9	17	21
9	17	115
9	17	131
9	17	100
9	17	141
9	17	23
9	17	133
9	17	42
9	17	82
9	17	24
9	17	176
9	17	110
9	17	91
9	17	29
9	17	172
9	17	30
9	17	112
9	17	60
9	17	34
9	17	102
9	17	86
9	58	1
9	58	6
9	58	8
9	58	50
9	58	30
9	18	37
9	18	6
9	18	157
9	18	7
9	18	10
9	18	11
9	18	13
9	18	89
9	18	57
9	18	41
9	18	17
9	18	58
9	18	21
9	18	26
9	18	30
9	18	32
9	18	95
9	18	69
9	18	34
9	19	6
9	19	157
9	19	8
9	19	12
9	19	187
9	19	13
9	19	15
9	19	41
9	19	17
9	19	58
9	19	18
9	19	21
9	19	43
9	19	24
9	19	45
9	19	30
9	19	68
9	19	33
9	19	34
9	19	102
9	20	47
9	98	28
9	21	6
9	21	15
9	21	34
9	21	102
9	23	34
9	42	169
9	43	1
9	43	161
9	43	6
9	43	15
9	43	41
9	43	109
9	43	45
9	43	53
9	43	33
9	24	3
9	24	161
9	24	49
9	24	5
9	24	8
9	24	11
9	24	13
9	24	41
9	24	18
9	24	109
9	24	68
9	24	32
9	25	7
9	25	8
9	59	107
9	44	40
9	26	6
9	26	8
9	54	11
9	54	34
9	28	3
9	28	72
9	28	4
9	28	5
9	28	7
9	28	8
9	28	17
9	28	19
9	28	64
9	28	85
9	28	34
9	29	8
9	29	115
9	30	6
9	30	12
9	30	187
9	30	15
9	30	41
9	30	17
9	30	21
9	30	43
9	30	45
9	30	53
9	30	33
9	68	8
9	32	8
9	32	115
9	32	25
9	32	95
9	33	41
9	33	17
9	33	181
9	33	159
9	33	43
9	85	180
9	95	13
9	95	173
9	60	20
9	60	70
9	34	37
9	34	1
9	34	2
9	34	3
9	34	113
9	34	76
9	34	73
9	34	125
9	34	4
9	34	5
9	34	62
9	34	6
9	34	74
9	34	188
9	34	7
9	34	8
9	34	122
9	34	9
9	34	11
9	34	38
9	34	12
9	34	75
9	34	13
9	34	63
9	34	89
9	34	180
9	34	40
9	34	15
9	34	162
9	34	57
9	34	16
9	34	41
9	34	17
9	34	51
9	34	123
9	34	58
9	34	18
9	34	106
9	34	19
9	34	64
9	34	21
9	34	115
9	34	99
9	34	141
9	34	23
9	34	186
9	34	43
9	34	24
9	34	25
9	34	59
9	34	44
9	34	83
9	34	45
9	34	54
9	34	134
9	34	27
9	34	29
9	34	30
9	34	67
9	34	31
9	34	32
9	34	33
9	34	85
9	34	95
9	34	69
9	34	189
9	34	35
9	34	102
9	34	86
9	86	77
9	86	63
9	86	20
9	86	101
9	86	42
9	86	124
9	86	81
9	86	46
9	86	84
9	86	169
9	86	60
9	86	70
9	86	103
10	0	13
10	0	115
10	0	120
10	0	91
10	0	172
10	1	5
10	1	6
10	1	107
10	1	41
10	1	43
10	1	59
10	1	53
10	1	86
10	2	71
10	2	8
10	2	12
10	2	18
10	2	24
10	2	27
10	2	31
10	2	69
10	2	48
10	3	2
10	3	5
10	3	7
10	3	8
10	3	11
10	3	38
10	3	12
10	3	13
10	3	17
10	3	18
10	3	65
10	3	82
10	3	24
10	3	120
10	3	54
10	3	91
10	3	31
10	3	32
10	49	18
10	73	104
10	4	37
10	4	1
10	4	73
10	4	4
10	4	6
10	4	40
10	4	16
10	4	17
10	4	19
10	4	21
10	4	24
10	4	34
10	5	2
10	5	73
10	5	4
10	5	6
10	5	88
10	5	8
10	5	11
10	5	12
10	5	40
10	5	19
10	5	26
10	5	27
10	5	33
10	5	95
10	5	34
10	62	128
10	6	37
10	6	1
10	6	3
10	6	73
10	6	139
10	6	4
10	6	5
10	6	6
10	6	8
10	6	9
10	6	10
10	6	11
10	6	97
10	6	107
10	6	12
10	6	13
10	6	15
10	6	41
10	6	17
10	6	51
10	6	58
10	6	18
10	6	19
10	6	21
10	6	115
10	6	100
10	6	154
10	6	43
10	6	24
10	6	25
10	6	59
10	6	26
10	6	91
10	6	29
10	6	30
10	6	31
10	6	33
10	6	34
10	6	86
10	79	23
10	7	19
10	7	115
10	7	26
10	8	37
10	8	1
10	8	2
10	8	3
10	8	49
10	8	73
10	8	4
10	8	5
10	8	6
10	8	7
10	8	9
10	8	151
10	8	10
10	8	11
10	8	97
10	8	38
10	8	12
10	8	170
10	8	13
10	8	89
10	8	40
10	8	15
10	8	16
10	8	41
10	8	17
10	8	51
10	8	92
10	8	18
10	8	19
10	8	115
10	8	100
10	8	23
10	8	42
10	8	43
10	8	24
10	8	25
10	8	59
10	8	26
10	8	54
10	8	91
10	8	28
10	8	93
10	8	30
10	8	68
10	8	31
10	8	32
10	8	95
10	8	69
10	8	168
10	8	34
10	8	86
10	9	142
10	9	190
10	9	17
10	9	32
10	9	60
10	11	6
10	11	157
10	11	151
10	11	12
10	11	18
10	11	141
10	11	29
10	11	172
10	11	33
10	11	95
10	97	28
10	38	6
10	38	97
10	12	37
10	12	3
10	12	61
10	12	4
10	12	5
10	12	6
10	12	78
10	12	8
10	12	122
10	12	151
10	12	11
10	12	38
10	12	75
10	12	13
10	12	89
10	12	180
10	12	17
10	12	18
10	12	100
10	12	141
10	12	109
10	12	83
10	12	27
10	12	29
10	12	32
10	12	95
10	12	34
10	13	104
10	13	0
10	13	3
10	13	139
10	13	5
10	13	6
10	13	88
10	13	145
10	13	7
10	13	8
10	13	151
10	13	11
10	13	163
10	13	38
10	13	12
10	13	89
10	13	57
10	13	41
10	13	17
10	13	51
10	13	123
10	13	18
10	13	19
10	13	115
10	13	65
10	13	184
10	13	23
10	13	52
10	13	43
10	13	24
10	13	91
10	13	29
10	13	30
10	13	32
10	13	33
10	13	95
10	13	69
10	13	60
10	13	34
10	13	86
10	39	3
10	39	12
10	39	18
10	15	5
10	15	6
10	15	41
10	15	17
10	15	43
10	15	30
10	16	93
10	41	6
10	41	8
10	41	21
10	41	30
10	41	103
10	17	0
10	17	37
10	17	3
10	17	4
10	17	62
10	17	119
10	17	8
10	17	11
10	17	12
10	17	13
10	17	92
10	17	58
10	17	18
10	17	19
10	17	21
10	17	131
10	17	184
10	17	23
10	17	133
10	17	82
10	17	24
10	17	176
10	17	120
10	17	45
10	17	29
10	17	46
10	17	112
10	17	33
10	17	60
10	17	34
10	17	102
10	17	86
10	51	115
10	58	1
10	58	6
10	58	8
10	18	138
10	18	49
10	18	71
10	18	6
10	18	78
10	18	88
10	18	157
10	18	7
10	18	10
10	18	11
10	18	12
10	18	13
10	18	89
10	18	17
10	18	21
10	18	115
10	18	100
10	18	43
10	18	26
10	18	27
10	18	68
10	18	31
10	18	32
10	18	95
10	18	34
10	80	91
10	19	73
10	19	4
10	19	5
10	19	6
10	19	8
10	19	38
10	19	12
10	19	13
10	19	15
10	19	41
10	19	17
10	19	18
10	19	21
10	19	43
10	19	24
10	19	45
10	19	30
10	19	68
10	19	33
10	19	34
10	19	86
10	20	56
10	20	172
10	20	60
10	20	47
10	21	161
10	21	6
10	21	15
10	21	17
10	21	92
10	21	43
10	21	34
10	99	136
10	22	25
10	100	115
10	101	75
10	42	141
10	43	139
10	43	6
10	43	41
10	43	17
10	43	30
10	43	33
10	81	86
10	24	3
10	24	6
10	24	8
10	24	11
10	24	41
10	24	17
10	24	18
10	25	4
10	25	8
10	25	9
10	25	29
10	26	8
10	26	12
10	26	34
10	54	104
10	54	174
10	54	11
10	54	101
10	28	72
10	28	4
10	28	5
10	28	8
10	28	13
10	28	17
10	28	19
10	28	64
10	28	34
10	28	102
10	29	0
10	29	113
10	29	13
10	29	91
10	29	172
10	29	60
10	30	139
10	30	6
10	30	12
10	30	41
10	30	19
10	30	21
10	30	43
10	30	45
10	31	2
10	31	26
10	32	73
10	32	8
10	32	38
10	32	17
10	33	161
10	33	41
10	33	159
10	94	28
10	95	173
10	48	34
10	34	37
10	34	1
10	34	2
10	34	3
10	34	113
10	34	76
10	34	144
10	34	73
10	34	125
10	34	139
10	34	4
10	34	5
10	34	62
10	34	6
10	34	79
10	34	74
10	34	7
10	34	8
10	34	122
10	34	128
10	34	11
10	34	38
10	34	12
10	34	13
10	34	89
10	34	180
10	34	40
10	34	15
10	34	41
10	34	17
10	34	51
10	34	123
10	34	58
10	34	18
10	34	106
10	34	19
10	34	178
10	34	21
10	34	115
10	34	99
10	34	23
10	34	146
10	34	43
10	34	24
10	34	25
10	34	59
10	34	44
10	34	45
10	34	26
10	34	54
10	34	91
10	34	27
10	34	29
10	34	30
10	34	67
10	34	32
10	34	33
10	34	85
10	34	168
10	34	189
10	34	35
10	34	102
10	34	86
10	102	181
10	86	104
10	86	4
10	86	96
10	86	18
10	86	20
10	86	101
10	86	42
10	86	124
10	86	84
10	86	169
10	86	47
10	86	70
10	86	103
10	103	70
11	104	119
11	0	113
11	0	151
11	0	163
11	0	41
11	0	17
11	0	18
11	0	80
11	0	120
11	0	91
11	0	29
11	0	172
11	0	112
11	0	33
11	0	60
11	37	87
11	37	155
11	105	14
11	1	2
11	1	113
11	1	5
11	1	6
11	1	8
11	1	11
11	1	38
11	1	107
11	1	41
11	1	18
11	1	43
11	1	24
11	1	59
11	1	45
11	1	53
11	1	32
11	1	34
11	1	86
11	2	8
11	2	12
11	2	89
11	2	31
11	3	0
11	3	5
11	3	8
11	3	9
11	3	151
11	3	11
11	3	38
11	3	12
11	3	13
11	3	39
11	3	89
11	3	17
11	3	18
11	3	65
11	3	24
11	3	25
11	3	28
11	3	30
11	3	32
11	3	33
11	3	69
11	49	113
11	71	57
11	73	113
11	73	91
11	4	37
11	4	1
11	4	6
11	4	79
11	4	74
11	4	157
11	4	8
11	4	17
11	4	18
11	4	19
11	4	21
11	4	24
11	4	34
11	4	35
11	5	0
11	5	2
11	5	6
11	5	7
11	5	8
11	5	97
11	5	12
11	5	92
11	5	20
11	5	23
11	5	26
11	5	33
11	5	69
11	5	34
11	62	87
11	62	4
11	62	128
11	6	0
11	6	37
11	6	1
11	6	2
11	6	127
11	6	3
11	6	161
11	6	73
11	6	4
11	6	5
11	6	6
11	6	8
11	6	10
11	6	11
11	6	97
11	6	12
11	6	13
11	6	15
11	6	41
11	6	17
11	6	58
11	6	19
11	6	21
11	6	131
11	6	43
11	6	126
11	6	24
11	6	25
11	6	59
11	6	91
11	6	28
11	6	29
11	6	172
11	6	30
11	6	31
11	6	32
11	6	33
11	6	69
11	6	34
11	6	102
11	6	136
11	6	86
11	74	44
11	74	34
11	7	13
11	7	26
11	8	0
11	8	37
11	8	1
11	8	2
11	8	3
11	8	73
11	8	4
11	8	5
11	8	6
11	8	79
11	8	7
11	8	9
11	8	151
11	8	11
11	8	163
11	8	38
11	8	12
11	8	13
11	8	89
11	8	15
11	8	16
11	8	41
11	8	17
11	8	51
11	8	92
11	8	123
11	8	58
11	8	18
11	8	19
11	8	20
11	8	22
11	8	90
11	8	65
11	8	100
11	8	23
11	8	42
11	8	43
11	8	24
11	8	25
11	8	59
11	8	26
11	8	54
11	8	155
11	8	91
11	8	28
11	8	93
11	8	172
11	8	30
11	8	68
11	8	31
11	8	32
11	8	33
11	8	95
11	8	69
11	8	168
11	8	34
11	8	86
11	9	190
11	9	17
11	9	32
11	11	0
11	11	3
11	11	4
11	11	128
11	11	10
11	11	12
11	11	51
11	11	18
11	11	20
11	11	91
11	11	95
11	11	35
11	38	6
11	38	97
11	38	13
11	38	41
11	38	17
11	12	3
11	12	61
11	12	4
11	12	5
11	12	6
11	12	8
11	12	11
11	12	13
11	12	39
11	12	17
11	12	92
11	12	18
11	12	100
11	12	141
11	12	23
11	12	52
11	12	42
11	12	108
11	12	66
11	12	26
11	12	134
11	12	91
11	12	95
11	13	0
11	13	1
11	13	3
11	13	113
11	13	5
11	13	6
11	13	145
11	13	7
11	13	8
11	13	163
11	13	12
11	13	17
11	13	51
11	13	18
11	13	19
11	13	20
11	13	65
11	13	23
11	13	43
11	13	24
11	13	25
11	13	91
11	13	172
11	13	31
11	13	69
11	13	60
11	13	34
11	13	189
11	13	103
11	89	12
11	89	18
11	40	126
11	40	44
11	40	67
11	15	6
11	57	71
11	57	18
11	41	6
11	41	8
11	41	19
11	41	43
11	41	30
11	17	0
11	17	37
11	17	1
11	17	3
11	17	161
11	17	73
11	17	191
11	17	4
11	17	5
11	17	6
11	17	119
11	17	74
11	17	8
11	17	10
11	17	11
11	17	40
11	17	41
11	17	51
11	17	92
11	17	58
11	17	18
11	17	19
11	17	20
11	17	115
11	17	131
11	17	82
11	17	176
11	17	120
11	17	83
11	17	45
11	17	155
11	17	91
11	17	172
11	17	30
11	17	169
11	17	192
11	17	60
11	17	34
11	17	102
11	17	86
11	17	103
11	51	13
11	92	105
11	58	6
11	58	8
11	58	163
11	58	17
11	58	30
11	18	138
11	18	1
11	18	3
11	18	161
11	18	73
11	18	5
11	18	6
11	18	174
11	18	157
11	18	151
11	18	10
11	18	11
11	18	163
11	18	89
11	18	57
11	18	16
11	18	17
11	18	146
11	18	43
11	18	25
11	18	83
11	18	26
11	18	91
11	18	27
11	18	29
11	18	93
11	18	31
11	18	32
11	18	135
11	18	95
11	18	34
11	106	121
11	80	0
11	80	91
11	19	0
11	19	73
11	19	4
11	19	6
11	19	8
11	19	12
11	19	13
11	19	15
11	19	41
11	19	17
11	19	21
11	19	43
11	19	45
11	19	91
11	19	30
11	19	68
11	19	33
11	19	34
11	20	56
11	20	163
11	20	165
11	20	172
11	20	47
11	21	161
11	21	6
11	21	15
11	21	17
11	21	92
11	21	19
11	21	45
11	21	47
11	22	28
11	23	0
11	23	40
11	42	141
11	42	169
11	43	1
11	43	161
11	43	6
11	43	8
11	43	15
11	43	41
11	43	17
11	43	172
11	43	30
11	43	32
11	43	33
11	24	0
11	24	2
11	24	3
11	24	7
11	24	8
11	24	11
11	24	12
11	24	13
11	24	89
11	24	41
11	24	17
11	24	51
11	24	58
11	24	18
11	24	91
11	25	75
11	25	91
11	25	32
11	59	107
11	83	128
11	45	33
11	26	72
11	26	8
11	26	25
11	26	28
11	26	34
11	54	104
11	54	11
11	54	193
11	28	4
11	28	5
11	28	6
11	28	7
11	28	8
11	28	12
11	28	14
11	28	15
11	28	17
11	28	19
11	28	64
11	28	21
11	28	25
11	28	48
11	28	34
11	29	0
11	29	113
11	29	91
11	29	172
11	46	194
11	30	113
11	30	12
11	30	41
11	30	17
11	30	19
11	30	181
11	30	131
11	30	43
11	30	45
11	30	33
11	31	71
11	32	0
11	32	8
11	32	11
11	32	38
11	32	17
11	32	186
11	32	25
11	33	1
11	33	8
11	33	13
11	33	41
11	33	181
11	33	159
11	33	34
11	94	64
11	85	180
11	34	104
11	34	160
11	34	0
11	34	37
11	34	121
11	34	1
11	34	2
11	34	3
11	34	161
11	34	49
11	34	76
11	34	144
11	34	73
11	34	125
11	34	4
11	34	5
11	34	62
11	34	6
11	34	79
11	34	74
11	34	7
11	34	8
11	34	128
11	34	50
11	34	10
11	34	11
11	34	38
11	34	12
11	34	13
11	34	89
11	34	180
11	34	40
11	34	130
11	34	15
11	34	57
11	34	41
11	34	17
11	34	51
11	34	123
11	34	58
11	34	18
11	34	106
11	34	19
11	34	21
11	34	23
11	34	146
11	34	43
11	34	82
11	34	126
11	34	24
11	34	59
11	34	109
11	34	44
11	34	83
11	34	45
11	34	26
11	34	54
11	34	91
11	34	28
11	34	29
11	34	46
11	34	30
11	34	67
11	34	33
11	34	85
11	34	95
11	34	69
11	34	35
11	34	102
11	34	86
11	86	77
11	86	6
11	86	78
11	86	56
11	86	63
11	86	18
11	86	20
11	86	101
11	86	124
11	86	91
11	86	29
11	86	84
11	86	60
11	86	47
11	86	34
11	86	70
11	86	103
11	70	56
12	0	163
12	0	41
12	0	120
12	0	91
12	37	4
12	37	5
12	37	155
12	105	5
12	1	2
12	1	5
12	1	6
12	1	11
12	1	38
12	1	41
12	1	154
12	1	108
12	1	59
12	1	53
12	1	91
12	1	86
12	2	5
12	2	7
12	2	8
12	2	97
12	2	12
12	2	80
12	2	28
12	3	2
12	3	5
12	3	157
12	3	7
12	3	8
12	3	9
12	3	11
12	3	38
12	3	12
12	3	13
12	3	17
12	3	18
12	3	65
12	3	24
12	3	109
12	3	28
12	3	68
12	3	31
12	3	32
12	3	33
12	3	69
12	49	5
12	73	104
12	73	113
12	4	37
12	4	38
12	4	17
12	4	18
12	4	19
12	4	21
12	4	29
12	4	68
12	4	34
12	4	86
12	5	2
12	5	7
12	5	8
12	5	18
12	5	20
12	5	21
12	5	82
12	5	26
12	5	91
12	5	32
12	5	33
12	62	4
12	6	37
12	6	1
12	6	2
12	6	3
12	6	73
12	6	4
12	6	5
12	6	79
12	6	8
12	6	151
12	6	10
12	6	11
12	6	97
12	6	163
12	6	12
12	6	13
12	6	89
12	6	15
12	6	41
12	6	17
12	6	92
12	6	123
12	6	58
12	6	18
12	6	19
12	6	21
12	6	115
12	6	99
12	6	131
12	6	43
12	6	126
12	6	24
12	6	25
12	6	59
12	6	44
12	6	91
12	6	29
12	6	172
12	6	31
12	6	112
12	6	33
12	6	34
12	6	86
12	74	44
12	7	26
12	7	34
12	8	0
12	8	37
12	8	1
12	8	2
12	8	3
12	8	49
12	8	73
12	8	4
12	8	5
12	8	62
12	8	6
12	8	145
12	8	7
12	8	9
12	8	11
12	8	38
12	8	12
12	8	13
12	8	89
12	8	40
12	8	15
12	8	57
12	8	16
12	8	41
12	8	17
12	8	51
12	8	92
12	8	58
12	8	18
12	8	19
12	8	20
12	8	21
12	8	22
12	8	90
12	8	65
12	8	23
12	8	152
12	8	101
12	8	43
12	8	24
12	8	25
12	8	59
12	8	109
12	8	26
12	8	54
12	8	155
12	8	91
12	8	27
12	8	28
12	8	30
12	8	67
12	8	68
12	8	31
12	8	32
12	8	95
12	8	69
12	8	168
12	8	34
12	8	86
12	9	170
12	9	190
12	11	3
12	11	157
12	11	145
12	11	8
12	11	128
12	11	151
12	11	12
12	11	41
12	11	18
12	11	52
12	11	109
12	11	35
12	107	153
12	12	104
12	12	37
12	12	3
12	12	61
12	12	4
12	12	5
12	12	6
12	12	7
12	12	8
12	12	151
12	12	11
12	12	12
12	12	13
12	12	63
12	12	89
12	12	18
12	12	19
12	12	20
12	12	23
12	12	108
12	12	91
12	12	27
12	12	46
12	12	95
12	12	34
12	13	104
12	13	3
12	13	61
12	13	73
12	13	4
12	13	5
12	13	6
12	13	78
12	13	79
12	13	7
12	13	8
12	13	151
12	13	11
12	13	12
12	13	89
12	13	130
12	13	17
12	13	51
12	13	18
12	13	20
12	13	21
12	13	183
12	13	65
12	13	23
12	13	146
12	13	43
12	13	24
12	13	91
12	13	29
12	13	30
12	13	68
12	13	31
12	13	32
12	13	95
12	13	47
12	13	34
12	13	35
12	89	91
12	40	162
12	40	126
12	40	44
12	15	6
12	15	8
12	15	13
12	15	41
12	15	43
12	15	30
12	15	34
12	16	73
12	16	43
12	41	6
12	41	19
12	41	53
12	41	30
12	41	33
12	41	34
12	17	0
12	17	37
12	17	1
12	17	3
12	17	161
12	17	191
12	17	4
12	17	119
12	17	8
12	17	150
12	17	163
12	17	13
12	17	130
12	17	41
12	17	92
12	17	18
12	17	106
12	17	19
12	17	115
12	17	131
12	17	184
12	17	23
12	17	42
12	17	124
12	17	176
12	17	59
12	17	120
12	17	45
12	17	91
12	17	29
12	17	33
12	17	69
12	17	47
12	17	34
12	17	102
12	17	136
12	17	86
12	17	70
12	17	103
12	51	9
12	51	13
12	51	22
12	51	43
12	92	55
12	92	17
12	92	91
12	58	6
12	58	8
12	58	17
12	18	4
12	18	6
12	18	11
12	18	12
12	18	13
12	18	89
12	18	17
12	18	21
12	18	175
12	18	43
12	18	82
12	18	26
12	18	91
12	18	27
12	18	29
12	18	93
12	18	30
12	18	31
12	18	32
12	18	95
12	18	69
12	18	34
12	18	136
12	106	34
12	80	64
12	80	115
12	80	91
12	19	3
12	19	73
12	19	4
12	19	6
12	19	8
12	19	12
12	19	15
12	19	41
12	19	17
12	19	18
12	19	21
12	19	131
12	19	43
12	19	45
12	19	91
12	19	30
12	19	68
12	19	32
12	19	33
12	19	34
12	20	163
12	20	195
12	20	47
12	21	161
12	21	6
12	21	115
12	21	45
12	21	91
12	21	34
12	22	65
12	23	144
12	23	162
12	23	34
12	42	141
12	43	6
12	43	41
12	43	17
12	43	54
12	43	30
12	108	17
12	24	104
12	24	2
12	24	3
12	24	5
12	24	8
12	24	9
12	24	38
12	24	12
12	24	13
12	24	18
12	24	43
12	24	109
12	24	47
12	25	4
12	25	6
12	25	8
12	25	41
12	25	91
12	25	29
12	25	32
12	59	134
12	109	20
12	44	157
12	44	40
12	45	17
12	26	97
12	26	17
12	26	115
12	26	69
12	110	19
12	54	104
12	54	174
12	91	113
12	28	2
12	28	72
12	28	4
12	28	5
12	28	6
12	28	88
12	28	8
12	28	97
12	28	13
12	28	15
12	28	17
12	28	19
12	28	34
12	29	64
12	29	115
12	29	91
12	29	112
12	30	6
12	30	12
12	30	41
12	30	17
12	30	21
12	30	43
12	30	45
12	30	91
12	30	33
12	111	152
12	68	7
12	31	71
12	31	57
12	32	5
12	32	8
12	32	38
12	112	115
12	112	91
12	112	29
12	33	1
12	33	139
12	33	8
12	33	11
12	33	13
12	33	43
12	95	52
12	69	104
12	47	20
12	48	34
12	34	104
12	34	160
12	34	0
12	34	37
12	34	1
12	34	2
12	34	3
12	34	76
12	34	73
12	34	125
12	34	4
12	34	5
12	34	6
12	34	79
12	34	74
12	34	7
12	34	8
12	34	122
12	34	9
12	34	128
12	34	50
12	34	11
12	34	12
12	34	13
12	34	89
12	34	180
12	34	40
12	34	130
12	34	15
12	34	196
12	34	41
12	34	17
12	34	51
12	34	123
12	34	58
12	34	18
12	34	106
12	34	80
12	34	19
12	34	21
12	34	115
12	34	23
12	34	152
12	34	42
12	34	43
12	34	66
12	34	24
12	34	59
12	34	109
12	34	83
12	34	45
12	34	26
12	34	54
12	34	134
12	34	91
12	34	29
12	34	30
12	34	67
12	34	68
12	34	31
12	34	32
12	34	33
12	34	69
12	34	189
12	34	35
12	34	86
12	35	91
12	102	181
12	86	104
12	86	77
12	86	4
12	86	56
12	86	17
12	86	18
12	86	20
12	86	140
12	86	101
12	86	124
12	86	81
12	86	82
12	86	29
12	86	197
12	86	169
12	86	47
12	86	34
12	86	70
12	86	103
12	70	56
13	0	37
13	0	161
13	0	73
13	0	8
13	0	10
13	0	11
13	0	12
13	0	13
13	0	17
13	0	92
13	0	115
13	0	99
13	0	23
13	0	43
13	0	25
13	0	120
13	0	155
13	0	91
13	0	29
13	0	172
13	0	112
13	0	94
13	0	69
13	0	60
13	0	168
13	0	35
13	0	136
13	37	5
13	37	19
13	37	21
13	37	155
13	37	168
13	105	5
13	1	2
13	1	8
13	1	11
13	1	38
13	1	107
13	1	41
13	1	43
13	1	25
13	1	59
13	1	53
13	1	34
13	1	86
13	2	0
13	2	5
13	2	7
13	2	8
13	2	97
13	2	13
13	2	91
13	2	28
13	2	68
13	2	34
13	2	86
13	3	1
13	3	2
13	3	73
13	3	5
13	3	119
13	3	7
13	3	8
13	3	9
13	3	151
13	3	11
13	3	38
13	3	12
13	3	170
13	3	13
13	3	39
13	3	89
13	3	18
13	3	22
13	3	90
13	3	186
13	3	43
13	3	24
13	3	109
13	3	26
13	3	91
13	3	27
13	3	30
13	3	111
13	3	31
13	3	32
13	3	33
13	49	0
13	113	0
13	113	91
13	73	23
13	73	29
13	73	34
13	4	0
13	4	37
13	4	4
13	4	5
13	4	79
13	4	8
13	4	162
13	4	17
13	4	21
13	4	115
13	4	99
13	4	43
13	4	24
13	4	29
13	4	85
13	4	34
13	4	86
13	5	104
13	5	2
13	5	73
13	5	6
13	5	7
13	5	8
13	5	11
13	5	12
13	5	13
13	5	18
13	5	26
13	5	30
13	5	34
13	62	87
13	6	0
13	6	37
13	6	1
13	6	2
13	6	3
13	6	73
13	6	4
13	6	5
13	6	79
13	6	8
13	6	151
13	6	11
13	6	97
13	6	163
13	6	12
13	6	13
13	6	15
13	6	41
13	6	17
13	6	92
13	6	58
13	6	18
13	6	19
13	6	21
13	6	115
13	6	173
13	6	131
13	6	124
13	6	43
13	6	24
13	6	25
13	6	59
13	6	109
13	6	26
13	6	155
13	6	91
13	6	29
13	6	30
13	6	67
13	6	69
13	6	47
13	6	34
13	6	102
13	6	86
13	6	103
13	7	104
13	8	0
13	8	37
13	8	1
13	8	2
13	8	3
13	8	49
13	8	73
13	8	4
13	8	5
13	8	6
13	8	79
13	8	74
13	8	145
13	8	7
13	8	9
13	8	151
13	8	11
13	8	38
13	8	12
13	8	13
13	8	89
13	8	15
13	8	162
13	8	57
13	8	16
13	8	41
13	8	17
13	8	51
13	8	58
13	8	18
13	8	19
13	8	64
13	8	20
13	8	21
13	8	115
13	8	22
13	8	90
13	8	100
13	8	175
13	8	23
13	8	152
13	8	43
13	8	126
13	8	24
13	8	59
13	8	109
13	8	26
13	8	54
13	8	91
13	8	27
13	8	28
13	8	30
13	8	67
13	8	68
13	8	31
13	8	32
13	8	33
13	8	95
13	8	69
13	8	48
13	8	168
13	8	34
13	8	35
13	8	86
13	9	190
13	10	115
13	10	173
13	11	142
13	11	74
13	11	8
13	11	128
13	11	151
13	11	12
13	11	51
13	11	18
13	11	65
13	11	54
13	11	91
13	11	67
13	11	33
13	11	95
13	97	91
13	38	91
13	38	29
13	12	0
13	12	2
13	12	3
13	12	142
13	12	4
13	12	6
13	12	78
13	12	8
13	12	151
13	12	11
13	12	58
13	12	18
13	12	115
13	12	100
13	12	141
13	12	23
13	12	108
13	12	26
13	12	134
13	12	91
13	12	165
13	12	95
13	12	34
13	13	104
13	13	0
13	13	3
13	13	73
13	13	4
13	13	5
13	13	7
13	13	8
13	13	122
13	13	9
13	13	50
13	13	11
13	13	97
13	13	12
13	13	170
13	13	63
13	13	130
13	13	17
13	13	51
13	13	92
13	13	18
13	13	20
13	13	115
13	13	65
13	13	23
13	13	43
13	13	24
13	13	25
13	13	109
13	13	44
13	13	91
13	13	28
13	13	29
13	13	31
13	13	32
13	13	33
13	13	85
13	13	34
13	13	86
13	114	11
13	89	6
13	40	162
13	40	126
13	40	67
13	15	73
13	15	6
13	15	43
13	15	32
13	15	34
13	41	2
13	41	3
13	41	6
13	41	19
13	41	115
13	41	33
13	41	102
13	17	0
13	17	1
13	17	3
13	17	161
13	17	113
13	17	73
13	17	191
13	17	4
13	17	62
13	17	119
13	17	8
13	17	10
13	17	107
13	17	12
13	17	13
13	17	63
13	17	162
13	17	41
13	17	18
13	17	19
13	17	20
13	17	115
13	17	173
13	17	131
13	17	184
13	17	154
13	17	124
13	17	43
13	17	82
13	17	24
13	17	176
13	17	83
13	17	45
13	17	91
13	17	29
13	17	172
13	17	30
13	17	67
13	17	33
13	17	85
13	17	69
13	17	47
13	17	34
13	17	35
13	17	102
13	17	136
13	17	70
13	51	13
13	51	24
13	92	91
13	58	6
13	58	8
13	58	34
13	18	138
13	18	0
13	18	73
13	18	4
13	18	5
13	18	6
13	18	157
13	18	11
13	18	12
13	18	89
13	18	92
13	18	19
13	18	152
13	18	43
13	18	26
13	18	91
13	18	27
13	18	29
13	18	31
13	18	32
13	18	33
13	18	48
13	18	34
13	80	91
13	19	0
13	19	4
13	19	6
13	19	8
13	19	38
13	19	12
13	19	13
13	19	15
13	19	41
13	19	17
13	19	18
13	19	21
13	19	43
13	19	120
13	19	45
13	19	68
13	19	33
13	19	34
13	20	163
13	20	47
13	21	0
13	21	6
13	21	8
13	21	19
13	21	109
13	21	45
13	21	91
13	21	34
13	115	91
13	22	16
13	23	0
13	23	144
13	23	40
13	23	131
13	23	67
13	42	141
13	43	139
13	43	6
13	43	41
13	43	19
13	43	181
13	43	91
13	43	30
13	24	104
13	24	2
13	24	3
13	24	5
13	24	6
13	24	8
13	24	163
13	24	15
13	24	16
13	24	18
13	24	91
13	24	34
13	25	8
13	25	29
13	25	32
13	109	91
13	44	50
13	26	69
13	54	104
13	54	18
13	91	0
13	91	29
13	91	32
13	27	68
13	28	2
13	28	72
13	28	5
13	28	6
13	28	7
13	28	8
13	28	97
13	28	38
13	28	12
13	28	15
13	28	17
13	28	19
13	28	24
13	28	68
13	28	34
13	29	115
13	29	120
13	29	91
13	29	172
13	30	1
13	30	6
13	30	13
13	30	15
13	30	41
13	30	17
13	30	21
13	30	43
13	30	45
13	30	33
13	111	152
13	32	8
13	32	38
13	32	25
13	32	28
13	32	47
13	112	172
13	33	41
13	33	181
13	33	159
13	33	43
13	33	30
13	94	8
13	94	64
13	69	91
13	69	136
13	47	20
13	47	165
13	34	160
13	34	0
13	34	37
13	34	1
13	34	2
13	34	3
13	34	161
13	34	76
13	34	144
13	34	73
13	34	125
13	34	4
13	34	5
13	34	62
13	34	6
13	34	88
13	34	79
13	34	74
13	34	7
13	34	8
13	34	128
13	34	50
13	34	10
13	34	11
13	34	97
13	34	12
13	34	13
13	34	14
13	34	89
13	34	180
13	34	40
13	34	130
13	34	15
13	34	162
13	34	41
13	34	17
13	34	51
13	34	58
13	34	18
13	34	106
13	34	19
13	34	21
13	34	115
13	34	23
13	34	43
13	34	24
13	34	59
13	34	109
13	34	44
13	34	83
13	34	26
13	34	54
13	34	155
13	34	91
13	34	27
13	34	28
13	34	29
13	34	30
13	34	67
13	34	111
13	34	68
13	34	31
13	34	33
13	34	85
13	34	95
13	34	69
13	34	48
13	34	189
13	34	35
13	34	102
13	34	86
13	34	103
13	86	104
13	86	77
13	86	56
13	86	8
13	86	163
13	86	13
13	86	63
13	86	39
13	86	17
13	86	20
13	86	101
13	86	42
13	86	81
13	86	82
13	86	91
13	86	84
13	86	169
13	86	47
13	86	34
13	86	70
13	86	103
13	70	56
14	116	172
14	117	5
14	0	139
14	0	6
14	0	147
14	0	8
14	0	12
14	0	13
14	0	17
14	0	92
14	0	80
14	0	20
14	0	115
14	0	43
14	0	120
14	0	109
14	0	91
14	0	29
14	0	172
14	0	112
14	0	60
14	0	47
14	0	168
14	37	5
14	37	123
14	37	155
14	105	5
14	118	1
14	1	107
14	1	41
14	1	17
14	1	108
14	1	59
14	1	34
14	1	198
14	2	5
14	2	7
14	2	8
14	2	97
14	2	38
14	2	43
14	2	24
14	2	34
14	3	4
14	3	5
14	3	6
14	3	7
14	3	8
14	3	9
14	3	11
14	3	38
14	3	12
14	3	13
14	3	63
14	3	89
14	3	16
14	3	17
14	3	18
14	3	22
14	3	100
14	3	24
14	3	59
14	3	109
14	3	54
14	3	91
14	3	30
14	3	33
14	3	69
14	3	34
14	49	89
14	49	41
14	76	34
14	87	10
14	73	104
14	73	155
14	73	34
14	77	86
14	4	4
14	4	43
14	4	29
14	4	34
14	5	0
14	5	2
14	5	142
14	5	7
14	5	8
14	5	10
14	5	97
14	5	12
14	5	15
14	5	123
14	5	115
14	5	26
14	5	91
14	5	30
14	5	33
14	5	95
14	5	34
14	6	0
14	6	37
14	6	1
14	6	2
14	6	127
14	6	3
14	6	142
14	6	113
14	6	73
14	6	4
14	6	5
14	6	6
14	6	8
14	6	9
14	6	151
14	6	11
14	6	97
14	6	163
14	6	12
14	6	13
14	6	15
14	6	41
14	6	17
14	6	123
14	6	58
14	6	18
14	6	19
14	6	21
14	6	115
14	6	131
14	6	43
14	6	66
14	6	24
14	6	25
14	6	59
14	6	109
14	6	45
14	6	26
14	6	155
14	6	28
14	6	29
14	6	30
14	6	33
14	6	69
14	6	34
14	6	102
14	6	86
14	119	60
14	74	162
14	7	14
14	7	21
14	7	24
14	7	68
14	8	0
14	8	37
14	8	1
14	8	2
14	8	3
14	8	49
14	8	73
14	8	4
14	8	5
14	8	62
14	8	6
14	8	79
14	8	7
14	8	9
14	8	151
14	8	10
14	8	11
14	8	163
14	8	38
14	8	12
14	8	13
14	8	14
14	8	89
14	8	40
14	8	15
14	8	57
14	8	16
14	8	17
14	8	51
14	8	92
14	8	58
14	8	18
14	8	80
14	8	19
14	8	64
14	8	20
14	8	21
14	8	115
14	8	99
14	8	90
14	8	65
14	8	23
14	8	42
14	8	43
14	8	24
14	8	25
14	8	59
14	8	120
14	8	109
14	8	26
14	8	91
14	8	27
14	8	28
14	8	29
14	8	30
14	8	68
14	8	31
14	8	32
14	8	112
14	8	33
14	8	95
14	8	69
14	8	48
14	8	168
14	8	34
14	8	86
14	9	6
14	9	190
14	9	17
14	10	0
14	10	163
14	10	146
14	10	91
14	11	142
14	11	73
14	11	79
14	11	157
14	11	151
14	11	54
14	11	35
14	38	0
14	38	12
14	38	91
14	107	118
14	12	104
14	12	117
14	12	0
14	12	3
14	12	4
14	12	7
14	12	8
14	12	151
14	12	11
14	12	17
14	12	18
14	12	115
14	12	108
14	12	66
14	12	54
14	12	134
14	12	91
14	12	68
14	12	95
14	13	0
14	13	1
14	13	3
14	13	161
14	13	73
14	13	4
14	13	8
14	13	9
14	13	151
14	13	11
14	13	163
14	13	12
14	13	13
14	13	63
14	13	17
14	13	51
14	13	18
14	13	19
14	13	64
14	13	21
14	13	115
14	13	65
14	13	23
14	13	24
14	13	59
14	13	91
14	13	31
14	13	32
14	13	33
14	13	69
14	13	60
14	13	34
14	15	6
14	15	41
14	15	43
14	16	27
14	41	131
14	41	43
14	41	59
14	41	91
14	41	30
14	41	33
14	17	104
14	17	0
14	17	3
14	17	113
14	17	191
14	17	77
14	17	4
14	17	5
14	17	6
14	17	79
14	17	74
14	17	8
14	17	150
14	17	9
14	17	151
14	17	10
14	17	11
14	17	163
14	17	12
14	17	13
14	17	15
14	17	92
14	17	18
14	17	19
14	17	20
14	17	98
14	17	21
14	17	115
14	17	99
14	17	199
14	17	131
14	17	100
14	17	184
14	17	42
14	17	124
14	17	43
14	17	82
14	17	24
14	17	176
14	17	59
14	17	109
14	17	44
14	17	83
14	17	155
14	17	91
14	17	165
14	17	29
14	17	172
14	17	46
14	17	30
14	17	67
14	17	32
14	17	135
14	17	33
14	17	60
14	17	47
14	17	34
14	17	102
14	17	86
14	51	13
14	92	55
14	92	91
14	58	4
14	58	8
14	58	80
14	58	34
14	18	4
14	18	5
14	18	6
14	18	8
14	18	9
14	18	151
14	18	10
14	18	11
14	18	12
14	18	17
14	18	51
14	18	21
14	18	115
14	18	173
14	18	100
14	18	23
14	18	146
14	18	152
14	18	42
14	18	26
14	18	91
14	18	27
14	18	29
14	18	31
14	18	95
14	18	34
14	80	91
14	19	6
14	19	7
14	19	8
14	19	11
14	19	12
14	19	15
14	19	41
14	19	17
14	19	18
14	19	21
14	19	115
14	19	43
14	19	91
14	19	33
14	19	34
14	20	60
14	21	6
14	21	8
14	21	17
14	21	115
14	21	43
14	21	109
14	21	91
14	21	30
14	21	34
14	21	86
14	99	39
14	65	97
14	65	22
14	23	144
14	23	79
14	23	40
14	42	141
14	42	43
14	42	169
14	42	60
14	43	139
14	43	6
14	43	41
14	43	17
14	43	19
14	43	91
14	43	30
14	43	34
14	81	104
14	81	86
14	82	104
14	82	17
14	24	1
14	24	2
14	24	3
14	24	5
14	24	7
14	24	8
14	24	151
14	24	12
14	24	13
14	24	123
14	24	18
14	24	115
14	24	91
14	25	0
14	25	4
14	25	8
14	25	13
14	25	123
14	25	29
14	25	34
14	59	107
14	120	91
14	109	136
14	45	59
14	26	97
14	26	25
14	26	69
14	54	104
14	54	174
14	54	29
14	54	193
14	27	172
14	28	72
14	28	5
14	28	6
14	28	8
14	28	97
14	28	12
14	28	13
14	28	17
14	28	19
14	28	21
14	28	24
14	28	34
14	29	0
14	29	115
14	29	91
14	29	172
14	46	82
14	30	1
14	30	139
14	30	6
14	30	41
14	30	43
14	30	45
14	30	34
14	30	102
14	67	40
14	111	152
14	68	18
14	32	8
14	32	115
14	32	24
14	32	25
14	33	1
14	33	181
14	33	159
14	33	43
14	85	183
14	69	145
14	69	200
14	47	127
14	47	165
14	47	172
14	34	160
14	34	0
14	34	37
14	34	1
14	34	2
14	34	55
14	34	3
14	34	113
14	34	76
14	34	144
14	34	73
14	34	4
14	34	5
14	34	62
14	34	6
14	34	78
14	34	79
14	34	7
14	34	8
14	34	9
14	34	151
14	34	11
14	34	38
14	34	12
14	34	13
14	34	89
14	34	40
14	34	15
14	34	162
14	34	41
14	34	17
14	34	51
14	34	58
14	34	18
14	34	106
14	34	19
14	34	178
14	34	21
14	34	183
14	34	100
14	34	23
14	34	43
14	34	24
14	34	25
14	34	59
14	34	109
14	34	45
14	34	26
14	34	54
14	34	91
14	34	27
14	34	28
14	34	29
14	34	30
14	34	67
14	34	68
14	34	31
14	34	33
14	34	85
14	34	69
14	34	60
14	34	189
14	34	35
14	34	86
14	102	181
14	86	104
14	86	0
14	86	113
14	86	77
14	86	63
14	86	17
14	86	20
14	86	140
14	86	101
14	86	42
14	86	124
14	86	81
14	86	82
14	86	91
14	86	172
14	86	47
14	86	86
14	86	70
14	86	103
15	0	43
15	0	120
15	0	172
15	37	155
15	105	92
15	118	165
15	121	104
15	1	41
15	1	20
15	1	43
15	1	108
15	1	59
15	1	30
15	1	198
15	2	1
15	2	5
15	2	6
15	2	7
15	2	8
15	2	97
15	2	38
15	2	13
15	2	175
15	2	33
15	2	34
15	2	35
15	3	37
15	3	1
15	3	2
15	3	5
15	3	6
15	3	8
15	3	151
15	3	11
15	3	38
15	3	12
15	3	13
15	3	63
15	3	89
15	3	40
15	3	16
15	3	18
15	3	19
15	3	21
15	3	82
15	3	24
15	3	59
15	3	109
15	3	26
15	3	54
15	3	28
15	3	30
15	3	68
15	3	31
15	3	32
15	3	95
15	3	34
15	73	37
15	73	23
15	4	4
15	4	6
15	4	8
15	4	10
15	4	12
15	4	43
15	4	34
15	4	86
15	5	7
15	5	8
15	5	12
15	5	13
15	5	17
15	5	123
15	5	26
15	5	34
15	62	155
15	6	0
15	6	37
15	6	1
15	6	2
15	6	3
15	6	161
15	6	113
15	6	73
15	6	4
15	6	5
15	6	6
15	6	79
15	6	7
15	6	8
15	6	9
15	6	151
15	6	11
15	6	97
15	6	163
15	6	12
15	6	13
15	6	15
15	6	41
15	6	17
15	6	92
15	6	58
15	6	18
15	6	19
15	6	21
15	6	131
15	6	23
15	6	43
15	6	126
15	6	24
15	6	83
15	6	45
15	6	26
15	6	155
15	6	28
15	6	165
15	6	46
15	6	30
15	6	112
15	6	33
15	6	69
15	6	34
15	6	198
15	6	86
15	119	151
15	7	5
15	7	8
15	7	26
15	7	68
15	8	37
15	8	1
15	8	2
15	8	3
15	8	49
15	8	73
15	8	4
15	8	5
15	8	62
15	8	6
15	8	79
15	8	145
15	8	7
15	8	9
15	8	128
15	8	10
15	8	11
15	8	97
15	8	38
15	8	12
15	8	13
15	8	89
15	8	15
15	8	57
15	8	16
15	8	17
15	8	51
15	8	92
15	8	58
15	8	18
15	8	19
15	8	64
15	8	20
15	8	21
15	8	131
15	8	90
15	8	175
15	8	23
15	8	132
15	8	146
15	8	42
15	8	43
15	8	24
15	8	25
15	8	59
15	8	83
15	8	26
15	8	54
15	8	27
15	8	28
15	8	29
15	8	30
15	8	67
15	8	111
15	8	68
15	8	31
15	8	32
15	8	33
15	8	95
15	8	69
15	8	168
15	8	34
15	8	86
15	122	21
15	122	34
15	9	170
15	9	63
15	10	75
15	10	173
15	10	172
15	11	73
15	11	18
15	11	24
15	11	54
15	97	26
15	38	25
15	107	118
15	107	198
15	12	104
15	12	3
15	12	4
15	12	7
15	12	8
15	12	151
15	12	11
15	12	13
15	12	18
15	12	21
15	12	23
15	12	182
15	12	108
15	12	26
15	12	54
15	12	68
15	12	95
15	12	34
15	12	86
15	13	104
15	13	2
15	13	3
15	13	161
15	13	113
15	13	73
15	13	4
15	13	5
15	13	7
15	13	8
15	13	151
15	13	11
15	13	170
15	13	75
15	13	180
15	13	17
15	13	51
15	13	18
15	13	19
15	13	20
15	13	21
15	13	65
15	13	141
15	13	146
15	13	42
15	13	120
15	13	109
15	13	26
15	13	29
15	13	30
15	13	32
15	13	33
15	13	69
15	13	60
15	13	47
15	13	34
15	13	189
15	89	88
15	40	162
15	40	126
15	40	44
15	15	6
15	15	8
15	15	41
15	15	123
15	15	58
15	15	181
15	15	43
15	57	71
15	16	27
15	41	6
15	41	19
15	41	43
15	41	91
15	41	30
15	17	137
15	17	0
15	17	37
15	17	1
15	17	3
15	17	113
15	17	191
15	17	4
15	17	5
15	17	6
15	17	79
15	17	8
15	17	9
15	17	10
15	17	163
15	17	12
15	17	13
15	17	63
15	17	16
15	17	41
15	17	51
15	17	92
15	17	58
15	17	18
15	17	106
15	17	19
15	17	20
15	17	115
15	17	99
15	17	173
15	17	131
15	17	184
15	17	42
15	17	124
15	17	43
15	17	82
15	17	24
15	17	176
15	17	59
15	17	120
15	17	109
15	17	45
15	17	54
15	17	165
15	17	29
15	17	172
15	17	30
15	17	169
15	17	33
15	17	95
15	17	69
15	17	60
15	17	47
15	17	34
15	17	136
15	17	86
15	17	70
15	51	13
15	123	25
15	58	4
15	18	3
15	18	4
15	18	6
15	18	78
15	18	8
15	18	151
15	18	11
15	18	12
15	18	89
15	18	57
15	18	51
15	18	19
15	18	21
15	18	26
15	18	27
15	18	28
15	18	29
15	18	111
15	18	95
15	18	69
15	18	34
15	80	29
15	19	161
15	19	6
15	19	8
15	19	12
15	19	13
15	19	15
15	19	41
15	19	17
15	19	18
15	19	21
15	19	131
15	19	43
15	19	109
15	19	45
15	19	29
15	19	68
15	19	33
15	19	34
15	19	86
15	20	172
15	20	60
15	20	47
15	21	6
15	21	41
15	21	18
15	21	43
15	21	30
15	21	34
15	22	5
15	22	8
15	65	12
15	23	144
15	23	34
15	42	141
15	124	101
15	43	139
15	43	6
15	43	8
15	43	41
15	43	131
15	43	30
15	81	104
15	81	6
15	82	104
15	24	3
15	24	79
15	24	7
15	24	151
15	24	12
15	24	13
15	24	123
15	24	18
15	24	23
15	24	43
15	24	54
15	24	111
15	25	4
15	59	1
15	59	107
15	59	201
15	109	137
15	45	41
15	26	86
15	54	104
15	54	174
15	54	193
15	91	99
15	27	16
15	28	72
15	28	8
15	28	38
15	28	19
15	28	21
15	28	34
15	28	202
15	29	113
15	29	10
15	29	115
15	29	172
15	30	0
15	30	1
15	30	3
15	30	6
15	30	41
15	30	17
15	30	131
15	30	184
15	30	43
15	30	33
15	30	86
15	32	38
15	33	1
15	33	17
15	33	159
15	33	43
15	33	109
15	33	45
15	33	169
15	85	125
15	95	42
15	69	18
15	69	43
15	60	147
15	60	20
15	47	56
15	34	0
15	34	37
15	34	121
15	34	1
15	34	2
15	34	3
15	34	76
15	34	144
15	34	73
15	34	125
15	34	4
15	34	5
15	34	62
15	34	6
15	34	88
15	34	79
15	34	145
15	34	7
15	34	8
15	34	9
15	34	128
15	34	11
15	34	163
15	34	12
15	34	13
15	34	63
15	34	89
15	34	180
15	34	40
15	34	130
15	34	15
15	34	196
15	34	41
15	34	17
15	34	51
15	34	203
15	34	58
15	34	18
15	34	106
15	34	19
15	34	21
15	34	99
15	34	173
15	34	183
15	34	23
15	34	146
15	34	43
15	34	24
15	34	25
15	34	59
15	34	109
15	34	44
15	34	83
15	34	45
15	34	26
15	34	54
15	34	27
15	34	29
15	34	30
15	34	68
15	34	33
15	34	85
15	34	69
15	34	60
15	34	189
15	34	35
15	34	102
15	34	86
15	86	104
15	86	77
15	86	63
15	86	17
15	86	20
15	86	140
15	86	141
15	86	101
15	86	42
15	86	124
15	86	81
15	86	82
15	86	24
15	86	60
15	86	47
15	86	70
15	86	103
15	70	103
16	0	92
16	0	43
16	0	120
16	0	91
16	1	3
16	1	107
16	1	41
16	1	43
16	1	59
16	1	30
16	1	34
16	2	4
16	2	5
16	2	8
16	2	97
16	2	38
16	2	12
16	2	13
16	2	21
16	2	24
16	2	26
16	2	91
16	2	30
16	2	31
16	2	95
16	2	34
16	2	35
16	3	73
16	3	5
16	3	6
16	3	7
16	3	8
16	3	10
16	3	11
16	3	38
16	3	12
16	3	13
16	3	89
16	3	15
16	3	16
16	3	17
16	3	58
16	3	18
16	3	80
16	3	19
16	3	21
16	3	90
16	3	24
16	3	59
16	3	26
16	3	54
16	3	91
16	3	28
16	3	29
16	3	30
16	3	68
16	3	31
16	3	32
16	3	33
16	3	95
16	3	34
16	3	86
16	73	8
16	73	24
16	73	34
16	125	82
16	4	4
16	4	6
16	4	34
16	4	35
16	4	86
16	5	2
16	5	4
16	5	8
16	5	17
16	5	58
16	5	43
16	5	45
16	5	91
16	5	165
16	5	33
16	6	37
16	6	1
16	6	2
16	6	3
16	6	113
16	6	73
16	6	139
16	6	4
16	6	5
16	6	6
16	6	8
16	6	9
16	6	10
16	6	11
16	6	97
16	6	163
16	6	12
16	6	13
16	6	15
16	6	162
16	6	41
16	6	17
16	6	123
16	6	58
16	6	18
16	6	19
16	6	21
16	6	99
16	6	173
16	6	131
16	6	43
16	6	24
16	6	109
16	6	45
16	6	26
16	6	91
16	6	28
16	6	30
16	6	33
16	6	69
16	6	60
16	6	34
16	6	198
16	6	86
16	6	70
16	119	75
16	74	44
16	7	68
16	8	104
16	8	0
16	8	37
16	8	1
16	8	2
16	8	3
16	8	161
16	8	49
16	8	72
16	8	73
16	8	139
16	8	4
16	8	5
16	8	62
16	8	6
16	8	79
16	8	7
16	8	9
16	8	11
16	8	163
16	8	38
16	8	12
16	8	13
16	8	89
16	8	15
16	8	162
16	8	57
16	8	16
16	8	17
16	8	51
16	8	92
16	8	58
16	8	18
16	8	80
16	8	19
16	8	21
16	8	115
16	8	99
16	8	22
16	8	90
16	8	65
16	8	100
16	8	23
16	8	132
16	8	42
16	8	43
16	8	126
16	8	24
16	8	25
16	8	59
16	8	120
16	8	83
16	8	26
16	8	54
16	8	155
16	8	91
16	8	27
16	8	28
16	8	29
16	8	30
16	8	67
16	8	68
16	8	31
16	8	32
16	8	95
16	8	69
16	8	60
16	8	48
16	8	34
16	8	86
16	9	31
16	10	172
16	11	0
16	11	73
16	11	174
16	11	8
16	11	151
16	11	18
16	11	126
16	11	54
16	11	91
16	11	35
16	38	9
16	38	123
16	38	25
16	12	3
16	12	72
16	12	73
16	12	4
16	12	5
16	12	88
16	12	147
16	12	74
16	12	8
16	12	122
16	12	151
16	12	11
16	12	13
16	12	18
16	12	19
16	12	90
16	12	100
16	12	23
16	12	108
16	12	66
16	12	26
16	12	54
16	12	91
16	12	30
16	12	95
16	12	34
16	13	37
16	13	1
16	13	3
16	13	161
16	13	113
16	13	73
16	13	4
16	13	8
16	13	9
16	13	10
16	13	11
16	13	97
16	13	12
16	13	180
16	13	16
16	13	17
16	13	51
16	13	123
16	13	18
16	13	20
16	13	21
16	13	131
16	13	22
16	13	65
16	13	141
16	13	146
16	13	66
16	13	24
16	13	25
16	13	120
16	13	26
16	13	54
16	13	91
16	13	29
16	13	30
16	13	32
16	13	34
16	13	86
16	89	8
16	40	74
16	40	162
16	40	44
16	15	87
16	15	6
16	15	41
16	15	19
16	15	181
16	41	133
16	41	43
16	41	45
16	41	30
16	17	3
16	17	113
16	17	191
16	17	4
16	17	62
16	17	8
16	17	163
16	17	13
16	17	130
16	17	92
16	17	18
16	17	106
16	17	20
16	17	21
16	17	115
16	17	131
16	17	133
16	17	43
16	17	176
16	17	120
16	17	109
16	17	155
16	17	91
16	17	29
16	17	33
16	17	60
16	17	34
16	17	86
16	51	67
16	92	91
16	123	4
16	58	11
16	58	21
16	58	204
16	18	4
16	18	5
16	18	6
16	18	174
16	18	7
16	18	8
16	18	11
16	18	12
16	18	17
16	18	115
16	18	173
16	18	23
16	18	132
16	18	43
16	18	26
16	18	54
16	18	27
16	18	29
16	18	31
16	18	95
16	18	34
16	18	86
16	80	91
16	19	161
16	19	4
16	19	6
16	19	8
16	19	12
16	19	15
16	19	41
16	19	17
16	19	18
16	19	21
16	19	43
16	19	26
16	19	91
16	19	30
16	19	68
16	19	33
16	19	34
16	19	86
16	20	60
16	20	47
16	20	34
16	21	6
16	21	10
16	21	41
16	21	17
16	21	43
16	21	91
16	21	86
16	115	91
16	65	12
16	23	144
16	23	13
16	23	40
16	23	69
16	42	141
16	43	139
16	43	6
16	43	41
16	43	18
16	43	45
16	43	33
16	81	161
16	126	162
16	24	3
16	24	4
16	24	6
16	24	7
16	24	8
16	24	151
16	24	11
16	24	12
16	24	13
16	24	17
16	24	18
16	24	19
16	24	23
16	24	43
16	24	120
16	24	26
16	24	91
16	24	29
16	24	167
16	24	34
16	25	113
16	25	4
16	25	82
16	59	91
16	109	137
16	109	91
16	44	126
16	44	35
16	83	162
16	26	69
16	110	6
16	54	174
16	28	72
16	28	4
16	28	8
16	28	19
16	28	21
16	28	30
16	28	34
16	28	86
16	29	0
16	29	115
16	29	91
16	29	172
16	29	136
16	30	0
16	30	6
16	30	15
16	30	41
16	30	17
16	30	21
16	30	133
16	30	43
16	30	59
16	30	91
16	30	33
16	30	34
16	30	102
16	68	16
16	31	57
16	31	91
16	32	38
16	32	12
16	33	122
16	33	13
16	33	15
16	33	41
16	33	17
16	33	159
16	33	43
16	33	30
16	94	28
16	94	48
16	95	173
16	69	137
16	69	18
16	69	43
16	69	143
16	47	127
16	47	165
16	47	172
16	34	116
16	34	104
16	34	0
16	34	121
16	34	1
16	34	2
16	34	3
16	34	113
16	34	76
16	34	87
16	34	73
16	34	4
16	34	5
16	34	62
16	34	6
16	34	88
16	34	79
16	34	74
16	34	7
16	34	8
16	34	128
16	34	151
16	34	50
16	34	11
16	34	38
16	34	12
16	34	13
16	34	63
16	34	89
16	34	180
16	34	40
16	34	130
16	34	15
16	34	16
16	34	41
16	34	17
16	34	51
16	34	58
16	34	18
16	34	106
16	34	19
16	34	21
16	34	115
16	34	99
16	34	173
16	34	183
16	34	22
16	34	23
16	34	43
16	34	24
16	34	25
16	34	59
16	34	109
16	34	44
16	34	83
16	34	26
16	34	54
16	34	91
16	34	27
16	34	28
16	34	29
16	34	30
16	34	67
16	34	167
16	34	68
16	34	31
16	34	32
16	34	33
16	34	85
16	34	95
16	34	69
16	34	48
16	34	189
16	34	35
16	34	102
16	34	198
16	34	136
16	34	86
16	86	77
16	86	56
16	86	17
16	86	20
16	86	140
16	86	101
16	86	124
16	86	81
16	86	82
16	86	84
16	86	135
16	86	60
16	86	47
16	86	70
16	86	103
16	70	56
17	0	17
17	0	120
17	0	172
17	0	60
17	37	24
17	105	92
17	1	6
17	1	78
17	1	8
17	1	107
17	1	41
17	1	43
17	1	59
17	1	53
17	2	5
17	2	8
17	2	97
17	2	38
17	2	12
17	2	13
17	2	123
17	2	18
17	2	24
17	2	26
17	2	31
17	2	34
17	127	4
17	3	37
17	3	1
17	3	2
17	3	71
17	3	72
17	3	5
17	3	6
17	3	7
17	3	8
17	3	11
17	3	97
17	3	38
17	3	12
17	3	13
17	3	40
17	3	15
17	3	17
17	3	58
17	3	18
17	3	19
17	3	21
17	3	22
17	3	90
17	3	141
17	3	52
17	3	43
17	3	24
17	3	120
17	3	109
17	3	26
17	3	54
17	3	27
17	3	28
17	3	30
17	3	68
17	3	31
17	3	32
17	3	112
17	3	33
17	3	69
17	3	34
17	3	35
17	3	102
17	113	115
17	72	28
17	4	1
17	4	6
17	4	8
17	4	11
17	4	12
17	4	58
17	4	141
17	4	34
17	4	35
17	4	86
17	5	2
17	5	7
17	5	12
17	5	13
17	5	123
17	5	19
17	5	26
17	5	29
17	5	33
17	6	37
17	6	1
17	6	2
17	6	3
17	6	161
17	6	87
17	6	73
17	6	4
17	6	5
17	6	6
17	6	88
17	6	74
17	6	7
17	6	8
17	6	10
17	6	11
17	6	97
17	6	163
17	6	12
17	6	13
17	6	40
17	6	41
17	6	17
17	6	92
17	6	123
17	6	58
17	6	18
17	6	19
17	6	21
17	6	115
17	6	131
17	6	141
17	6	43
17	6	24
17	6	109
17	6	45
17	6	26
17	6	28
17	6	165
17	6	29
17	6	30
17	6	33
17	6	69
17	6	60
17	6	34
17	6	86
17	6	70
17	78	123
17	7	8
17	7	97
17	7	123
17	7	26
17	7	68
17	8	1
17	8	2
17	8	3
17	8	161
17	8	113
17	8	71
17	8	73
17	8	139
17	8	4
17	8	5
17	8	62
17	8	6
17	8	74
17	8	145
17	8	7
17	8	9
17	8	151
17	8	11
17	8	38
17	8	12
17	8	13
17	8	129
17	8	89
17	8	15
17	8	16
17	8	41
17	8	17
17	8	51
17	8	92
17	8	58
17	8	18
17	8	19
17	8	20
17	8	99
17	8	90
17	8	65
17	8	23
17	8	43
17	8	24
17	8	25
17	8	59
17	8	120
17	8	109
17	8	83
17	8	26
17	8	54
17	8	155
17	8	27
17	8	28
17	8	29
17	8	30
17	8	67
17	8	68
17	8	31
17	8	32
17	8	33
17	8	69
17	8	168
17	8	34
17	8	86
17	9	3
17	9	190
17	9	18
17	9	31
17	128	130
17	50	172
17	10	11
17	10	47
17	11	104
17	11	142
17	11	49
17	11	73
17	11	174
17	11	8
17	11	9
17	11	12
17	11	16
17	11	41
17	11	17
17	11	92
17	11	43
17	11	54
17	11	29
17	11	46
17	97	15
17	97	18
17	97	28
17	38	9
17	38	51
17	38	25
17	107	205
17	12	3
17	12	142
17	12	113
17	12	73
17	12	4
17	12	5
17	12	7
17	12	8
17	12	9
17	12	151
17	12	10
17	12	11
17	12	12
17	12	13
17	12	15
17	12	18
17	12	115
17	12	23
17	12	83
17	12	26
17	12	54
17	12	29
17	12	111
17	12	68
17	12	95
17	12	34
17	13	104
17	13	2
17	13	3
17	13	113
17	13	4
17	13	5
17	13	8
17	13	9
17	13	10
17	13	11
17	13	97
17	13	163
17	13	38
17	13	12
17	13	63
17	13	17
17	13	51
17	13	92
17	13	123
17	13	58
17	13	18
17	13	115
17	13	146
17	13	42
17	13	124
17	13	82
17	13	24
17	13	25
17	13	120
17	13	26
17	13	91
17	13	27
17	13	28
17	13	30
17	13	32
17	13	34
17	13	86
17	63	61
17	129	46
17	40	23
17	40	67
17	130	4
17	15	6
17	15	41
17	15	17
17	15	45
17	15	28
17	15	34
17	16	12
17	41	11
17	41	43
17	41	30
17	17	1
17	17	3
17	17	142
17	17	161
17	17	76
17	17	191
17	17	4
17	17	6
17	17	88
17	17	119
17	17	8
17	17	150
17	17	10
17	17	163
17	17	13
17	17	63
17	17	130
17	17	41
17	17	92
17	17	203
17	17	58
17	17	18
17	17	19
17	17	20
17	17	115
17	17	131
17	17	184
17	17	23
17	17	133
17	17	43
17	17	82
17	17	24
17	17	176
17	17	120
17	17	109
17	17	44
17	17	45
17	17	110
17	17	29
17	17	172
17	17	46
17	17	112
17	17	33
17	17	69
17	17	60
17	17	47
17	17	48
17	17	34
17	17	136
17	17	86
17	51	8
17	51	13
17	123	4
17	123	25
17	58	4
17	18	3
17	18	4
17	18	5
17	18	6
17	18	174
17	18	8
17	18	11
17	18	12
17	18	13
17	18	89
17	18	17
17	18	92
17	18	132
17	18	82
17	18	109
17	18	26
17	18	27
17	18	29
17	18	30
17	18	111
17	18	31
17	18	32
17	18	95
17	18	69
17	106	34
17	80	69
17	19	4
17	19	6
17	19	8
17	19	38
17	19	12
17	19	41
17	19	17
17	19	58
17	19	18
17	19	21
17	19	43
17	19	109
17	19	45
17	19	30
17	19	68
17	19	33
17	19	34
17	20	165
17	20	60
17	20	47
17	21	6
17	21	151
17	21	41
17	21	17
17	21	92
17	21	43
17	21	47
17	21	34
17	131	17
17	22	72
17	65	12
17	23	157
17	23	40
17	23	17
17	23	34
17	132	111
17	52	46
17	133	17
17	42	141
17	42	169
17	43	6
17	43	41
17	43	17
17	43	131
17	43	109
17	43	102
17	24	0
17	24	37
17	24	2
17	24	3
17	24	49
17	24	71
17	24	4
17	24	174
17	24	7
17	24	8
17	24	9
17	24	10
17	24	12
17	24	13
17	24	17
17	24	123
17	24	18
17	24	90
17	24	23
17	24	120
17	24	26
17	24	29
17	24	67
17	24	68
17	24	31
17	24	32
17	24	34
17	25	123
17	25	172
17	59	198
17	120	0
17	109	137
17	109	60
17	26	7
17	26	69
17	54	11
17	54	193
17	134	59
17	28	1
17	28	72
17	28	4
17	28	6
17	28	8
17	28	19
17	28	64
17	28	21
17	28	34
17	29	113
17	29	115
17	29	172
17	30	6
17	30	15
17	30	41
17	30	17
17	30	43
17	30	45
17	30	53
17	30	33
17	30	34
17	30	102
17	30	86
17	68	7
17	68	16
17	68	29
17	32	38
17	32	12
17	32	13
17	32	95
17	135	61
17	33	139
17	33	13
17	33	15
17	33	41
17	33	17
17	33	159
17	33	141
17	33	43
17	33	30
17	33	34
17	33	102
17	69	55
17	69	7
17	69	10
17	69	14
17	69	203
17	69	115
17	47	56
17	47	165
17	34	116
17	34	0
17	34	37
17	34	105
17	34	1
17	34	2
17	34	3
17	34	113
17	34	76
17	34	144
17	34	87
17	34	73
17	34	125
17	34	4
17	34	5
17	34	6
17	34	79
17	34	74
17	34	206
17	34	145
17	34	7
17	34	8
17	34	11
17	34	38
17	34	12
17	34	75
17	34	13
17	34	89
17	34	180
17	34	40
17	34	130
17	34	15
17	34	162
17	34	16
17	34	41
17	34	17
17	34	51
17	34	123
17	34	58
17	34	18
17	34	106
17	34	19
17	34	181
17	34	21
17	34	115
17	34	65
17	34	141
17	34	23
17	34	43
17	34	82
17	34	126
17	34	24
17	34	25
17	34	59
17	34	120
17	34	83
17	34	45
17	34	26
17	34	155
17	34	91
17	34	29
17	34	30
17	34	67
17	34	68
17	34	31
17	34	32
17	34	207
17	34	33
17	34	85
17	34	69
17	34	48
17	34	189
17	34	35
17	34	86
17	86	127
17	86	77
17	86	56
17	86	150
17	86	13
17	86	63
17	86	17
17	86	20
17	86	140
17	86	141
17	86	101
17	86	124
17	86	81
17	86	82
17	86	84
17	86	169
17	86	135
17	86	60
17	86	70
17	86	103
17	70	103
18	0	105
18	0	113
18	0	8
18	0	10
18	0	13
18	0	17
18	0	92
18	0	203
18	0	18
18	0	115
18	0	43
18	0	24
18	0	120
18	0	109
18	0	45
18	0	91
18	0	29
18	0	172
18	0	143
18	0	95
18	0	86
18	1	41
18	1	43
18	1	59
18	1	53
18	1	205
18	2	8
18	2	17
18	2	58
18	2	18
18	2	26
18	2	30
18	3	0
18	3	1
18	3	2
18	3	73
18	3	4
18	3	5
18	3	6
18	3	7
18	3	8
18	3	11
18	3	12
18	3	13
18	3	57
18	3	16
18	3	17
18	3	51
18	3	58
18	3	18
18	3	19
18	3	21
18	3	115
18	3	131
18	3	154
18	3	24
18	3	25
18	3	109
18	3	26
18	3	54
18	3	28
18	3	29
18	3	30
18	3	32
18	3	33
18	3	95
18	3	34
18	3	102
18	3	86
18	49	89
18	113	115
18	113	91
18	73	87
18	73	79
18	77	86
18	4	0
18	4	6
18	4	128
18	4	12
18	4	15
18	4	17
18	4	58
18	4	106
18	4	24
18	4	54
18	4	29
18	4	95
18	4	34
18	4	86
18	5	2
18	5	113
18	5	8
18	5	12
18	5	155
18	5	95
18	5	136
18	6	0
18	6	37
18	6	1
18	6	2
18	6	3
18	6	161
18	6	113
18	6	73
18	6	4
18	6	5
18	6	79
18	6	7
18	6	8
18	6	151
18	6	10
18	6	11
18	6	163
18	6	12
18	6	13
18	6	63
18	6	162
18	6	41
18	6	17
18	6	92
18	6	58
18	6	18
18	6	19
18	6	181
18	6	21
18	6	159
18	6	131
18	6	141
18	6	23
18	6	133
18	6	43
18	6	24
18	6	25
18	6	59
18	6	45
18	6	26
18	6	91
18	6	28
18	6	29
18	6	172
18	6	30
18	6	111
18	6	68
18	6	32
18	6	33
18	6	69
18	6	47
18	6	34
18	6	86
18	6	70
18	6	103
18	88	119
18	7	71
18	7	12
18	7	17
18	7	18
18	7	26
18	7	27
18	7	68
18	7	32
18	8	0
18	8	37
18	8	1
18	8	2
18	8	3
18	8	49
18	8	72
18	8	73
18	8	4
18	8	5
18	8	62
18	8	6
18	8	79
18	8	74
18	8	145
18	8	7
18	8	9
18	8	151
18	8	10
18	8	11
18	8	38
18	8	12
18	8	13
18	8	89
18	8	15
18	8	57
18	8	16
18	8	41
18	8	17
18	8	51
18	8	92
18	8	123
18	8	58
18	8	18
18	8	80
18	8	19
18	8	64
18	8	21
18	8	99
18	8	173
18	8	131
18	8	90
18	8	65
18	8	23
18	8	146
18	8	101
18	8	43
18	8	24
18	8	25
18	8	59
18	8	120
18	8	109
18	8	83
18	8	26
18	8	54
18	8	155
18	8	27
18	8	28
18	8	29
18	8	46
18	8	30
18	8	111
18	8	31
18	8	32
18	8	95
18	8	69
18	8	34
18	8	86
18	9	17
18	9	25
18	9	30
18	9	32
18	11	37
18	11	142
18	11	73
18	11	174
18	11	151
18	11	129
18	11	18
18	11	100
18	11	141
18	11	126
18	11	26
18	11	54
18	11	29
18	11	33
18	11	95
18	11	69
18	38	51
18	38	123
18	107	208
18	107	209
18	12	0
18	12	1
18	12	3
18	12	142
18	12	73
18	12	4
18	12	5
18	12	6
18	12	7
18	12	8
18	12	122
18	12	11
18	12	12
18	12	75
18	12	13
18	12	89
18	12	15
18	12	17
18	12	18
18	12	90
18	12	141
18	12	23
18	12	109
18	12	26
18	12	54
18	12	95
18	12	69
18	12	34
18	13	0
18	13	1
18	13	3
18	13	113
18	13	6
18	13	8
18	13	151
18	13	11
18	13	97
18	13	163
18	13	38
18	13	12
18	13	17
18	13	51
18	13	58
18	13	18
18	13	19
18	13	64
18	13	21
18	13	146
18	13	24
18	13	59
18	13	109
18	13	26
18	13	134
18	13	28
18	13	165
18	13	30
18	13	32
18	13	47
18	13	34
18	13	136
18	13	86
18	15	161
18	15	7
18	15	12
18	15	41
18	15	17
18	15	21
18	15	176
18	15	34
18	16	12
18	16	17
18	16	28
18	41	17
18	41	43
18	17	104
18	17	0
18	17	37
18	17	2
18	17	3
18	17	161
18	17	76
18	17	191
18	17	6
18	17	88
18	17	119
18	17	8
18	17	11
18	17	163
18	17	12
18	17	13
18	17	63
18	17	114
18	17	129
18	17	41
18	17	92
18	17	203
18	17	18
18	17	80
18	17	19
18	17	20
18	17	131
18	17	23
18	17	42
18	17	43
18	17	24
18	17	176
18	17	120
18	17	109
18	17	45
18	17	91
18	17	29
18	17	172
18	17	33
18	17	95
18	17	69
18	17	60
18	17	168
18	17	34
18	17	35
18	17	136
18	17	86
18	17	70
18	51	5
18	51	11
18	51	13
18	51	17
18	123	4
18	123	8
18	123	25
18	58	8
18	58	63
18	58	59
18	58	204
18	18	0
18	18	125
18	18	4
18	18	5
18	18	6
18	18	8
18	18	9
18	18	11
18	18	38
18	18	12
18	18	89
18	18	17
18	18	19
18	18	21
18	18	24
18	18	45
18	18	26
18	18	27
18	18	29
18	18	32
18	18	69
18	18	168
18	18	34
18	80	69
18	80	47
18	19	4
18	19	6
18	19	8
18	19	12
18	19	41
18	19	18
18	19	21
18	19	43
18	19	45
18	19	91
18	19	30
18	19	68
18	19	33
18	19	60
18	19	34
18	20	165
18	20	47
18	21	6
18	21	8
18	21	41
18	21	17
18	21	43
18	21	34
18	99	0
18	22	8
18	22	120
18	23	0
18	23	4
18	23	40
18	42	141
18	124	6
18	43	0
18	43	139
18	43	6
18	43	41
18	43	17
18	43	181
18	43	45
18	43	30
18	43	33
18	81	104
18	81	5
18	81	34
18	81	86
18	82	0
18	82	109
18	24	1
18	24	2
18	24	3
18	24	4
18	24	5
18	24	6
18	24	7
18	24	8
18	24	12
18	24	13
18	24	15
18	24	17
18	24	18
18	24	26
18	24	29
18	24	30
18	24	31
18	24	60
18	24	47
18	24	34
18	24	86
18	25	17
18	25	32
18	25	34
18	59	107
18	59	210
18	109	137
18	45	6
18	45	17
18	26	7
18	26	8
18	54	104
18	54	8
18	54	101
18	91	17
18	28	4
18	28	5
18	28	8
18	28	12
18	28	17
18	28	19
18	28	64
18	28	21
18	28	59
18	28	91
18	28	30
18	28	34
18	29	0
18	29	91
18	29	172
18	29	136
18	46	39
18	46	52
18	30	0
18	30	3
18	30	139
18	30	5
18	30	6
18	30	12
18	30	211
18	30	15
18	30	41
18	30	17
18	30	43
18	30	109
18	30	54
18	30	33
18	30	102
18	111	152
18	68	8
18	68	12
18	68	26
18	31	57
18	32	0
18	32	38
18	32	18
18	32	25
18	32	31
18	33	161
18	33	8
18	33	12
18	33	13
18	33	15
18	33	41
18	33	19
18	33	159
18	33	141
18	33	133
18	33	43
18	33	30
18	94	48
18	95	119
18	69	138
18	69	0
18	69	8
18	69	13
18	69	203
18	69	43
18	69	172
18	60	70
18	47	165
18	47	172
18	34	137
18	34	0
18	34	1
18	34	2
18	34	3
18	34	113
18	34	76
18	34	144
18	34	73
18	34	125
18	34	139
18	34	4
18	34	5
18	34	62
18	34	6
18	34	79
18	34	74
18	34	206
18	34	7
18	34	8
18	34	9
18	34	128
18	34	151
18	34	11
18	34	38
18	34	12
18	34	13
18	34	63
18	34	89
18	34	180
18	34	40
18	34	130
18	34	15
18	34	57
18	34	16
18	34	41
18	34	17
18	34	51
18	34	123
18	34	58
18	34	18
18	34	19
18	34	64
18	34	178
18	34	21
18	34	22
18	34	141
18	34	23
18	34	146
18	34	43
18	34	82
18	34	126
18	34	24
18	34	25
18	34	59
18	34	120
18	34	44
18	34	83
18	34	45
18	34	26
18	34	91
18	34	27
18	34	28
18	34	165
18	34	29
18	34	30
18	34	67
18	34	68
18	34	32
18	34	207
18	34	135
18	34	33
18	34	85
18	34	95
18	34	69
18	34	48
18	34	189
18	34	35
18	34	86
18	34	103
18	136	0
18	86	104
18	86	77
18	86	4
18	86	56
18	86	150
18	86	63
18	86	17
18	86	20
18	86	101
18	86	124
18	86	81
18	86	84
18	86	169
18	86	60
18	86	47
18	86	70
18	86	103
18	103	81
19	116	172
19	137	4
19	138	111
19	0	137
19	0	113
19	0	150
19	0	10
19	0	163
19	0	13
19	0	92
19	0	203
19	0	80
19	0	64
19	0	20
19	0	115
19	0	120
19	0	109
19	0	45
19	0	91
19	0	143
19	37	4
19	105	92
19	1	8
19	1	107
19	1	41
19	1	43
19	1	108
19	1	59
19	1	29
19	1	205
19	2	5
19	2	6
19	2	8
19	2	97
19	2	38
19	2	13
19	2	58
19	2	18
19	2	26
19	2	27
19	2	30
19	2	86
19	3	0
19	3	1
19	3	2
19	3	71
19	3	72
19	3	73
19	3	5
19	3	6
19	3	7
19	3	8
19	3	9
19	3	11
19	3	12
19	3	13
19	3	89
19	3	57
19	3	16
19	3	17
19	3	51
19	3	18
19	3	19
19	3	21
19	3	90
19	3	100
19	3	175
19	3	43
19	3	24
19	3	25
19	3	26
19	3	54
19	3	28
19	3	165
19	3	29
19	3	30
19	3	68
19	3	31
19	3	32
19	3	33
19	3	34
19	3	102
19	71	2
19	72	28
19	73	1
19	139	43
19	4	1
19	4	73
19	4	62
19	4	8
19	4	13
19	4	15
19	4	18
19	4	106
19	4	178
19	4	45
19	4	172
19	4	95
19	4	34
19	4	86
19	5	3
19	5	71
19	5	8
19	5	151
19	5	41
19	5	123
19	5	23
19	5	86
19	62	0
19	6	0
19	6	37
19	6	1
19	6	2
19	6	3
19	6	161
19	6	73
19	6	4
19	6	5
19	6	79
19	6	7
19	6	8
19	6	9
19	6	10
19	6	11
19	6	97
19	6	163
19	6	12
19	6	13
19	6	39
19	6	15
19	6	41
19	6	17
19	6	92
19	6	58
19	6	18
19	6	19
19	6	181
19	6	21
19	6	115
19	6	131
19	6	141
19	6	23
19	6	133
19	6	186
19	6	43
19	6	24
19	6	25
19	6	109
19	6	26
19	6	155
19	6	28
19	6	29
19	6	30
19	6	33
19	6	95
19	6	69
19	6	34
19	6	102
19	6	86
19	74	44
19	7	18
19	7	26
19	7	68
19	8	104
19	8	0
19	8	37
19	8	1
19	8	2
19	8	3
19	8	49
19	8	72
19	8	73
19	8	139
19	8	4
19	8	5
19	8	62
19	8	6
19	8	79
19	8	145
19	8	7
19	8	9
19	8	151
19	8	50
19	8	10
19	8	11
19	8	163
19	8	38
19	8	12
19	8	75
19	8	13
19	8	14
19	8	89
19	8	15
19	8	162
19	8	57
19	8	16
19	8	41
19	8	17
19	8	51
19	8	92
19	8	58
19	8	18
19	8	19
19	8	64
19	8	21
19	8	115
19	8	99
19	8	90
19	8	65
19	8	100
19	8	23
19	8	146
19	8	43
19	8	82
19	8	24
19	8	25
19	8	109
19	8	83
19	8	45
19	8	26
19	8	54
19	8	27
19	8	28
19	8	29
19	8	30
19	8	111
19	8	68
19	8	31
19	8	32
19	8	33
19	8	69
19	8	48
19	8	34
19	8	35
19	8	86
19	9	25
19	9	26
19	10	104
19	10	99
19	10	172
19	10	69
19	11	104
19	11	49
19	11	73
19	11	151
19	11	18
19	11	100
19	11	23
19	11	126
19	11	26
19	11	54
19	11	34
19	107	208
19	12	0
19	12	3
19	12	142
19	12	73
19	12	4
19	12	5
19	12	6
19	12	79
19	12	7
19	12	8
19	12	150
19	12	122
19	12	11
19	12	12
19	12	13
19	12	39
19	12	129
19	12	15
19	12	18
19	12	100
19	12	141
19	12	23
19	12	124
19	12	43
19	12	26
19	12	54
19	12	46
19	12	34
19	12	136
19	12	86
19	75	30
19	13	0
19	13	1
19	13	2
19	13	3
19	13	161
19	13	113
19	13	4
19	13	5
19	13	6
19	13	7
19	13	8
19	13	9
19	13	10
19	13	11
19	13	163
19	13	38
19	13	12
19	13	63
19	13	89
19	13	17
19	13	51
19	13	58
19	13	18
19	13	19
19	13	20
19	13	21
19	13	22
19	13	141
19	13	146
19	13	124
19	13	43
19	13	24
19	13	25
19	13	109
19	13	26
19	13	27
19	13	30
19	13	32
19	13	33
19	13	34
19	40	74
19	15	41
19	15	58
19	15	21
19	15	30
19	15	33
19	15	103
19	57	31
19	16	27
19	41	139
19	41	43
19	17	104
19	17	0
19	17	1
19	17	3
19	17	161
19	17	191
19	17	6
19	17	79
19	17	8
19	17	10
19	17	11
19	17	163
19	17	13
19	17	63
19	17	41
19	17	92
19	17	18
19	17	20
19	17	21
19	17	131
19	17	23
19	17	133
19	17	101
19	17	43
19	17	82
19	17	24
19	17	176
19	17	109
19	17	45
19	17	91
19	17	165
19	17	29
19	17	30
19	17	112
19	17	95
19	17	69
19	17	60
19	17	47
19	17	34
19	51	13
19	123	25
19	58	4
19	58	8
19	58	204
19	18	161
19	18	4
19	18	5
19	18	6
19	18	7
19	18	11
19	18	12
19	18	115
19	18	141
19	18	26
19	18	29
19	18	68
19	18	95
19	18	69
19	18	168
19	18	86
19	106	125
19	80	0
19	19	0
19	19	4
19	19	6
19	19	8
19	19	12
19	19	41
19	19	17
19	19	18
19	19	21
19	19	23
19	19	43
19	19	109
19	19	30
19	19	33
19	19	60
19	19	34
19	19	102
19	20	165
19	20	47
19	21	5
19	21	6
19	21	8
19	21	41
19	21	45
19	21	95
19	21	34
19	21	102
19	21	86
19	115	0
19	140	86
19	22	12
19	22	120
19	141	4
19	23	40
19	23	17
19	23	35
19	101	124
19	42	141
19	43	0
19	43	62
19	43	6
19	43	41
19	43	17
19	43	30
19	43	86
19	81	104
19	24	0
19	24	1
19	24	3
19	24	71
19	24	73
19	24	4
19	24	5
19	24	6
19	24	7
19	24	8
19	24	11
19	24	12
19	24	13
19	24	15
19	24	17
19	24	18
19	24	141
19	24	132
19	24	43
19	24	82
19	24	25
19	24	59
19	24	26
19	24	28
19	24	29
19	24	30
19	24	31
19	24	33
19	24	34
19	24	86
19	25	0
19	25	9
19	59	107
19	59	108
19	59	210
19	59	205
19	26	49
19	26	7
19	26	22
19	26	68
19	26	69
19	54	104
19	54	193
19	28	72
19	28	4
19	28	5
19	28	6
19	28	8
19	28	12
19	28	64
19	28	21
19	28	34
19	29	115
19	29	120
19	29	91
19	30	3
19	30	139
19	30	5
19	30	6
19	30	75
19	30	41
19	30	17
19	30	131
19	30	133
19	30	43
19	30	82
19	30	29
19	30	33
19	30	102
19	68	26
19	31	57
19	32	38
19	32	12
19	32	18
19	33	10
19	33	13
19	33	15
19	33	41
19	33	19
19	33	159
19	33	133
19	33	43
19	33	30
19	94	28
19	69	55
19	69	8
19	69	14
19	69	203
19	69	186
19	47	165
19	47	172
19	34	0
19	34	37
19	34	1
19	34	2
19	34	3
19	34	113
19	34	76
19	34	71
19	34	144
19	34	185
19	34	87
19	34	73
19	34	125
19	34	4
19	34	5
19	34	62
19	34	6
19	34	79
19	34	74
19	34	206
19	34	7
19	34	8
19	34	122
19	34	151
19	34	50
19	34	11
19	34	38
19	34	12
19	34	13
19	34	63
19	34	89
19	34	180
19	34	40
19	34	15
19	34	57
19	34	41
19	34	17
19	34	51
19	34	123
19	34	58
19	34	18
19	34	106
19	34	19
19	34	98
19	34	178
19	34	21
19	34	115
19	34	22
19	34	100
19	34	141
19	34	23
19	34	146
19	34	186
19	34	43
19	34	24
19	34	25
19	34	59
19	34	120
19	34	109
19	34	83
19	34	45
19	34	212
19	34	26
19	34	91
19	34	29
19	34	30
19	34	67
19	34	68
19	34	31
19	34	33
19	34	85
19	34	69
19	34	48
19	34	168
19	34	35
19	34	102
19	34	86
19	86	73
19	86	77
19	86	163
19	86	63
19	86	39
19	86	17
19	86	20
19	86	140
19	86	52
19	86	101
19	86	42
19	86	124
19	86	81
19	86	172
19	86	46
19	86	84
19	86	169
19	86	60
19	86	86
19	86	70
19	86	103
19	103	81
20	0	137
20	0	3
20	0	150
20	0	10
20	0	163
20	0	13
20	0	17
20	0	92
20	0	203
20	0	19
20	0	115
20	0	24
20	0	91
20	0	28
20	0	29
20	0	172
20	0	112
20	0	143
20	0	34
20	0	136
20	0	86
20	121	178
20	1	107
20	1	129
20	1	41
20	1	43
20	1	59
20	2	1
20	2	4
20	2	8
20	2	10
20	2	16
20	2	17
20	2	18
20	2	111
20	2	31
20	2	95
20	55	92
20	3	104
20	3	0
20	3	1
20	3	2
20	3	127
20	3	113
20	3	73
20	3	5
20	3	6
20	3	7
20	3	8
20	3	11
20	3	12
20	3	13
20	3	15
20	3	16
20	3	51
20	3	58
20	3	18
20	3	19
20	3	21
20	3	99
20	3	22
20	3	65
20	3	43
20	3	82
20	3	24
20	3	26
20	3	54
20	3	91
20	3	28
20	3	29
20	3	30
20	3	68
20	3	32
20	3	33
20	3	69
20	3	48
20	3	34
20	3	102
20	142	66
20	71	2
20	73	0
20	73	37
20	73	155
20	73	29
20	4	6
20	4	8
20	4	11
20	4	15
20	4	19
20	4	24
20	4	29
20	4	34
20	5	73
20	5	4
20	5	8
20	5	151
20	5	17
20	5	59
20	5	33
20	5	86
20	62	13
20	62	115
20	6	104
20	6	0
20	6	37
20	6	1
20	6	2
20	6	3
20	6	73
20	6	4
20	6	5
20	6	79
20	6	7
20	6	8
20	6	10
20	6	11
20	6	97
20	6	163
20	6	107
20	6	12
20	6	13
20	6	40
20	6	41
20	6	17
20	6	92
20	6	123
20	6	58
20	6	18
20	6	19
20	6	181
20	6	21
20	6	141
20	6	133
20	6	43
20	6	24
20	6	25
20	6	59
20	6	109
20	6	45
20	6	26
20	6	91
20	6	28
20	6	165
20	6	29
20	6	30
20	6	31
20	6	32
20	6	33
20	6	95
20	6	69
20	6	60
20	6	47
20	6	34
20	6	102
20	6	86
20	6	103
20	79	62
20	7	68
20	7	69
20	8	104
20	8	0
20	8	37
20	8	1
20	8	2
20	8	3
20	8	49
20	8	113
20	8	73
20	8	4
20	8	5
20	8	62
20	8	6
20	8	7
20	8	9
20	8	151
20	8	10
20	8	11
20	8	97
20	8	163
20	8	38
20	8	12
20	8	13
20	8	14
20	8	89
20	8	40
20	8	15
20	8	57
20	8	16
20	8	41
20	8	17
20	8	58
20	8	18
20	8	80
20	8	19
20	8	64
20	8	21
20	8	99
20	8	173
20	8	22
20	8	65
20	8	23
20	8	52
20	8	146
20	8	154
20	8	43
20	8	82
20	8	24
20	8	25
20	8	59
20	8	83
20	8	26
20	8	54
20	8	91
20	8	27
20	8	28
20	8	29
20	8	30
20	8	111
20	8	68
20	8	31
20	8	32
20	8	95
20	8	69
20	8	60
20	8	48
20	8	168
20	8	34
20	8	86
20	9	5
20	9	25
20	9	30
20	10	104
20	10	80
20	10	172
20	11	104
20	11	142
20	11	49
20	11	73
20	11	5
20	11	114
20	11	89
20	11	15
20	11	17
20	11	18
20	11	26
20	11	54
20	11	46
20	38	44
20	107	205
20	12	1
20	12	2
20	12	3
20	12	142
20	12	73
20	12	4
20	12	5
20	12	6
20	12	7
20	12	8
20	12	9
20	12	11
20	12	12
20	12	13
20	12	129
20	12	17
20	12	18
20	12	19
20	12	64
20	12	141
20	12	108
20	12	24
20	12	25
20	12	83
20	12	26
20	12	54
20	12	28
20	12	29
20	12	95
20	12	34
20	75	82
20	13	0
20	13	1
20	13	2
20	13	3
20	13	139
20	13	6
20	13	8
20	13	11
20	13	97
20	13	163
20	13	38
20	13	12
20	13	13
20	13	63
20	13	39
20	13	41
20	13	17
20	13	51
20	13	58
20	13	18
20	13	21
20	13	115
20	13	22
20	13	90
20	13	146
20	13	43
20	13	24
20	13	25
20	13	120
20	13	109
20	13	26
20	13	91
20	13	27
20	13	30
20	13	32
20	13	33
20	13	60
20	13	34
20	13	86
20	40	67
20	15	72
20	15	6
20	15	7
20	15	11
20	15	41
20	15	58
20	15	43
20	15	34
20	16	12
20	16	27
20	16	68
20	41	30
20	17	0
20	17	1
20	17	3
20	17	161
20	17	113
20	17	73
20	17	62
20	17	6
20	17	8
20	17	128
20	17	50
20	17	163
20	17	107
20	17	92
20	17	203
20	17	18
20	17	19
20	17	20
20	17	131
20	17	100
20	17	23
20	17	43
20	17	82
20	17	176
20	17	120
20	17	109
20	17	83
20	17	45
20	17	91
20	17	29
20	17	30
20	17	33
20	17	95
20	17	60
20	17	47
20	17	34
20	17	86
20	51	13
20	58	8
20	58	63
20	58	59
20	58	204
20	18	3
20	18	161
20	18	71
20	18	5
20	18	8
20	18	10
20	18	11
20	18	163
20	18	12
20	18	89
20	18	16
20	18	17
20	18	24
20	18	26
20	18	54
20	18	91
20	18	27
20	18	29
20	18	30
20	18	68
20	18	95
20	80	0
20	80	115
20	19	0
20	19	4
20	19	6
20	19	8
20	19	11
20	19	12
20	19	41
20	19	17
20	19	58
20	19	21
20	19	133
20	19	43
20	19	109
20	19	33
20	19	34
20	19	102
20	20	165
20	20	60
20	20	47
20	21	0
20	21	113
20	21	73
20	21	6
20	21	8
20	21	163
20	21	13
20	21	15
20	21	41
20	21	133
20	21	43
20	21	45
20	21	172
20	21	30
20	21	86
20	99	104
20	99	0
20	131	17
20	22	13
20	141	4
20	23	40
20	42	141
20	43	6
20	43	41
20	43	17
20	43	109
20	43	45
20	43	91
20	43	102
20	24	0
20	24	1
20	24	2
20	24	3
20	24	71
20	24	4
20	24	206
20	24	7
20	24	8
20	24	12
20	24	13
20	24	15
20	24	16
20	24	17
20	24	123
20	24	18
20	24	19
20	24	21
20	24	25
20	24	59
20	24	26
20	24	28
20	24	29
20	24	30
20	24	31
20	24	34
20	24	86
20	25	4
20	25	8
20	25	60
20	25	34
20	59	107
20	59	108
20	59	134
20	59	210
20	59	205
20	45	30
20	26	6
20	26	7
20	26	69
20	54	104
20	28	105
20	28	72
20	28	4
20	28	5
20	28	8
20	28	12
20	28	19
20	28	64
20	28	21
20	28	24
20	28	91
20	28	143
20	28	48
20	28	34
20	28	102
20	29	10
20	29	115
20	29	91
20	29	136
20	30	0
20	30	1
20	30	3
20	30	139
20	30	5
20	30	6
20	30	15
20	30	41
20	30	18
20	30	42
20	30	43
20	30	109
20	30	45
20	30	134
20	30	34
20	30	102
20	111	152
20	68	7
20	68	26
20	31	2
20	31	71
20	31	57
20	32	4
20	32	38
20	32	13
20	32	25
20	32	31
20	84	86
20	33	13
20	33	15
20	33	41
20	33	19
20	33	159
20	33	141
20	33	133
20	33	43
20	33	91
20	33	30
20	33	102
20	94	48
20	143	0
20	95	120
20	69	8
20	69	92
20	69	203
20	69	80
20	69	143
20	47	165
20	47	213
20	48	104
20	34	116
20	34	137
20	34	0
20	34	37
20	34	1
20	34	2
20	34	3
20	34	49
20	34	113
20	34	76
20	34	144
20	34	185
20	34	87
20	34	73
20	34	125
20	34	4
20	34	5
20	34	62
20	34	6
20	34	79
20	34	74
20	34	7
20	34	8
20	34	9
20	34	128
20	34	11
20	34	163
20	34	12
20	34	13
20	34	89
20	34	180
20	34	40
20	34	130
20	34	15
20	34	16
20	34	41
20	34	17
20	34	51
20	34	123
20	34	58
20	34	18
20	34	106
20	34	19
20	34	21
20	34	99
20	34	65
20	34	23
20	34	42
20	34	43
20	34	82
20	34	24
20	34	25
20	34	59
20	34	109
20	34	44
20	34	83
20	34	45
20	34	212
20	34	26
20	34	91
20	34	28
20	34	29
20	34	30
20	34	67
20	34	167
20	34	68
20	34	32
20	34	33
20	34	85
20	34	95
20	34	69
20	34	48
20	34	189
20	34	35
20	34	102
20	34	86
20	102	41
20	102	181
20	136	113
20	86	104
20	86	0
20	86	113
20	86	73
20	86	77
20	86	4
20	86	78
20	86	56
20	86	150
20	86	63
20	86	39
20	86	17
20	86	20
20	86	140
20	86	52
20	86	101
20	86	124
20	86	81
20	86	91
20	86	84
20	86	60
20	86	47
20	86	70
20	86	103
21	0	2
21	0	113
21	0	6
21	0	119
21	0	10
21	0	163
21	0	12
21	0	41
21	0	92
21	0	203
21	0	20
21	0	115
21	0	25
21	0	120
21	0	91
21	0	29
21	0	172
21	0	143
21	0	95
21	0	34
21	0	136
21	37	155
21	37	168
21	105	89
21	1	4
21	1	107
21	1	41
21	1	133
21	1	43
21	1	59
21	1	214
21	1	205
21	2	1
21	2	6
21	2	7
21	2	8
21	2	38
21	2	18
21	2	19
21	2	24
21	2	30
21	3	2
21	3	4
21	3	5
21	3	6
21	3	7
21	3	8
21	3	9
21	3	10
21	3	11
21	3	12
21	3	13
21	3	57
21	3	16
21	3	17
21	3	51
21	3	18
21	3	19
21	3	64
21	3	21
21	3	22
21	3	65
21	3	186
21	3	82
21	3	24
21	3	26
21	3	54
21	3	28
21	3	29
21	3	68
21	3	31
21	3	32
21	3	33
21	3	95
21	3	69
21	3	34
21	3	102
21	49	20
21	49	24
21	113	29
21	76	34
21	72	28
21	144	40
21	73	104
21	73	1
21	73	87
21	73	83
21	73	155
21	4	1
21	4	2
21	4	3
21	4	11
21	4	12
21	4	15
21	4	28
21	4	34
21	5	2
21	5	3
21	5	73
21	5	6
21	5	8
21	5	12
21	5	16
21	5	18
21	5	22
21	5	109
21	5	30
21	5	102
21	5	86
21	6	37
21	6	105
21	6	1
21	6	2
21	6	3
21	6	161
21	6	113
21	6	73
21	6	4
21	6	5
21	6	6
21	6	56
21	6	119
21	6	79
21	6	7
21	6	8
21	6	151
21	6	10
21	6	11
21	6	97
21	6	163
21	6	12
21	6	13
21	6	40
21	6	15
21	6	41
21	6	17
21	6	92
21	6	58
21	6	18
21	6	19
21	6	21
21	6	115
21	6	141
21	6	133
21	6	43
21	6	81
21	6	24
21	6	25
21	6	109
21	6	83
21	6	26
21	6	28
21	6	29
21	6	172
21	6	30
21	6	32
21	6	33
21	6	69
21	6	47
21	6	34
21	6	102
21	6	86
21	6	70
21	79	35
21	74	126
21	145	24
21	7	2
21	7	8
21	7	57
21	7	24
21	7	68
21	8	0
21	8	37
21	8	1
21	8	2
21	8	3
21	8	73
21	8	4
21	8	5
21	8	62
21	8	6
21	8	79
21	8	145
21	8	7
21	8	9
21	8	50
21	8	10
21	8	11
21	8	97
21	8	38
21	8	12
21	8	13
21	8	63
21	8	89
21	8	57
21	8	16
21	8	41
21	8	17
21	8	51
21	8	58
21	8	18
21	8	19
21	8	64
21	8	21
21	8	115
21	8	90
21	8	65
21	8	23
21	8	132
21	8	43
21	8	24
21	8	25
21	8	83
21	8	26
21	8	54
21	8	27
21	8	28
21	8	29
21	8	30
21	8	111
21	8	68
21	8	31
21	8	32
21	8	33
21	8	69
21	8	34
21	8	102
21	8	86
21	9	24
21	128	44
21	10	172
21	11	104
21	11	0
21	11	1
21	11	142
21	11	12
21	11	18
21	11	24
21	11	54
21	11	33
21	11	34
21	97	24
21	97	25
21	38	65
21	38	24
21	38	32
21	107	201
21	12	0
21	12	3
21	12	142
21	12	4
21	12	5
21	12	6
21	12	88
21	12	147
21	12	7
21	12	8
21	12	11
21	12	12
21	12	13
21	12	16
21	12	41
21	12	18
21	12	24
21	12	83
21	12	26
21	12	54
21	12	27
21	12	28
21	12	29
21	12	95
21	12	69
21	12	34
21	12	86
21	13	0
21	13	1
21	13	2
21	13	3
21	13	49
21	13	73
21	13	4
21	13	5
21	13	6
21	13	7
21	13	8
21	13	11
21	13	12
21	13	75
21	13	130
21	13	15
21	13	16
21	13	17
21	13	51
21	13	58
21	13	18
21	13	64
21	13	21
21	13	131
21	13	90
21	13	100
21	13	146
21	13	43
21	13	82
21	13	24
21	13	25
21	13	59
21	13	120
21	13	26
21	13	28
21	13	172
21	13	30
21	13	32
21	13	33
21	13	69
21	13	34
21	89	24
21	40	144
21	15	5
21	15	6
21	15	11
21	15	38
21	15	107
21	15	41
21	15	19
21	15	24
21	15	28
21	15	34
21	57	24
21	16	24
21	16	27
21	41	6
21	41	12
21	41	53
21	41	215
21	17	0
21	17	3
21	17	161
21	17	6
21	17	151
21	17	11
21	17	163
21	17	107
21	17	13
21	17	63
21	17	15
21	17	41
21	17	92
21	17	18
21	17	20
21	17	115
21	17	131
21	17	23
21	17	43
21	17	176
21	17	120
21	17	109
21	17	45
21	17	29
21	17	30
21	17	95
21	17	69
21	17	47
21	17	168
21	17	34
21	17	136
21	17	86
21	51	13
21	51	24
21	51	29
21	92	105
21	58	2
21	58	6
21	58	8
21	58	204
21	58	102
21	18	3
21	18	4
21	18	5
21	18	6
21	18	8
21	18	151
21	18	11
21	18	12
21	18	57
21	18	22
21	18	24
21	18	26
21	18	27
21	18	28
21	18	29
21	18	30
21	18	68
21	18	95
21	18	86
21	80	115
21	19	4
21	19	6
21	19	8
21	19	12
21	19	13
21	19	41
21	19	17
21	19	58
21	19	21
21	19	133
21	19	43
21	19	24
21	19	109
21	19	45
21	19	28
21	19	30
21	19	33
21	19	34
21	64	8
21	20	165
21	20	47
21	21	0
21	21	161
21	21	6
21	21	8
21	21	13
21	21	41
21	21	133
21	21	33
21	115	0
21	22	24
21	22	28
21	90	24
21	65	22
21	65	24
21	23	34
21	146	24
21	42	141
21	43	1
21	43	12
21	43	63
21	43	41
21	43	133
21	43	30
21	43	60
21	43	102
21	81	104
21	24	104
21	24	0
21	24	1
21	24	2
21	24	3
21	24	49
21	24	4
21	24	5
21	24	145
21	24	7
21	24	8
21	24	9
21	24	11
21	24	97
21	24	38
21	24	12
21	24	13
21	24	129
21	24	89
21	24	15
21	24	57
21	24	16
21	24	51
21	24	58
21	24	18
21	24	19
21	24	21
21	24	22
21	24	90
21	24	65
21	24	146
21	24	43
21	24	25
21	24	59
21	24	26
21	24	54
21	24	27
21	24	165
21	24	29
21	24	30
21	24	68
21	24	31
21	24	32
21	24	33
21	24	95
21	24	69
21	24	34
21	24	86
21	25	8
21	25	60
21	59	107
21	59	108
21	59	205
21	109	172
21	26	49
21	26	7
21	26	8
21	26	151
21	26	24
21	26	34
21	54	104
21	54	194
21	54	101
21	54	24
21	91	136
21	27	16
21	27	24
21	28	37
21	28	49
21	28	72
21	28	73
21	28	4
21	28	5
21	28	7
21	28	8
21	28	12
21	28	17
21	28	64
21	28	21
21	28	25
21	28	28
21	28	48
21	28	34
21	28	102
21	29	0
21	29	203
21	29	115
21	30	0
21	30	15
21	30	41
21	30	19
21	30	133
21	30	42
21	30	43
21	30	109
21	30	45
21	30	33
21	30	102
21	68	24
21	31	24
21	32	0
21	32	4
21	32	38
21	32	24
21	33	6
21	33	15
21	33	41
21	33	19
21	33	181
21	33	159
21	33	133
21	33	43
21	33	30
21	85	121
21	95	173
21	69	55
21	69	161
21	69	113
21	69	10
21	69	203
21	69	58
21	69	98
21	69	120
21	47	165
21	47	213
21	34	0
21	34	37
21	34	121
21	34	1
21	34	2
21	34	55
21	34	3
21	34	161
21	34	113
21	34	76
21	34	144
21	34	185
21	34	87
21	34	73
21	34	125
21	34	4
21	34	5
21	34	62
21	34	6
21	34	79
21	34	74
21	34	7
21	34	8
21	34	9
21	34	128
21	34	11
21	34	97
21	34	163
21	34	12
21	34	13
21	34	89
21	34	180
21	34	40
21	34	130
21	34	15
21	34	196
21	34	16
21	34	41
21	34	17
21	34	51
21	34	123
21	34	58
21	34	18
21	34	106
21	34	19
21	34	21
21	34	115
21	34	183
21	34	22
21	34	65
21	34	100
21	34	23
21	34	146
21	34	43
21	34	126
21	34	24
21	34	25
21	34	59
21	34	109
21	34	44
21	34	83
21	34	45
21	34	26
21	34	155
21	34	28
21	34	29
21	34	30
21	34	68
21	34	31
21	34	216
21	34	85
21	34	95
21	34	69
21	34	48
21	34	35
21	34	102
21	34	86
21	102	41
21	86	104
21	86	0
21	86	73
21	86	77
21	86	6
21	86	20
21	86	140
21	86	52
21	86	101
21	86	124
21	86	81
21	86	84
21	86	60
21	86	70
21	86	103
21	70	56
22	116	172
22	138	63
22	0	137
22	0	1
22	0	161
22	0	113
22	0	4
22	0	147
22	0	150
22	0	10
22	0	163
22	0	13
22	0	203
22	0	20
22	0	115
22	0	99
22	0	131
22	0	184
22	0	120
22	0	172
22	0	47
22	0	34
22	0	86
22	0	70
22	1	6
22	1	43
22	1	59
22	1	45
22	1	69
22	1	205
22	2	73
22	2	5
22	2	6
22	2	8
22	2	15
22	2	58
22	2	18
22	2	19
22	2	21
22	2	65
22	2	24
22	2	26
22	2	27
22	2	68
22	2	31
22	2	95
22	2	34
22	3	0
22	3	1
22	3	2
22	3	5
22	3	6
22	3	7
22	3	8
22	3	11
22	3	38
22	3	12
22	3	13
22	3	89
22	3	15
22	3	16
22	3	17
22	3	58
22	3	18
22	3	64
22	3	21
22	3	115
22	3	22
22	3	90
22	3	65
22	3	141
22	3	24
22	3	25
22	3	26
22	3	54
22	3	27
22	3	28
22	3	30
22	3	68
22	3	31
22	3	32
22	3	33
22	3	143
22	3	69
22	3	48
22	3	34
22	3	102
22	61	52
22	72	22
22	72	28
22	73	1
22	73	87
22	73	18
22	73	131
22	73	83
22	73	155
22	4	37
22	4	1
22	4	62
22	4	6
22	4	157
22	4	8
22	4	12
22	4	15
22	4	17
22	4	80
22	4	21
22	4	34
22	4	102
22	5	0
22	5	2
22	5	73
22	5	8
22	5	12
22	5	59
22	5	33
22	6	0
22	6	37
22	6	1
22	6	3
22	6	73
22	6	4
22	6	5
22	6	88
22	6	79
22	6	8
22	6	50
22	6	11
22	6	97
22	6	163
22	6	12
22	6	13
22	6	129
22	6	15
22	6	41
22	6	17
22	6	92
22	6	58
22	6	18
22	6	19
22	6	64
22	6	21
22	6	141
22	6	133
22	6	43
22	6	82
22	6	24
22	6	25
22	6	59
22	6	109
22	6	26
22	6	28
22	6	29
22	6	30
22	6	135
22	6	33
22	6	94
22	6	69
22	6	60
22	6	47
22	6	34
22	6	102
22	6	86
22	6	70
22	7	97
22	7	13
22	7	24
22	7	68
22	8	0
22	8	37
22	8	1
22	8	2
22	8	3
22	8	73
22	8	4
22	8	5
22	8	62
22	8	6
22	8	79
22	8	7
22	8	9
22	8	50
22	8	11
22	8	97
22	8	38
22	8	12
22	8	75
22	8	13
22	8	89
22	8	57
22	8	16
22	8	17
22	8	58
22	8	18
22	8	80
22	8	19
22	8	64
22	8	21
22	8	115
22	8	99
22	8	90
22	8	65
22	8	42
22	8	43
22	8	24
22	8	25
22	8	26
22	8	54
22	8	27
22	8	28
22	8	29
22	8	30
22	8	111
22	8	68
22	8	31
22	8	32
22	8	33
22	8	85
22	8	95
22	8	69
22	8	48
22	8	34
22	8	86
22	9	8
22	9	21
22	9	24
22	9	54
22	9	33
22	10	172
22	11	142
22	11	50
22	11	18
22	11	24
22	11	54
22	11	33
22	11	95
22	38	24
22	38	32
22	12	0
22	12	2
22	12	3
22	12	142
22	12	4
22	12	5
22	12	6
22	12	7
22	12	8
22	12	122
22	12	11
22	12	163
22	12	13
22	12	18
22	12	64
22	12	100
22	12	24
22	12	25
22	12	59
22	12	26
22	12	54
22	12	28
22	12	29
22	12	46
22	12	95
22	12	69
22	12	34
22	75	12
22	75	86
22	13	0
22	13	2
22	13	3
22	13	49
22	13	4
22	13	5
22	13	6
22	13	145
22	13	8
22	13	122
22	13	9
22	13	11
22	13	97
22	13	38
22	13	107
22	13	12
22	13	89
22	13	180
22	13	15
22	13	16
22	13	17
22	13	51
22	13	92
22	13	123
22	13	58
22	13	18
22	13	19
22	13	21
22	13	22
22	13	100
22	13	146
22	13	42
22	13	124
22	13	24
22	13	25
22	13	83
22	13	45
22	13	26
22	13	27
22	13	28
22	13	30
22	13	68
22	13	32
22	13	33
22	13	69
22	13	34
22	15	6
22	15	13
22	15	41
22	15	181
22	15	34
22	16	24
22	41	25
22	41	47
22	17	0
22	17	161
22	17	6
22	17	79
22	17	74
22	17	11
22	17	163
22	17	107
22	17	13
22	17	41
22	17	92
22	17	18
22	17	20
22	17	115
22	17	131
22	17	100
22	17	133
22	17	43
22	17	82
22	17	176
22	17	59
22	17	120
22	17	109
22	17	45
22	17	29
22	17	46
22	17	30
22	17	111
22	17	112
22	17	33
22	17	95
22	17	47
22	17	34
22	17	86
22	51	24
22	92	105
22	58	6
22	58	13
22	58	63
22	58	24
22	58	204
22	58	34
22	58	102
22	18	5
22	18	6
22	18	145
22	18	8
22	18	151
22	18	11
22	18	97
22	18	57
22	18	92
22	18	22
22	18	24
22	18	26
22	18	27
22	18	28
22	18	29
22	18	68
22	18	31
22	18	95
22	19	3
22	19	6
22	19	8
22	19	12
22	19	41
22	19	18
22	19	21
22	19	141
22	19	43
22	19	24
22	19	109
22	19	45
22	19	26
22	19	30
22	19	33
22	19	34
22	64	28
22	20	165
22	20	60
22	20	47
22	21	73
22	21	6
22	21	15
22	21	41
22	21	17
22	21	43
22	21	109
22	21	45
22	21	33
22	22	24
22	90	24
22	65	18
22	23	144
22	23	34
22	146	24
22	42	141
22	43	161
22	43	41
22	43	30
22	43	102
22	81	104
22	82	142
22	82	66
22	24	0
22	24	1
22	24	2
22	24	49
22	24	4
22	24	6
22	24	145
22	24	8
22	24	9
22	24	151
22	24	11
22	24	38
22	24	12
22	24	13
22	24	15
22	24	57
22	24	16
22	24	51
22	24	58
22	24	18
22	24	19
22	24	21
22	24	22
22	24	90
22	24	146
22	24	25
22	24	59
22	24	26
22	24	27
22	24	29
22	24	30
22	24	68
22	24	31
22	24	32
22	24	33
22	24	85
22	24	69
22	24	34
22	24	86
22	25	7
22	25	8
22	25	17
22	59	107
22	59	198
22	109	12
22	109	13
22	45	6
22	26	5
22	26	7
22	26	22
22	26	24
22	26	27
22	54	104
22	54	5
22	54	174
22	54	7
22	54	194
22	54	24
22	54	25
22	54	193
22	27	24
22	28	37
22	28	4
22	28	5
22	28	8
22	28	12
22	28	64
22	28	21
22	28	34
22	28	102
22	29	63
22	30	139
22	30	6
22	30	41
22	30	133
22	30	43
22	30	33
22	30	34
22	30	102
22	68	24
22	31	24
22	32	38
22	32	13
22	32	24
22	84	0
22	135	61
22	33	87
22	33	15
22	33	41
22	33	17
22	33	159
22	33	141
22	33	133
22	33	43
22	33	30
22	33	33
22	95	56
22	69	145
22	69	10
22	69	14
22	60	147
22	47	165
22	47	213
22	47	86
22	34	0
22	34	37
22	34	1
22	34	2
22	34	3
22	34	49
22	34	76
22	34	144
22	34	185
22	34	73
22	34	125
22	34	4
22	34	5
22	34	62
22	34	6
22	34	79
22	34	174
22	34	74
22	34	206
22	34	7
22	34	8
22	34	122
22	34	128
22	34	50
22	34	11
22	34	97
22	34	163
22	34	38
22	34	12
22	34	13
22	34	89
22	34	180
22	34	40
22	34	130
22	34	15
22	34	162
22	34	16
22	34	17
22	34	51
22	34	123
22	34	58
22	34	18
22	34	106
22	34	19
22	34	64
22	34	21
22	34	99
22	34	131
22	34	23
22	34	217
22	34	43
22	34	82
22	34	24
22	34	25
22	34	59
22	34	109
22	34	83
22	34	45
22	34	26
22	34	91
22	34	28
22	34	29
22	34	30
22	34	167
22	34	68
22	34	31
22	34	169
22	34	33
22	34	85
22	34	95
22	34	69
22	34	48
22	34	168
22	34	35
22	34	102
22	34	86
22	102	133
22	86	1
22	86	77
22	86	56
22	86	7
22	86	163
22	86	18
22	86	20
22	86	199
22	86	140
22	86	101
22	86	81
22	86	28
22	86	84
22	86	169
22	86	60
22	86	70
22	86	103
23	0	163
23	0	12
23	0	13
23	0	17
23	0	203
23	0	20
23	0	43
23	0	24
23	0	120
23	0	28
23	0	34
23	1	4
23	1	107
23	1	13
23	1	41
23	1	43
23	1	59
23	1	34
23	1	86
23	2	1
23	2	49
23	2	5
23	2	8
23	2	9
23	2	13
23	2	17
23	2	92
23	2	58
23	2	18
23	2	19
23	2	21
23	2	124
23	2	26
23	2	27
23	2	30
23	2	68
23	2	31
23	2	95
23	2	34
23	2	35
23	3	0
23	3	1
23	3	2
23	3	71
23	3	72
23	3	73
23	3	5
23	3	6
23	3	78
23	3	7
23	3	8
23	3	9
23	3	151
23	3	10
23	3	11
23	3	97
23	3	12
23	3	13
23	3	89
23	3	15
23	3	16
23	3	17
23	3	58
23	3	18
23	3	19
23	3	21
23	3	115
23	3	22
23	3	90
23	3	65
23	3	100
23	3	175
23	3	24
23	3	25
23	3	26
23	3	54
23	3	27
23	3	28
23	3	30
23	3	68
23	3	31
23	3	32
23	3	33
23	3	69
23	3	34
23	3	102
23	72	28
23	73	30
23	4	37
23	4	6
23	4	12
23	4	13
23	4	15
23	4	18
23	4	19
23	4	21
23	4	28
23	4	207
23	4	34
23	4	86
23	5	0
23	5	2
23	5	3
23	5	8
23	5	22
23	62	151
23	6	37
23	6	3
23	6	87
23	6	73
23	6	139
23	6	4
23	6	5
23	6	6
23	6	79
23	6	8
23	6	50
23	6	11
23	6	97
23	6	163
23	6	12
23	6	13
23	6	15
23	6	16
23	6	41
23	6	17
23	6	92
23	6	58
23	6	18
23	6	80
23	6	19
23	6	64
23	6	21
23	6	141
23	6	133
23	6	101
23	6	43
23	6	24
23	6	25
23	6	120
23	6	109
23	6	83
23	6	212
23	6	26
23	6	28
23	6	30
23	6	33
23	6	94
23	6	95
23	6	69
23	6	48
23	6	34
23	6	86
23	79	67
23	147	141
23	148	4
23	7	26
23	7	68
23	8	37
23	8	1
23	8	2
23	8	3
23	8	72
23	8	73
23	8	4
23	8	5
23	8	62
23	8	6
23	8	79
23	8	7
23	8	9
23	8	151
23	8	10
23	8	11
23	8	97
23	8	38
23	8	12
23	8	13
23	8	89
23	8	57
23	8	16
23	8	41
23	8	17
23	8	58
23	8	18
23	8	19
23	8	64
23	8	98
23	8	21
23	8	115
23	8	22
23	8	90
23	8	65
23	8	100
23	8	133
23	8	126
23	8	24
23	8	25
23	8	59
23	8	120
23	8	83
23	8	26
23	8	54
23	8	91
23	8	27
23	8	28
23	8	29
23	8	30
23	8	68
23	8	31
23	8	32
23	8	33
23	8	85
23	8	95
23	8	69
23	8	60
23	8	168
23	8	34
23	8	86
23	9	0
23	9	190
23	9	24
23	9	25
23	10	0
23	11	73
23	11	8
23	11	151
23	11	12
23	11	13
23	11	18
23	11	24
23	11	54
23	11	28
23	11	33
23	38	24
23	12	2
23	12	3
23	12	72
23	12	73
23	12	4
23	12	5
23	12	6
23	12	79
23	12	7
23	12	8
23	12	122
23	12	11
23	12	12
23	12	13
23	12	17
23	12	18
23	12	19
23	12	64
23	12	21
23	12	90
23	12	100
23	12	141
23	12	108
23	12	25
23	12	26
23	12	54
23	12	28
23	12	29
23	12	30
23	12	171
23	12	95
23	12	34
23	12	86
23	13	104
23	13	0
23	13	2
23	13	3
23	13	49
23	13	72
23	13	5
23	13	6
23	13	145
23	13	7
23	13	8
23	13	11
23	13	97
23	13	12
23	13	63
23	13	16
23	13	17
23	13	51
23	13	58
23	13	18
23	13	19
23	13	64
23	13	21
23	13	90
23	13	146
23	13	24
23	13	25
23	13	120
23	13	45
23	13	26
23	13	27
23	13	30
23	13	32
23	13	69
23	13	34
23	89	18
23	89	146
23	40	50
23	15	6
23	15	131
23	15	34
23	16	18
23	41	62
23	41	174
23	41	215
23	17	0
23	17	3
23	17	161
23	17	113
23	17	6
23	17	74
23	17	8
23	17	151
23	17	163
23	17	13
23	17	41
23	17	203
23	17	18
23	17	20
23	17	21
23	17	131
23	17	184
23	17	133
23	17	101
23	17	43
23	17	176
23	17	120
23	17	109
23	17	45
23	17	29
23	17	30
23	17	67
23	17	33
23	17	95
23	17	69
23	17	47
23	17	34
23	17	102
23	17	70
23	51	3
23	51	109
23	58	6
23	58	34
23	18	3
23	18	145
23	18	8
23	18	11
23	18	12
23	18	13
23	18	57
23	18	20
23	18	184
23	18	26
23	18	54
23	18	27
23	18	28
23	18	29
23	18	68
23	18	31
23	18	86
23	19	3
23	19	5
23	19	6
23	19	8
23	19	12
23	19	41
23	19	17
23	19	92
23	19	18
23	19	21
23	19	43
23	19	24
23	19	109
23	19	45
23	19	28
23	19	29
23	19	33
23	19	34
23	64	28
23	20	47
23	21	1
23	21	6
23	21	7
23	21	15
23	21	41
23	21	131
23	21	91
23	21	30
23	21	33
23	115	120
23	23	151
23	23	24
23	23	34
23	52	86
23	42	141
23	43	1
23	43	139
23	43	45
23	43	30
23	43	34
23	81	86
23	82	142
23	82	66
23	24	0
23	24	1
23	24	2
23	24	113
23	24	4
23	24	5
23	24	6
23	24	145
23	24	8
23	24	12
23	24	13
23	24	15
23	24	57
23	24	58
23	24	19
23	24	21
23	24	90
23	24	65
23	24	42
23	24	43
23	24	25
23	24	59
23	24	30
23	24	31
23	24	34
23	24	86
23	25	4
23	25	8
23	25	9
23	25	11
23	25	26
23	25	34
23	59	107
23	59	198
23	59	205
23	45	30
23	26	4
23	26	7
23	26	8
23	26	97
23	26	27
23	26	28
23	54	104
23	54	5
23	54	174
23	54	11
23	28	2
23	28	72
23	28	4
23	28	5
23	28	6
23	28	79
23	28	8
23	28	12
23	28	13
23	28	17
23	28	19
23	28	64
23	28	21
23	28	25
23	28	26
23	28	69
23	28	34
23	28	200
23	46	186
23	30	1
23	30	6
23	30	119
23	30	41
23	30	133
23	30	43
23	30	45
23	30	33
23	30	34
23	30	102
23	68	7
23	32	9
23	32	38
23	32	24
23	33	15
23	33	41
23	33	19
23	33	181
23	33	159
23	33	133
23	33	43
23	33	30
23	149	66
23	85	189
23	95	173
23	69	55
23	69	161
23	69	14
23	69	92
23	69	94
23	34	116
23	34	0
23	34	37
23	34	1
23	34	2
23	34	3
23	34	49
23	34	113
23	34	76
23	34	144
23	34	185
23	34	73
23	34	125
23	34	4
23	34	5
23	34	62
23	34	6
23	34	78
23	34	179
23	34	79
23	34	74
23	34	206
23	34	7
23	34	8
23	34	9
23	34	128
23	34	151
23	34	50
23	34	11
23	34	97
23	34	38
23	34	12
23	34	13
23	34	63
23	34	89
23	34	180
23	34	40
23	34	130
23	34	15
23	34	162
23	34	196
23	34	16
23	34	41
23	34	17
23	34	51
23	34	58
23	34	18
23	34	106
23	34	80
23	34	19
23	34	21
23	34	115
23	34	99
23	34	131
23	34	90
23	34	65
23	34	23
23	34	153
23	34	146
23	34	133
23	34	43
23	34	24
23	34	25
23	34	59
23	34	120
23	34	44
23	34	83
23	34	45
23	34	212
23	34	26
23	34	91
23	34	28
23	34	29
23	34	30
23	34	68
23	34	31
23	34	32
23	34	33
23	34	85
23	34	95
23	34	69
23	34	48
23	34	168
23	34	35
23	34	102
23	34	86
23	102	8
23	86	73
23	86	77
23	86	4
23	86	56
23	86	163
23	86	63
23	86	18
23	86	20
23	86	140
23	86	52
23	86	101
23	86	124
23	86	81
23	86	54
23	86	165
23	86	84
23	86	60
23	86	70
23	86	103
24	0	113
24	0	56
24	0	119
24	0	12
24	0	203
24	0	80
24	0	20
24	0	120
24	0	27
24	0	165
24	0	172
24	1	201
24	1	43
24	1	59
24	1	53
24	1	214
24	1	215
24	2	1
24	2	73
24	2	6
24	2	8
24	2	12
24	2	13
24	2	17
24	2	58
24	2	19
24	2	21
24	2	22
24	2	43
24	2	24
24	2	26
24	2	27
24	2	30
24	2	68
24	2	31
24	2	95
24	2	69
24	2	34
24	2	102
24	3	0
24	3	37
24	3	1
24	3	2
24	3	73
24	3	5
24	3	6
24	3	7
24	3	8
24	3	9
24	3	11
24	3	38
24	3	12
24	3	13
24	3	89
24	3	15
24	3	16
24	3	58
24	3	18
24	3	19
24	3	21
24	3	22
24	3	65
24	3	24
24	3	26
24	3	54
24	3	28
24	3	30
24	3	68
24	3	31
24	3	32
24	3	33
24	3	69
24	3	34
24	3	200
24	72	28
24	73	87
24	73	30
24	77	81
24	4	185
24	4	6
24	4	12
24	4	19
24	4	21
24	4	30
24	4	34
24	5	2
24	5	6
24	5	7
24	5	8
24	5	12
24	5	16
24	5	17
24	5	65
24	5	59
24	5	26
24	5	29
24	5	68
24	6	104
24	6	0
24	6	2
24	6	55
24	6	127
24	6	3
24	6	73
24	6	139
24	6	4
24	6	5
24	6	6
24	6	78
24	6	79
24	6	7
24	6	8
24	6	50
24	6	11
24	6	12
24	6	13
24	6	129
24	6	15
24	6	41
24	6	17
24	6	92
24	6	58
24	6	18
24	6	19
24	6	181
24	6	21
24	6	133
24	6	101
24	6	42
24	6	43
24	6	24
24	6	25
24	6	176
24	6	59
24	6	120
24	6	26
24	6	28
24	6	165
24	6	29
24	6	172
24	6	30
24	6	135
24	6	33
24	6	69
24	6	34
24	6	102
24	6	86
24	74	128
24	7	8
24	7	19
24	7	111
24	7	68
24	8	1
24	8	2
24	8	3
24	8	49
24	8	73
24	8	77
24	8	4
24	8	5
24	8	62
24	8	6
24	8	79
24	8	145
24	8	7
24	8	9
24	8	11
24	8	38
24	8	12
24	8	13
24	8	89
24	8	16
24	8	41
24	8	17
24	8	58
24	8	18
24	8	19
24	8	98
24	8	21
24	8	115
24	8	90
24	8	65
24	8	100
24	8	146
24	8	24
24	8	25
24	8	59
24	8	120
24	8	109
24	8	26
24	8	54
24	8	27
24	8	28
24	8	29
24	8	46
24	8	30
24	8	68
24	8	31
24	8	32
24	8	95
24	8	69
24	8	168
24	8	34
24	8	200
24	8	102
24	8	86
24	150	17
24	9	100
24	9	24
24	9	25
24	128	196
24	10	29
24	10	172
24	11	73
24	11	8
24	11	12
24	11	13
24	11	18
24	11	100
24	11	126
24	11	24
24	11	26
24	11	54
24	11	29
24	11	33
24	97	133
24	97	26
24	38	133
24	38	24
24	38	29
24	12	0
24	12	2
24	12	3
24	12	4
24	12	5
24	12	6
24	12	7
24	12	8
24	12	122
24	12	11
24	12	12
24	12	13
24	12	18
24	12	21
24	12	90
24	12	141
24	12	24
24	12	25
24	12	109
24	12	26
24	12	54
24	12	134
24	12	91
24	12	28
24	12	29
24	12	46
24	12	30
24	12	31
24	12	95
24	12	69
24	12	34
24	13	0
24	13	2
24	13	3
24	13	113
24	13	71
24	13	4
24	13	5
24	13	6
24	13	145
24	13	7
24	13	8
24	13	9
24	13	11
24	13	12
24	13	14
24	13	17
24	13	51
24	13	58
24	13	18
24	13	21
24	13	100
24	13	23
24	13	146
24	13	217
24	13	59
24	13	45
24	13	54
24	13	27
24	13	28
24	13	29
24	13	30
24	13	111
24	13	31
24	13	32
24	13	33
24	13	34
24	13	86
24	40	23
24	15	6
24	15	128
24	15	107
24	15	17
24	15	19
24	15	181
24	15	21
24	15	34
24	16	27
24	41	3
24	41	6
24	41	30
24	17	0
24	17	37
24	17	2
24	17	3
24	17	161
24	17	113
24	17	191
24	17	77
24	17	62
24	17	6
24	17	8
24	17	10
24	17	11
24	17	107
24	17	63
24	17	41
24	17	92
24	17	58
24	17	18
24	17	20
24	17	115
24	17	131
24	17	184
24	17	133
24	17	43
24	17	82
24	17	176
24	17	120
24	17	109
24	17	83
24	17	45
24	17	29
24	17	172
24	17	111
24	17	33
24	17	95
24	17	69
24	17	47
24	17	48
24	17	34
24	17	102
24	17	70
24	51	13
24	92	203
24	58	6
24	58	13
24	58	204
24	58	34
24	18	0
24	18	5
24	18	7
24	18	8
24	18	151
24	18	11
24	18	38
24	18	12
24	18	89
24	18	57
24	18	92
24	18	24
24	18	26
24	18	27
24	18	28
24	18	29
24	18	30
24	18	31
24	18	95
24	18	34
24	18	86
24	19	2
24	19	4
24	19	6
24	19	8
24	19	12
24	19	13
24	19	41
24	19	58
24	19	21
24	19	43
24	19	24
24	19	109
24	19	45
24	19	28
24	19	30
24	19	68
24	19	33
24	19	34
24	19	102
24	64	28
24	20	127
24	20	47
24	21	1
24	21	6
24	21	8
24	21	15
24	21	41
24	21	43
24	21	59
24	21	30
24	21	33
24	115	29
24	90	89
24	90	120
24	100	186
24	141	147
24	23	40
24	23	34
24	42	141
24	43	15
24	43	41
24	43	133
24	43	53
24	43	102
24	82	86
24	24	0
24	24	1
24	24	2
24	24	3
24	24	49
24	24	4
24	24	5
24	24	6
24	24	206
24	24	145
24	24	8
24	24	11
24	24	97
24	24	38
24	24	12
24	24	13
24	24	15
24	24	57
24	24	16
24	24	17
24	24	51
24	24	58
24	24	18
24	24	19
24	24	21
24	24	115
24	24	22
24	24	90
24	24	146
24	24	42
24	24	25
24	24	59
24	24	26
24	24	54
24	24	27
24	24	29
24	24	30
24	24	111
24	24	68
24	24	31
24	24	33
24	24	85
24	24	95
24	24	34
24	24	86
24	25	4
24	59	8
24	59	107
24	59	214
24	59	198
24	59	205
24	109	137
24	109	8
24	44	40
24	45	19
24	26	5
24	26	7
24	26	11
24	26	19
24	26	24
24	26	27
24	54	104
24	54	174
24	91	172
24	28	2
24	28	3
24	28	72
24	28	4
24	28	5
24	28	6
24	28	8
24	28	12
24	28	13
24	28	17
24	28	58
24	28	64
24	28	21
24	28	26
24	28	30
24	28	111
24	28	34
24	28	200
24	29	10
24	29	89
24	29	80
24	29	115
24	29	172
24	30	3
24	30	6
24	30	12
24	30	41
24	30	17
24	30	131
24	30	184
24	30	43
24	30	45
24	30	29
24	30	33
24	30	34
24	30	102
24	68	7
24	68	26
24	31	71
24	31	4
24	31	58
24	31	111
24	32	9
24	32	38
24	32	24
24	32	25
24	33	6
24	33	15
24	33	41
24	33	19
24	33	20
24	33	181
24	33	159
24	33	141
24	33	133
24	33	43
24	33	30
24	33	34
24	33	102
24	143	69
24	95	8
24	69	0
24	69	161
24	69	17
24	69	92
24	69	172
24	69	111
24	69	112
24	48	59
24	34	116
24	34	0
24	34	37
24	34	105
24	34	1
24	34	2
24	34	3
24	34	49
24	34	76
24	34	72
24	34	144
24	34	185
24	34	87
24	34	73
24	34	125
24	34	4
24	34	5
24	34	62
24	34	6
24	34	79
24	34	74
24	34	206
24	34	145
24	34	7
24	34	8
24	34	128
24	34	50
24	34	11
24	34	97
24	34	38
24	34	12
24	34	13
24	34	89
24	34	180
24	34	40
24	34	130
24	34	15
24	34	196
24	34	16
24	34	41
24	34	17
24	34	51
24	34	58
24	34	18
24	34	106
24	34	80
24	34	19
24	34	64
24	34	21
24	34	115
24	34	100
24	34	23
24	34	217
24	34	43
24	34	82
24	34	24
24	34	25
24	34	59
24	34	83
24	34	45
24	34	26
24	34	54
24	34	155
24	34	91
24	34	28
24	34	29
24	34	30
24	34	31
24	34	32
24	34	169
24	34	33
24	34	85
24	34	95
24	34	69
24	34	48
24	34	200
24	34	35
24	34	102
24	34	86
24	102	33
24	86	77
24	86	56
24	86	20
24	86	140
24	86	52
24	86	101
24	86	124
24	86	81
24	86	82
24	86	84
24	86	60
24	86	47
24	86	70
24	86	103
24	103	86
25	0	137
25	0	1
25	0	78
25	0	119
25	0	147
25	0	15
25	0	92
25	0	203
25	0	24
25	0	120
25	0	29
25	0	34
25	37	8
25	1	0
25	1	4
25	1	107
25	1	43
25	1	59
25	1	53
25	2	4
25	2	5
25	2	6
25	2	78
25	2	8
25	2	11
25	2	97
25	2	12
25	2	17
25	2	58
25	2	19
25	2	21
25	2	22
25	2	65
25	2	43
25	2	24
25	2	27
25	2	28
25	2	30
25	2	31
25	2	32
25	2	95
25	2	34
25	2	35
25	3	1
25	3	2
25	3	73
25	3	4
25	3	5
25	3	6
25	3	7
25	3	8
25	3	9
25	3	11
25	3	12
25	3	13
25	3	89
25	3	40
25	3	15
25	3	16
25	3	58
25	3	18
25	3	19
25	3	21
25	3	22
25	3	90
25	3	65
25	3	175
25	3	146
25	3	43
25	3	24
25	3	25
25	3	26
25	3	54
25	3	28
25	3	30
25	3	111
25	3	31
25	3	32
25	3	33
25	3	69
25	3	34
25	3	102
25	49	89
25	49	24
25	49	111
25	73	87
25	73	4
25	73	30
25	4	3
25	4	73
25	4	4
25	4	8
25	4	11
25	4	12
25	4	17
25	4	34
25	5	6
25	5	88
25	5	8
25	5	13
25	5	16
25	5	18
25	5	29
25	5	31
25	62	1
25	6	104
25	6	0
25	6	1
25	6	2
25	6	3
25	6	73
25	6	4
25	6	5
25	6	6
25	6	79
25	6	8
25	6	50
25	6	10
25	6	11
25	6	97
25	6	163
25	6	107
25	6	12
25	6	13
25	6	15
25	6	41
25	6	17
25	6	58
25	6	18
25	6	19
25	6	181
25	6	21
25	6	115
25	6	159
25	6	199
25	6	22
25	6	133
25	6	42
25	6	43
25	6	24
25	6	25
25	6	120
25	6	45
25	6	53
25	6	26
25	6	155
25	6	28
25	6	165
25	6	29
25	6	30
25	6	135
25	6	95
25	6	69
25	6	60
25	6	47
25	6	34
25	6	102
25	6	86
25	6	103
25	79	62
25	7	97
25	7	57
25	7	159
25	7	24
25	7	28
25	7	111
25	7	68
25	8	0
25	8	1
25	8	2
25	8	3
25	8	73
25	8	4
25	8	5
25	8	62
25	8	6
25	8	79
25	8	7
25	8	9
25	8	50
25	8	10
25	8	11
25	8	97
25	8	38
25	8	12
25	8	13
25	8	89
25	8	162
25	8	57
25	8	16
25	8	41
25	8	17
25	8	123
25	8	58
25	8	18
25	8	80
25	8	19
25	8	21
25	8	115
25	8	90
25	8	65
25	8	100
25	8	175
25	8	146
25	8	81
25	8	24
25	8	25
25	8	120
25	8	83
25	8	26
25	8	54
25	8	27
25	8	28
25	8	29
25	8	46
25	8	30
25	8	111
25	8	68
25	8	31
25	8	32
25	8	69
25	8	48
25	8	34
25	8	86
25	9	24
25	10	29
25	10	46
25	11	5
25	11	174
25	11	157
25	11	8
25	11	12
25	11	18
25	11	24
25	11	54
25	11	27
25	11	29
25	11	33
25	97	133
25	38	24
25	38	29
25	12	37
25	12	1
25	12	3
25	12	72
25	12	73
25	12	4
25	12	5
25	12	6
25	12	79
25	12	7
25	12	8
25	12	122
25	12	11
25	12	12
25	12	13
25	12	89
25	12	58
25	12	18
25	12	19
25	12	21
25	12	115
25	12	90
25	12	100
25	12	175
25	12	141
25	12	66
25	12	24
25	12	25
25	12	59
25	12	26
25	12	54
25	12	28
25	12	29
25	12	30
25	12	111
25	12	68
25	12	31
25	12	95
25	12	69
25	12	34
25	13	104
25	13	0
25	13	1
25	13	2
25	13	3
25	13	4
25	13	5
25	13	6
25	13	8
25	13	9
25	13	11
25	13	38
25	13	218
25	13	12
25	13	13
25	13	63
25	13	57
25	13	17
25	13	51
25	13	18
25	13	19
25	13	20
25	13	21
25	13	90
25	13	65
25	13	175
25	13	146
25	13	24
25	13	26
25	13	91
25	13	27
25	13	29
25	13	30
25	13	111
25	13	31
25	13	32
25	13	33
25	13	95
25	13	69
25	13	34
25	13	103
25	14	17
25	63	86
25	89	49
25	89	24
25	89	33
25	15	4
25	15	13
25	15	17
25	15	58
25	15	21
25	15	24
25	15	34
25	57	31
25	16	24
25	16	27
25	41	3
25	41	19
25	41	30
25	41	33
25	41	34
25	17	104
25	17	0
25	17	55
25	17	161
25	17	49
25	17	113
25	17	191
25	17	77
25	17	6
25	17	78
25	17	10
25	17	96
25	17	11
25	17	163
25	17	38
25	17	13
25	17	63
25	17	41
25	17	58
25	17	18
25	17	20
25	17	115
25	17	99
25	17	199
25	17	131
25	17	23
25	17	66
25	17	82
25	17	176
25	17	59
25	17	120
25	17	109
25	17	45
25	17	29
25	17	30
25	17	111
25	17	33
25	17	95
25	17	69
25	17	47
25	17	48
25	17	34
25	17	200
25	17	102
25	17	86
25	17	70
25	92	69
25	58	6
25	58	8
25	58	155
25	58	204
25	58	34
25	18	49
25	18	5
25	18	6
25	18	145
25	18	7
25	18	8
25	18	12
25	18	63
25	18	57
25	18	58
25	18	22
25	18	24
25	18	26
25	18	54
25	18	27
25	18	28
25	18	29
25	18	30
25	18	31
25	18	32
25	18	95
25	19	1
25	19	3
25	19	4
25	19	6
25	19	8
25	19	12
25	19	13
25	19	41
25	19	58
25	19	21
25	19	43
25	19	24
25	19	109
25	19	45
25	19	28
25	19	29
25	19	30
25	19	68
25	19	32
25	19	33
25	19	95
25	19	34
25	19	102
25	20	127
25	20	47
25	21	6
25	21	15
25	21	41
25	21	17
25	21	29
25	21	30
25	21	33
25	21	34
25	22	65
25	90	4
25	90	24
25	90	120
25	65	24
25	100	186
25	141	34
25	23	113
25	23	50
25	23	29
25	23	34
25	42	169
25	43	133
25	43	53
25	43	30
25	43	33
25	43	102
25	43	70
25	82	6
25	24	0
25	24	1
25	24	2
25	24	3
25	24	49
25	24	4
25	24	5
25	24	6
25	24	145
25	24	8
25	24	11
25	24	97
25	24	12
25	24	13
25	24	15
25	24	57
25	24	58
25	24	18
25	24	19
25	24	21
25	24	22
25	24	90
25	24	65
25	24	146
25	24	42
25	24	25
25	24	26
25	24	27
25	24	29
25	24	30
25	24	68
25	24	31
25	24	95
25	24	34
25	24	86
25	25	4
25	25	9
25	59	179
25	59	107
25	59	198
25	59	205
25	109	4
25	45	19
25	45	53
25	26	7
25	26	8
25	26	24
25	26	27
25	54	104
25	54	174
25	54	24
25	91	120
25	27	24
25	27	31
25	28	2
25	28	49
25	28	72
25	28	4
25	28	5
25	28	6
25	28	8
25	28	11
25	28	12
25	28	13
25	28	17
25	28	58
25	28	19
25	28	64
25	28	21
25	28	25
25	28	26
25	28	111
25	28	68
25	28	34
25	29	13
25	29	34
25	30	6
25	30	41
25	30	131
25	30	133
25	30	43
25	30	45
25	30	53
25	30	33
25	30	34
25	30	102
25	67	40
25	68	24
25	31	24
25	31	111
25	32	3
25	32	6
25	32	8
25	32	38
25	32	12
25	32	13
25	32	19
25	32	22
25	32	24
25	33	15
25	33	19
25	33	181
25	33	21
25	33	159
25	33	133
25	33	43
25	33	30
25	33	33
25	94	64
25	69	13
25	69	27
25	69	34
25	34	116
25	34	104
25	34	0
25	34	37
25	34	121
25	34	1
25	34	2
25	34	3
25	34	49
25	34	76
25	34	72
25	34	144
25	34	185
25	34	73
25	34	125
25	34	4
25	34	5
25	34	62
25	34	6
25	34	79
25	34	74
25	34	206
25	34	145
25	34	7
25	34	8
25	34	122
25	34	9
25	34	128
25	34	50
25	34	11
25	34	97
25	34	38
25	34	12
25	34	13
25	34	63
25	34	89
25	34	180
25	34	130
25	34	15
25	34	162
25	34	16
25	34	41
25	34	17
25	34	51
25	34	58
25	34	18
25	34	106
25	34	80
25	34	19
25	34	64
25	34	21
25	34	115
25	34	183
25	34	65
25	34	100
25	34	23
25	34	146
25	34	43
25	34	24
25	34	25
25	34	59
25	34	83
25	34	45
25	34	26
25	34	155
25	34	91
25	34	28
25	34	29
25	34	30
25	34	67
25	34	167
25	34	68
25	34	31
25	34	33
25	34	85
25	34	95
25	34	69
25	34	48
25	34	189
25	34	102
25	34	86
25	86	104
25	86	73
25	86	77
25	86	4
25	86	56
25	86	140
25	86	101
25	86	124
25	86	81
25	86	24
25	86	83
25	86	46
25	86	84
25	86	70
25	86	103
26	0	104
26	0	92
26	0	120
26	0	29
26	37	8
26	37	34
26	1	0
26	1	59
26	1	53
26	2	0
26	2	8
26	2	11
26	2	97
26	2	12
26	2	22
26	2	65
26	2	27
26	2	31
26	2	69
26	2	34
26	3	2
26	3	73
26	3	5
26	3	6
26	3	78
26	3	7
26	3	8
26	3	9
26	3	11
26	3	38
26	3	12
26	3	13
26	3	89
26	3	15
26	3	16
26	3	41
26	3	17
26	3	51
26	3	58
26	3	18
26	3	19
26	3	21
26	3	115
26	3	22
26	3	90
26	3	65
26	3	100
26	3	24
26	3	25
26	3	26
26	3	54
26	3	28
26	3	46
26	3	30
26	3	68
26	3	31
26	3	32
26	3	33
26	3	48
26	3	34
26	49	24
26	73	87
26	73	43
26	73	30
26	4	4
26	4	8
26	4	11
26	4	12
26	4	19
26	4	21
26	4	95
26	4	34
26	4	86
26	5	0
26	5	2
26	5	3
26	5	6
26	5	8
26	5	11
26	5	12
26	5	41
26	5	43
26	5	27
26	5	29
26	5	111
26	5	34
26	62	29
26	62	95
26	6	0
26	6	1
26	6	2
26	6	3
26	6	73
26	6	4
26	6	5
26	6	6
26	6	7
26	6	8
26	6	50
26	6	10
26	6	11
26	6	12
26	6	13
26	6	41
26	6	17
26	6	92
26	6	58
26	6	18
26	6	19
26	6	64
26	6	181
26	6	21
26	6	159
26	6	133
26	6	42
26	6	43
26	6	66
26	6	24
26	6	25
26	6	59
26	6	120
26	6	109
26	6	26
26	6	28
26	6	29
26	6	30
26	6	135
26	6	33
26	6	69
26	6	34
26	6	86
26	7	71
26	7	8
26	7	24
26	7	26
26	7	28
26	7	68
26	8	0
26	8	1
26	8	2
26	8	3
26	8	113
26	8	76
26	8	73
26	8	4
26	8	5
26	8	6
26	8	7
26	8	9
26	8	50
26	8	11
26	8	38
26	8	12
26	8	13
26	8	89
26	8	15
26	8	57
26	8	16
26	8	17
26	8	51
26	8	92
26	8	203
26	8	58
26	8	18
26	8	19
26	8	64
26	8	21
26	8	115
26	8	22
26	8	90
26	8	65
26	8	100
26	8	24
26	8	25
26	8	59
26	8	83
26	8	26
26	8	54
26	8	27
26	8	28
26	8	29
26	8	30
26	8	111
26	8	68
26	8	31
26	8	32
26	8	95
26	8	69
26	8	48
26	8	34
26	8	86
26	9	25
26	151	66
26	11	174
26	11	13
26	11	129
26	11	54
26	11	29
26	97	28
26	38	24
26	38	25
26	38	29
26	12	37
26	12	2
26	12	3
26	12	4
26	12	5
26	12	6
26	12	79
26	12	7
26	12	8
26	12	122
26	12	151
26	12	10
26	12	11
26	12	97
26	12	38
26	12	13
26	12	41
26	12	17
26	12	18
26	12	19
26	12	64
26	12	21
26	12	90
26	12	24
26	12	83
26	12	26
26	12	54
26	12	134
26	12	28
26	12	29
26	12	30
26	12	69
26	12	48
26	12	34
26	12	86
26	13	0
26	13	2
26	13	3
26	13	77
26	13	5
26	13	6
26	13	7
26	13	8
26	13	9
26	13	11
26	13	97
26	13	38
26	13	12
26	13	89
26	13	57
26	13	17
26	13	51
26	13	58
26	13	18
26	13	19
26	13	21
26	13	22
26	13	90
26	13	146
26	13	42
26	13	24
26	13	25
26	13	59
26	13	45
26	13	26
26	13	54
26	13	27
26	13	28
26	13	29
26	13	111
26	13	31
26	13	32
26	13	33
26	13	48
26	13	34
26	89	145
26	89	33
26	15	5
26	15	6
26	15	8
26	15	17
26	15	21
26	15	43
26	15	24
26	15	30
26	15	34
26	16	24
26	41	3
26	41	30
26	41	34
26	17	0
26	17	55
26	17	3
26	17	161
26	17	49
26	17	113
26	17	4
26	17	5
26	17	6
26	17	79
26	17	8
26	17	10
26	17	163
26	17	107
26	17	13
26	17	129
26	17	41
26	17	18
26	17	80
26	17	20
26	17	99
26	17	131
26	17	100
26	17	184
26	17	23
26	17	133
26	17	43
26	17	82
26	17	24
26	17	176
26	17	59
26	17	120
26	17	109
26	17	83
26	17	45
26	17	26
26	17	91
26	17	29
26	17	84
26	17	33
26	17	95
26	17	69
26	17	47
26	17	34
26	17	102
26	17	86
26	17	70
26	51	34
26	58	204
26	58	69
26	18	4
26	18	7
26	18	8
26	18	11
26	18	89
26	18	22
26	18	54
26	18	27
26	18	28
26	18	29
26	18	31
26	18	95
26	19	3
26	19	4
26	19	6
26	19	7
26	19	8
26	19	12
26	19	13
26	19	15
26	19	41
26	19	17
26	19	18
26	19	21
26	19	43
26	19	24
26	19	109
26	19	28
26	19	29
26	19	33
26	19	34
26	19	102
26	20	127
26	20	47
26	21	6
26	21	15
26	21	41
26	21	19
26	21	25
26	21	30
26	21	33
26	21	34
26	22	65
26	65	24
26	100	186
26	23	144
26	23	134
26	23	29
26	146	13
26	43	41
26	43	159
26	43	53
26	43	30
26	43	102
26	82	8
26	24	0
26	24	1
26	24	2
26	24	3
26	24	49
26	24	4
26	24	5
26	24	6
26	24	145
26	24	8
26	24	11
26	24	97
26	24	38
26	24	12
26	24	13
26	24	89
26	24	15
26	24	57
26	24	16
26	24	17
26	24	58
26	24	18
26	24	21
26	24	115
26	24	22
26	24	90
26	24	65
26	24	146
26	24	59
26	24	109
26	24	26
26	24	27
26	24	29
26	24	30
26	24	68
26	24	31
26	24	95
26	24	34
26	24	86
26	25	4
26	25	69
26	59	107
26	83	87
26	45	19
26	26	7
26	26	8
26	26	12
26	26	27
26	26	31
26	54	104
26	54	11
26	28	2
26	28	72
26	28	5
26	28	6
26	28	7
26	28	8
26	28	11
26	28	12
26	28	13
26	28	17
26	28	19
26	28	64
26	28	21
26	28	65
26	28	25
26	28	26
26	28	69
26	28	34
26	28	102
26	30	6
26	30	41
26	30	131
26	30	43
26	30	45
26	30	33
26	30	34
26	31	71
26	31	111
26	31	86
26	32	38
26	32	13
26	32	24
26	32	29
26	33	15
26	33	19
26	33	181
26	33	159
26	33	133
26	69	203
26	69	54
26	48	26
26	34	116
26	34	0
26	34	37
26	34	1
26	34	2
26	34	3
26	34	76
26	34	144
26	34	185
26	34	73
26	34	4
26	34	5
26	34	62
26	34	6
26	34	79
26	34	74
26	34	206
26	34	188
26	34	7
26	34	8
26	34	122
26	34	9
26	34	128
26	34	50
26	34	11
26	34	38
26	34	107
26	34	12
26	34	13
26	34	89
26	34	180
26	34	15
26	34	162
26	34	196
26	34	41
26	34	17
26	34	51
26	34	123
26	34	58
26	34	18
26	34	106
26	34	80
26	34	19
26	34	64
26	34	21
26	34	115
26	34	159
26	34	99
26	34	22
26	34	184
26	34	23
26	34	43
26	34	24
26	34	25
26	34	59
26	34	44
26	34	83
26	34	45
26	34	26
26	34	91
26	34	27
26	34	28
26	34	29
26	34	30
26	34	111
26	34	167
26	34	68
26	34	31
26	34	32
26	34	33
26	34	85
26	34	95
26	34	69
26	34	189
26	34	102
26	34	86
26	102	181
26	86	73
26	86	77
26	86	4
26	86	56
26	86	63
26	86	20
26	86	140
26	86	101
26	86	124
26	86	81
26	86	84
26	86	70
26	86	103
27	0	129
27	0	15
27	0	92
27	0	203
27	0	115
27	0	120
27	0	91
27	0	29
27	37	8
27	37	34
27	1	0
27	1	59
27	1	53
27	2	4
27	2	5
27	2	6
27	2	145
27	2	7
27	2	8
27	2	128
27	2	11
27	2	12
27	2	13
27	2	89
27	2	57
27	2	17
27	2	99
27	2	65
27	2	111
27	2	31
27	2	69
27	2	103
27	3	1
27	3	2
27	3	5
27	3	6
27	3	7
27	3	8
27	3	9
27	3	11
27	3	38
27	3	12
27	3	13
27	3	89
27	3	15
27	3	16
27	3	51
27	3	58
27	3	18
27	3	19
27	3	21
27	3	22
27	3	65
27	3	133
27	3	43
27	3	24
27	3	26
27	3	54
27	3	91
27	3	28
27	3	30
27	3	111
27	3	68
27	3	31
27	3	32
27	3	33
27	3	69
27	3	48
27	3	34
27	3	102
27	49	24
27	49	27
27	73	87
27	73	131
27	73	43
27	73	109
27	73	155
27	73	30
27	4	125
27	4	4
27	4	8
27	4	11
27	4	12
27	4	15
27	4	21
27	4	23
27	4	95
27	4	34
27	4	86
27	5	2
27	5	3
27	5	4
27	5	8
27	5	9
27	5	38
27	5	13
27	5	21
27	5	24
27	5	29
27	5	111
27	5	34
27	6	0
27	6	37
27	6	2
27	6	3
27	6	113
27	6	73
27	6	4
27	6	5
27	6	62
27	6	6
27	6	7
27	6	8
27	6	9
27	6	11
27	6	107
27	6	12
27	6	13
27	6	129
27	6	41
27	6	17
27	6	51
27	6	92
27	6	58
27	6	18
27	6	19
27	6	21
27	6	159
27	6	131
27	6	100
27	6	133
27	6	101
27	6	42
27	6	43
27	6	82
27	6	24
27	6	25
27	6	176
27	6	120
27	6	109
27	6	26
27	6	28
27	6	29
27	6	30
27	6	32
27	6	33
27	6	95
27	6	69
27	6	34
27	6	86
27	6	70
27	74	34
27	7	8
27	7	19
27	7	24
27	7	28
27	7	68
27	8	0
27	8	1
27	8	2
27	8	3
27	8	49
27	8	73
27	8	4
27	8	5
27	8	6
27	8	7
27	8	9
27	8	50
27	8	11
27	8	97
27	8	38
27	8	12
27	8	13
27	8	14
27	8	89
27	8	57
27	8	16
27	8	41
27	8	17
27	8	51
27	8	58
27	8	18
27	8	19
27	8	21
27	8	115
27	8	22
27	8	90
27	8	65
27	8	100
27	8	24
27	8	25
27	8	83
27	8	26
27	8	54
27	8	155
27	8	27
27	8	28
27	8	29
27	8	30
27	8	68
27	8	31
27	8	32
27	8	33
27	8	95
27	8	69
27	8	48
27	8	34
27	8	86
27	9	25
27	9	31
27	9	32
27	10	29
27	11	0
27	11	113
27	11	8
27	11	12
27	11	18
27	11	24
27	11	54
27	11	27
27	11	29
27	38	5
27	38	11
27	38	24
27	38	29
27	12	0
27	12	2
27	12	3
27	12	4
27	12	5
27	12	6
27	12	8
27	12	11
27	12	13
27	12	57
27	12	18
27	12	21
27	12	90
27	12	100
27	12	26
27	12	54
27	12	28
27	12	29
27	12	95
27	12	48
27	12	34
27	12	102
27	12	86
27	13	117
27	13	2
27	13	3
27	13	113
27	13	5
27	13	6
27	13	7
27	13	8
27	13	9
27	13	11
27	13	12
27	13	129
27	13	16
27	13	17
27	13	51
27	13	18
27	13	21
27	13	22
27	13	90
27	13	65
27	13	146
27	13	24
27	13	45
27	13	27
27	13	28
27	13	29
27	13	30
27	13	111
27	13	32
27	13	33
27	13	95
27	13	69
27	13	48
27	13	34
27	13	86
27	89	145
27	89	24
27	89	27
27	40	162
27	15	0
27	15	73
27	15	5
27	15	6
27	15	8
27	15	17
27	15	18
27	15	21
27	15	24
27	15	34
27	16	24
27	16	45
27	16	68
27	41	3
27	41	215
27	41	34
27	17	0
27	17	2
27	17	3
27	17	49
27	17	113
27	17	71
27	17	73
27	17	191
27	17	4
27	17	5
27	17	6
27	17	79
27	17	7
27	17	8
27	17	10
27	17	11
27	17	163
27	17	12
27	17	13
27	17	41
27	17	18
27	17	19
27	17	20
27	17	21
27	17	99
27	17	199
27	17	131
27	17	100
27	17	23
27	17	133
27	17	42
27	17	43
27	17	82
27	17	176
27	17	120
27	17	109
27	17	83
27	17	45
27	17	53
27	17	26
27	17	91
27	17	28
27	17	29
27	17	46
27	17	30
27	17	33
27	17	69
27	17	47
27	17	34
27	17	200
27	17	102
27	17	86
27	51	3
27	51	24
27	58	4
27	58	6
27	58	8
27	58	17
27	18	4
27	18	5
27	18	8
27	18	11
27	18	38
27	18	57
27	18	24
27	18	27
27	18	28
27	18	29
27	18	31
27	18	34
27	19	0
27	19	3
27	19	4
27	19	8
27	19	12
27	19	13
27	19	41
27	19	17
27	19	21
27	19	43
27	19	109
27	19	26
27	19	28
27	19	29
27	19	68
27	19	32
27	19	33
27	19	34
27	20	127
27	21	2
27	21	127
27	21	6
27	21	15
27	21	41
27	21	19
27	21	28
27	21	30
27	21	33
27	21	34
27	21	102
27	22	4
27	22	65
27	22	34
27	90	2
27	90	12
27	65	4
27	65	11
27	65	22
27	65	24
27	65	34
27	100	186
27	23	40
27	23	44
27	23	134
27	23	29
27	152	24
27	43	41
27	43	19
27	43	24
27	43	53
27	82	6
27	82	19
27	82	43
27	82	34
27	82	102
27	24	0
27	24	1
27	24	2
27	24	3
27	24	49
27	24	5
27	24	145
27	24	7
27	24	8
27	24	9
27	24	11
27	24	97
27	24	12
27	24	13
27	24	89
27	24	15
27	24	57
27	24	17
27	24	58
27	24	18
27	24	19
27	24	21
27	24	90
27	24	65
27	24	146
27	24	25
27	24	26
27	24	29
27	24	30
27	24	68
27	24	31
27	24	34
27	25	1
27	25	6
27	25	38
27	59	107
27	59	198
27	120	109
27	45	19
27	45	34
27	26	71
27	26	7
27	26	8
27	26	12
27	26	24
27	26	31
27	54	193
27	91	120
27	27	18
27	28	2
27	28	49
27	28	72
27	28	73
27	28	4
27	28	5
27	28	6
27	28	7
27	28	8
27	28	11
27	28	12
27	28	17
27	28	19
27	28	64
27	28	21
27	28	65
27	28	29
27	28	68
27	28	33
27	28	69
27	28	34
27	28	86
27	29	113
27	29	115
27	30	139
27	30	41
27	30	92
27	30	43
27	30	45
27	30	29
27	30	33
27	30	34
27	68	24
27	68	26
27	68	27
27	31	72
27	31	57
27	31	20
27	31	111
27	32	6
27	32	38
27	32	19
27	32	24
27	32	25
27	32	69
27	32	34
27	33	13
27	33	15
27	33	19
27	33	181
27	33	159
27	33	133
27	33	42
27	33	45
27	69	3
27	69	49
27	69	73
27	69	5
27	69	8
27	69	9
27	69	11
27	69	13
27	69	14
27	69	51
27	69	92
27	69	203
27	69	58
27	69	115
27	69	100
27	69	29
27	69	111
27	69	31
27	34	116
27	34	0
27	34	37
27	34	1
27	34	2
27	34	3
27	34	49
27	34	76
27	34	144
27	34	185
27	34	87
27	34	73
27	34	4
27	34	5
27	34	62
27	34	6
27	34	79
27	34	74
27	34	145
27	34	7
27	34	8
27	34	9
27	34	128
27	34	50
27	34	11
27	34	38
27	34	12
27	34	13
27	34	63
27	34	89
27	34	180
27	34	15
27	34	57
27	34	196
27	34	16
27	34	41
27	34	17
27	34	51
27	34	203
27	34	58
27	34	18
27	34	80
27	34	19
27	34	64
27	34	21
27	34	115
27	34	90
27	34	65
27	34	23
27	34	42
27	34	43
27	34	81
27	34	82
27	34	24
27	34	25
27	34	59
27	34	44
27	34	83
27	34	45
27	34	26
27	34	91
27	34	27
27	34	28
27	34	29
27	34	30
27	34	67
27	34	111
27	34	68
27	34	31
27	34	32
27	34	33
27	34	85
27	34	95
27	34	69
27	34	48
27	34	168
27	34	189
27	34	102
27	34	86
27	102	181
27	102	133
27	86	104
27	86	77
27	86	12
27	86	13
27	86	140
27	86	101
27	86	124
27	86	81
27	86	84
27	86	70
27	86	103
28	0	13
28	0	129
28	0	131
28	0	25
28	0	109
28	0	29
28	0	136
28	1	59
28	2	105
28	2	55
28	2	5
28	2	8
28	2	16
28	2	19
28	2	24
28	2	31
28	2	69
28	3	0
28	3	2
28	3	4
28	3	5
28	3	6
28	3	8
28	3	11
28	3	97
28	3	12
28	3	13
28	3	89
28	3	15
28	3	16
28	3	17
28	3	51
28	3	58
28	3	18
28	3	19
28	3	21
28	3	22
28	3	24
28	3	25
28	3	26
28	3	54
28	3	27
28	3	28
28	3	29
28	3	30
28	3	68
28	3	31
28	3	32
28	3	169
28	3	33
28	3	34
28	49	2
28	49	55
28	49	50
28	49	24
28	49	27
28	49	69
28	73	87
28	73	8
28	73	43
28	73	109
28	73	155
28	73	30
28	4	4
28	4	157
28	4	12
28	4	129
28	4	34
28	4	86
28	5	2
28	5	3
28	5	73
28	5	8
28	5	11
28	5	12
28	5	90
28	5	65
28	5	43
28	5	27
28	5	29
28	5	32
28	5	34
28	6	0
28	6	1
28	6	2
28	6	3
28	6	113
28	6	71
28	6	73
28	6	4
28	6	5
28	6	6
28	6	7
28	6	8
28	6	9
28	6	50
28	6	11
28	6	12
28	6	13
28	6	15
28	6	57
28	6	41
28	6	17
28	6	92
28	6	58
28	6	18
28	6	19
28	6	181
28	6	21
28	6	199
28	6	65
28	6	133
28	6	101
28	6	43
28	6	24
28	6	25
28	6	109
28	6	45
28	6	26
28	6	155
28	6	28
28	6	29
28	6	30
28	6	33
28	6	95
28	6	69
28	6	34
28	6	86
28	6	70
28	79	13
28	145	24
28	7	100
28	7	175
28	7	24
28	7	68
28	8	0
28	8	1
28	8	2
28	8	3
28	8	49
28	8	73
28	8	4
28	8	5
28	8	62
28	8	6
28	8	7
28	8	9
28	8	11
28	8	97
28	8	38
28	8	12
28	8	13
28	8	14
28	8	129
28	8	89
28	8	57
28	8	16
28	8	41
28	8	17
28	8	58
28	8	18
28	8	19
28	8	21
28	8	90
28	8	65
28	8	100
28	8	24
28	8	25
28	8	26
28	8	54
28	8	27
28	8	28
28	8	29
28	8	30
28	8	68
28	8	31
28	8	32
28	8	95
28	8	69
28	8	34
28	8	86
28	9	3
28	9	49
28	9	190
28	9	24
28	9	32
28	128	73
28	50	24
28	50	31
28	11	157
28	11	7
28	11	8
28	11	128
28	11	12
28	11	129
28	11	18
28	11	24
28	11	54
28	11	27
28	11	29
28	11	33
28	97	24
28	38	24
28	38	29
28	38	34
28	12	104
28	12	138
28	12	0
28	12	2
28	12	3
28	12	4
28	12	5
28	12	6
28	12	119
28	12	7
28	12	8
28	12	151
28	12	11
28	12	38
28	12	13
28	12	89
28	12	17
28	12	18
28	12	19
28	12	21
28	12	90
28	12	100
28	12	24
28	12	25
28	12	26
28	12	54
28	12	27
28	12	29
28	12	33
28	12	95
28	12	34
28	13	105
28	13	1
28	13	2
28	13	3
28	13	4
28	13	5
28	13	7
28	13	8
28	13	9
28	13	11
28	13	38
28	13	12
28	13	129
28	13	89
28	13	15
28	13	17
28	13	51
28	13	123
28	13	58
28	13	18
28	13	19
28	13	21
28	13	90
28	13	42
28	13	24
28	13	109
28	13	45
28	13	26
28	13	54
28	13	27
28	13	29
28	13	30
28	13	32
28	13	33
28	13	34
28	13	86
28	89	145
28	89	18
28	89	24
28	89	27
28	40	67
28	15	2
28	15	5
28	15	6
28	15	8
28	15	17
28	15	21
28	15	24
28	15	26
28	57	71
28	57	132
28	57	24
28	16	8
28	16	24
28	41	3
28	41	21
28	41	34
28	17	0
28	17	3
28	17	161
28	17	113
28	17	191
28	17	4
28	17	5
28	17	6
28	17	79
28	17	7
28	17	8
28	17	9
28	17	11
28	17	12
28	17	13
28	17	63
28	17	16
28	17	41
28	17	203
28	17	58
28	17	18
28	17	19
28	17	20
28	17	21
28	17	131
28	17	100
28	17	184
28	17	23
28	17	133
28	17	43
28	17	176
28	17	109
28	17	83
28	17	45
28	17	26
28	17	28
28	17	29
28	17	46
28	17	111
28	17	33
28	17	85
28	17	95
28	17	69
28	17	47
28	17	34
28	17	102
28	17	86
28	51	3
28	51	8
28	51	11
28	51	24
28	58	6
28	58	8
28	58	24
28	18	73
28	18	4
28	18	6
28	18	8
28	18	50
28	18	11
28	18	42
28	18	24
28	18	27
28	18	29
28	18	68
28	18	34
28	19	3
28	19	73
28	19	4
28	19	6
28	19	8
28	19	11
28	19	12
28	19	13
28	19	41
28	19	17
28	19	51
28	19	21
28	19	43
28	19	109
28	19	45
28	19	26
28	19	33
28	19	34
28	64	13
28	20	127
28	20	47
28	21	6
28	21	7
28	21	11
28	21	15
28	21	41
28	21	17
28	21	19
28	21	43
28	21	24
28	21	30
28	21	33
28	21	34
28	22	4
28	22	65
28	22	24
28	90	2
28	90	18
28	90	24
28	65	4
28	65	24
28	65	34
28	100	186
28	141	69
28	141	34
28	23	34
28	153	17
28	154	4
28	42	169
28	43	53
28	43	30
28	43	33
28	81	86
28	82	6
28	82	8
28	82	13
28	82	43
28	82	24
28	82	165
28	24	2
28	24	3
28	24	49
28	24	71
28	24	5
28	24	145
28	24	7
28	24	8
28	24	9
28	24	11
28	24	97
28	24	38
28	24	12
28	24	13
28	24	89
28	24	15
28	24	57
28	24	16
28	24	17
28	24	51
28	24	123
28	24	18
28	24	22
28	24	90
28	24	65
28	24	146
28	24	43
28	24	25
28	24	26
28	24	54
28	24	27
28	24	29
28	24	68
28	24	31
28	24	32
28	24	69
28	24	34
28	25	4
28	59	107
28	109	6
28	26	7
28	26	8
28	26	11
28	26	24
28	26	27
28	26	31
28	54	104
28	54	174
28	54	24
28	54	25
28	27	145
28	27	24
28	27	26
28	28	2
28	28	73
28	28	4
28	28	5
28	28	6
28	28	7
28	28	8
28	28	11
28	28	12
28	28	17
28	28	19
28	28	64
28	28	21
28	28	25
28	28	33
28	28	69
28	28	34
28	29	0
28	29	115
28	30	41
28	30	18
28	30	131
28	30	43
28	30	45
28	30	29
28	30	33
28	30	34
28	30	102
28	111	71
28	68	11
28	68	175
28	68	24
28	68	27
28	68	31
28	68	69
28	31	10
28	31	24
28	31	111
28	32	38
28	32	24
28	33	15
28	33	19
28	33	181
28	33	90
28	33	184
28	33	133
28	33	42
28	33	33
28	69	138
28	69	55
28	69	7
28	69	8
28	69	13
28	69	14
28	69	16
28	69	92
28	69	58
28	69	99
28	69	24
28	69	26
28	69	28
28	69	111
28	69	32
28	69	34
28	34	116
28	34	104
28	34	0
28	34	37
28	34	1
28	34	2
28	34	3
28	34	49
28	34	76
28	34	144
28	34	185
28	34	73
28	34	4
28	34	5
28	34	62
28	34	6
28	34	79
28	34	145
28	34	7
28	34	8
28	34	9
28	34	128
28	34	50
28	34	11
28	34	38
28	34	12
28	34	13
28	34	89
28	34	180
28	34	40
28	34	15
28	34	16
28	34	41
28	34	17
28	34	51
28	34	123
28	34	58
28	34	18
28	34	106
28	34	80
28	34	19
28	34	21
28	34	99
28	34	22
28	34	23
28	34	133
28	34	217
28	34	43
28	34	81
28	34	82
28	34	126
28	34	24
28	34	25
28	34	59
28	34	109
28	34	44
28	34	83
28	34	45
28	34	26
28	34	54
28	34	91
28	34	29
28	34	30
28	34	67
28	34	111
28	34	167
28	34	31
28	34	32
28	34	33
28	34	95
28	34	69
28	34	168
28	34	35
28	34	102
28	34	86
28	102	181
28	102	133
28	86	104
28	86	0
28	86	77
28	86	56
28	86	63
28	86	21
28	86	140
28	86	101
28	86	124
28	86	81
28	86	24
28	86	84
28	86	47
28	86	70
28	86	103
29	0	5
29	0	129
29	37	62
29	1	107
29	1	108
29	1	205
29	2	5
29	2	8
29	2	97
29	2	12
29	2	16
29	2	17
29	2	19
29	2	22
29	2	65
29	2	24
29	2	27
29	2	31
29	2	34
29	3	2
29	3	49
29	3	4
29	3	5
29	3	62
29	3	6
29	3	7
29	3	8
29	3	9
29	3	11
29	3	97
29	3	12
29	3	13
29	3	89
29	3	57
29	3	16
29	3	51
29	3	58
29	3	18
29	3	19
29	3	21
29	3	22
29	3	90
29	3	65
29	3	100
29	3	24
29	3	26
29	3	54
29	3	27
29	3	29
29	3	68
29	3	31
29	3	32
29	3	33
29	3	69
29	3	48
29	3	34
29	3	102
29	49	24
29	49	27
29	49	28
29	49	95
29	73	87
29	73	62
29	73	18
29	73	43
29	73	24
29	73	30
29	4	4
29	4	6
29	4	12
29	4	21
29	4	43
29	4	25
29	4	33
29	4	34
29	4	86
29	5	2
29	5	6
29	5	8
29	5	11
29	5	12
29	5	13
29	5	18
29	5	90
29	5	43
29	5	26
29	5	32
29	5	34
29	6	0
29	6	1
29	6	2
29	6	3
29	6	113
29	6	73
29	6	4
29	6	5
29	6	62
29	6	6
29	6	7
29	6	8
29	6	9
29	6	11
29	6	38
29	6	12
29	6	13
29	6	41
29	6	17
29	6	92
29	6	58
29	6	18
29	6	19
29	6	181
29	6	21
29	6	131
29	6	65
29	6	133
29	6	43
29	6	82
29	6	24
29	6	25
29	6	109
29	6	54
29	6	155
29	6	27
29	6	28
29	6	30
29	6	31
29	6	33
29	6	95
29	6	69
29	6	47
29	6	34
29	6	102
29	6	86
29	6	70
29	56	69
29	7	15
29	7	24
29	7	68
29	7	69
29	8	0
29	8	1
29	8	2
29	8	3
29	8	49
29	8	73
29	8	4
29	8	5
29	8	6
29	8	79
29	8	7
29	8	9
29	8	11
29	8	38
29	8	12
29	8	13
29	8	89
29	8	57
29	8	16
29	8	17
29	8	51
29	8	123
29	8	18
29	8	19
29	8	21
29	8	22
29	8	90
29	8	65
29	8	100
29	8	43
29	8	24
29	8	25
29	8	120
29	8	83
29	8	26
29	8	54
29	8	27
29	8	30
29	8	68
29	8	31
29	8	32
29	8	33
29	8	95
29	8	69
29	8	48
29	8	34
29	8	86
29	9	24
29	9	32
29	11	2
29	11	7
29	11	8
29	11	12
29	11	90
29	11	24
29	11	54
29	97	24
29	38	24
29	12	138
29	12	2
29	12	3
29	12	4
29	12	5
29	12	6
29	12	79
29	12	7
29	12	8
29	12	122
29	12	11
29	12	38
29	12	13
29	12	17
29	12	18
29	12	19
29	12	21
29	12	90
29	12	100
29	12	24
29	12	25
29	12	26
29	12	54
29	12	27
29	12	30
29	12	68
29	12	33
29	12	34
29	13	1
29	13	2
29	13	3
29	13	49
29	13	73
29	13	4
29	13	5
29	13	7
29	13	8
29	13	9
29	13	11
29	13	38
29	13	12
29	13	13
29	13	129
29	13	15
29	13	16
29	13	17
29	13	51
29	13	18
29	13	19
29	13	64
29	13	20
29	13	21
29	13	90
29	13	100
29	13	43
29	13	24
29	13	25
29	13	120
29	13	45
29	13	54
29	13	32
29	13	169
29	13	34
29	13	200
29	39	21
29	129	64
29	89	145
29	89	24
29	89	27
29	40	144
29	15	17
29	15	21
29	15	24
29	15	30
29	15	34
29	57	24
29	16	7
29	16	24
29	16	27
29	16	111
29	41	3
29	41	24
29	41	30
29	17	104
29	17	0
29	17	3
29	17	4
29	17	6
29	17	79
29	17	8
29	17	10
29	17	11
29	17	163
29	17	107
29	17	12
29	17	13
29	17	63
29	17	89
29	17	41
29	17	19
29	17	20
29	17	21
29	17	99
29	17	199
29	17	131
29	17	90
29	17	184
29	17	133
29	17	43
29	17	82
29	17	24
29	17	176
29	17	120
29	17	109
29	17	83
29	17	45
29	17	26
29	17	91
29	17	28
29	17	111
29	17	33
29	17	69
29	17	47
29	17	34
29	17	102
29	17	86
29	17	70
29	17	103
29	51	8
29	51	13
29	51	21
29	51	24
29	51	27
29	51	32
29	58	6
29	58	31
29	18	138
29	18	2
29	18	3
29	18	73
29	18	4
29	18	6
29	18	11
29	18	57
29	18	90
29	18	24
29	18	54
29	18	27
29	18	111
29	18	31
29	18	95
29	18	69
29	18	34
29	18	136
29	19	3
29	19	73
29	19	4
29	19	5
29	19	6
29	19	8
29	19	12
29	19	41
29	19	17
29	19	21
29	19	43
29	19	24
29	19	109
29	19	45
29	19	33
29	19	69
29	19	34
29	19	102
29	20	127
29	21	1
29	21	4
29	21	5
29	21	6
29	21	8
29	21	12
29	21	15
29	21	41
29	21	30
29	21	33
29	21	34
29	115	12
29	99	56
29	131	90
29	22	72
29	22	65
29	22	24
29	90	12
29	90	24
29	65	8
29	65	24
29	100	186
29	23	4
29	23	8
29	23	34
29	43	139
29	43	56
29	43	8
29	43	163
29	43	41
29	43	53
29	43	30
29	43	33
29	82	6
29	82	13
29	82	69
29	24	2
29	24	3
29	24	49
29	24	5
29	24	145
29	24	7
29	24	8
29	24	9
29	24	11
29	24	97
29	24	38
29	24	12
29	24	13
29	24	89
29	24	57
29	24	16
29	24	17
29	24	51
29	24	18
29	24	20
29	24	22
29	24	90
29	24	65
29	24	146
29	24	25
29	24	26
29	24	54
29	24	27
29	24	68
29	24	31
29	24	32
29	24	34
29	25	73
29	25	4
29	25	18
29	25	34
29	83	62
29	26	7
29	26	13
29	26	24
29	26	27
29	54	104
29	54	24
29	27	145
29	27	24
29	27	26
29	28	2
29	28	4
29	28	6
29	28	8
29	28	11
29	28	12
29	28	17
29	28	19
29	28	64
29	28	21
29	28	65
29	28	25
29	28	30
29	28	69
29	28	34
29	29	18
29	30	41
29	30	181
29	30	184
29	30	43
29	30	33
29	111	21
29	111	152
29	68	14
29	68	24
29	68	26
29	68	31
29	31	57
29	31	18
29	31	24
29	31	45
29	31	111
29	31	31
29	32	18
29	32	24
29	32	25
29	33	15
29	33	19
29	33	159
29	33	90
29	33	133
29	33	24
29	33	30
29	85	130
29	69	5
29	69	6
29	69	8
29	69	97
29	69	16
29	69	58
29	69	18
29	69	64
29	69	24
29	69	26
29	69	54
29	69	27
29	69	28
29	69	29
29	69	46
29	69	68
29	69	33
29	69	34
29	69	200
29	69	103
29	60	6
29	47	127
29	47	60
29	34	116
29	34	104
29	34	0
29	34	37
29	34	1
29	34	2
29	34	3
29	34	49
29	34	76
29	34	144
29	34	185
29	34	87
29	34	73
29	34	125
29	34	4
29	34	5
29	34	62
29	34	6
29	34	79
29	34	74
29	34	188
29	34	7
29	34	8
29	34	122
29	34	9
29	34	128
29	34	50
29	34	11
29	34	97
29	34	163
29	34	38
29	34	12
29	34	13
29	34	63
29	34	89
29	34	180
29	34	40
29	34	130
29	34	15
29	34	162
29	34	16
29	34	41
29	34	17
29	34	51
29	34	123
29	34	58
29	34	18
29	34	106
29	34	19
29	34	64
29	34	21
29	34	23
29	34	133
29	34	42
29	34	43
29	34	82
29	34	24
29	34	25
29	34	59
29	34	83
29	34	45
29	34	26
29	34	54
29	34	30
29	34	111
29	34	31
29	34	32
29	34	33
29	34	85
29	34	69
29	34	168
29	34	189
29	34	35
29	34	102
29	34	86
29	102	181
29	86	77
29	86	56
29	86	119
29	86	140
29	86	101
29	86	42
29	86	124
29	86	81
29	86	84
29	86	47
29	86	86
29	86	70
29	86	103
29	70	56